interest_code,rank,external_id,canonical_name,destination_key,category,score
NGHI_DUONG,1,vung_tau:suoi_nuoc_nong_binh_chau,Suối Nước Nóng Bình Châu,vung_tau,nature,2.64
NGHI_DUONG,2,da_lat:ho_xuan_huong,Hồ Xuân Hương,da_lat,lake,2.26
NGHI_DUONG,3,vung_tau:ho_suoi_mo_binh_chau,Hồ Suối Mơ Bình Châu,vung_tau,lake,2.2
NGHI_DUONG,4,vung_tau:ho_may,Hồ Mây,vung_tau,lake,2.2
NGHI_DUONG,5,vung_tau:bien_ho_tram,Biển Hồ Tràm,vung_tau,lake,2.2
NGHI_DUONG,6,vung_tau:bien_ho_coc,Biển Hồ Cốc,vung_tau,lake,2.2
NGHI_DUONG,7,ha_noi:lang_chu_tich_ho_chi_minh,Lăng Chủ Tịch Hồ Chí Minh,ha_noi,lake,2.2
NGHI_DUONG,8,ha_noi:ho_tay,Hồ Tây,ha_noi,lake,2.2
NGHI_DUONG,9,ha_noi:ho_hoan_kiem,Hồ Hoàn Kiếm,ha_noi,lake,2.2
NGHI_DUONG,10,ha_noi:ho_dai_lai,Hồ Đại Lải,ha_noi,lake,2.2
THIEN_NHIEN,1,vung_tau:doi_cuu_suoi_nghe,Đồi Cừu Suối Nghệ,vung_tau,nature,2.76
THIEN_NHIEN,2,vung_tau:ho_suoi_mo_binh_chau,Hồ Suối Mơ Bình Châu,vung_tau,lake,2.72
THIEN_NHIEN,3,phan_thiet:suoi_tien,Suối Tiên,phan_thiet,lake,2.72
THIEN_NHIEN,4,vung_tau:suoi_nuoc_nong_binh_chau,Suối Nước Nóng Bình Châu,vung_tau,nature,2.12
THIEN_NHIEN,5,vung_tau:suoi_da,Suối Đá,vung_tau,nature,2.12
THIEN_NHIEN,6,vung_tau:deo_nuoc_ngot,Đèo Nước Ngọt,vung_tau,nature,2.12
THIEN_NHIEN,7,phan_thiet:doi_cat_bay,Đồi Cát Bay,phan_thiet,nature,2.12
THIEN_NHIEN,8,ha_noi:vuon_quoc_gia_ba_vi,Vườn Quốc Gia Ba Vì,ha_noi,nature,2.12
THIEN_NHIEN,9,da_nang_hue_hoi_an:doi_vong_canh,Đồi Vọng Cảnh,da_nang_hue_hoi_an,nature,2.12
THIEN_NHIEN,10,da_nang_hue_hoi_an:deo_hai_van,Đèo Hải Vân,da_nang_hue_hoi_an,nature,2.12
VAN_HOA,1,phan_thiet:bao_tang_ngoc_trai,Bảo Tàng Ngọc Trai,phan_thiet,heritage,3.2
VAN_HOA,2,ha_noi:bao_tang_dan_toc_hoc,Bảo Tàng Dân Tộc Học,ha_noi,heritage,3.2
VAN_HOA,3,da_lat:bao_tang_madame_de,Bảo Tàng Madame De,da_lat,heritage,3.2
VAN_HOA,4,vung_tau:niet_ban_tinh_xa,Niết Bàn Tịnh Xá,vung_tau,heritage,2.76
VAN_HOA,5,vung_tau:lang_ca_ong,Lăng Cá Ông,vung_tau,heritage,2.76
VAN_HOA,6,phan_thiet:lang_chai_mui_ne,Làng Chài Mũi Né,phan_thiet,heritage,2.76
VAN_HOA,7,ha_noi:lang_gom_bat_trang,Làng Gốm Bát Tràng,ha_noi,heritage,2.76
VAN_HOA,8,ha_noi:lang_co_duong_lam,Làng Cổ Đường Lâm,ha_noi,heritage,2.76
VAN_HOA,9,ha_noi:lang_chu_tich_ho_chi_minh,Lăng Chủ Tịch Hồ Chí Minh,ha_noi,lake,2.76
VAN_HOA,10,da_nang_hue_hoi_an:lang_tu_duc,Lăng Tự Đức,da_nang_hue_hoi_an,heritage,2.76
AM_THUC,1,da_lat:lang_art_cafe,Lặng Art Café,da_lat,food,2.48
AM_THUC,2,da_lat:cafe_mien_du_muc,Cafe Miền Du Mục,da_lat,food,2.24
AM_THUC,3,da_lat:cafe_me_linh,Cafe Mê Linh,da_lat,food,2.24
AM_THUC,4,phan_thiet:cho_phan_thiet,Chợ Phan Thiết,phan_thiet,market,1.64
AM_THUC,5,da_nang_hue_hoi_an:cho_dong_ba,Chợ Đông Ba,da_nang_hue_hoi_an,market,1.64
AM_THUC,6,da_lat:tiem_nuong_chuyen_tau_hoang_hon,Tiệm Nướng Chuyến Tàu Hoàng Hôn,da_lat,food,1.64
AM_THUC,7,da_lat:puppy_farm,Puppy Farm,da_lat,food,1.64
AM_THUC,8,da_lat:happy_hill,Happy Hill,da_lat,food,1.64
AM_THUC,9,da_lat:cho_da_lat,Chợ Đà Lạt,da_lat,market,1.64
AM_THUC,10,vung_tau:niet_ban_tinh_xa,Niết Bàn Tịnh Xá,vung_tau,heritage,0.24
CHECKIN_HOT,1,da_lat:vuon_hoa_thanh_pho,Vườn Hoa Thành Phố,da_lat,landmark,2.72
CHECKIN_HOT,2,da_lat:vuon_dia_dang,Vườn Địa Đàng,da_lat,landmark,2.72
CHECKIN_HOT,3,da_lat:vuon_dau_da_lat,Vườn Dâu Đà Lạt,da_lat,landmark,2.72
CHECKIN_HOT,4,da_lat:vuon_chau_au,Vườn Châu Âu,da_lat,landmark,2.72
CHECKIN_HOT,5,da_lat:lang_hoa_van_thanh,Làng Hoa Vạn Thành,da_lat,landmark,2.72
CHECKIN_HOT,6,da_lat:doi_mong_mo,Đồi Mộng Mơ,da_lat,landmark,2.72
CHECKIN_HOT,7,vung_tau:ngon_hai_dang_vung_tau,Ngọn Hải Đăng Vũng Tàu,vung_tau,landmark,2.24
CHECKIN_HOT,8,vung_tau:cau_tinh_yeu_long_hai,Cầu Tình Yêu Long Hải,vung_tau,landmark,2.24
CHECKIN_HOT,9,ha_noi:cau_the_huc,Cầu Thê Húc,ha_noi,landmark,2.24
CHECKIN_HOT,10,da_nang_hue_hoi_an:cau_vang,Cầu Vàng,da_nang_hue_hoi_an,landmark,2.24
KET_BAN,1,da_lat:quang_truong_lam_vien,Quảng Trường Lâm Viên,da_lat,landmark,2.12
KET_BAN,2,vung_tau:cong_vien_rung_minera,Công Viên Rừng Minera,vung_tau,nature,1.44
KET_BAN,3,phan_thiet:cong_vien_bikini_beach,Công Viên Bikini Beach,phan_thiet,landmark,1.44
KET_BAN,4,vung_tau:kdl_ngoc_xuong,KDL Ngọc Xương,vung_tau,landmark,1.08
KET_BAN,5,vung_tau:kdl_bien_dong,KDL Biển Đông,vung_tau,nature,1.08
KET_BAN,6,phan_thiet:novaworld_phan_thiet,NovaWorld Phan Thiết,phan_thiet,landmark,1.08
KET_BAN,7,phan_thiet:circus_land,Circus Land,phan_thiet,landmark,1.08
KET_BAN,8,da_lat:kdl_suoi_binh_yen,KDL Suối Bình Yên,da_lat,nature,1.08
KET_BAN,9,da_lat:cho_da_lat,Chợ Đà Lạt,da_lat,market,1.08
KET_BAN,10,da_lat:lang_art_cafe,Lặng Art Café,da_lat,food,0.94
