interest_code,tag_code,weight,mapping_version
NGHI_DUONG,relaxing,1.0,semantic-v1
NGHI_DUONG,quiet,0.8,semantic-v1
NGHI_DUONG,resort_spa,1.0,semantic-v1
NGHI_DUONG,scenic,0.8,semantic-v1
NGHI_DUONG,nature,0.6,semantic-v1
NGHI_DUONG,lake,0.3,semantic-v1
NGHI_DUONG,walking_area,0.3,semantic-v1
KET_BAN,social,1.0,semantic-v1
KET_BAN,group_friendly,0.8,semantic-v1
KET_BAN,cafe_meeting,0.8,semantic-v1
KET_BAN,event_place,0.8,semantic-v1
KET_BAN,crowded,0.6,semantic-v1
KET_BAN,walking_area,0.6,semantic-v1
KET_BAN,night_market,0.3,semantic-v1
CHECKIN_HOT,photo_spot,1.0,semantic-v1
CHECKIN_HOT,scenic,0.8,semantic-v1
CHECKIN_HOT,landmark,0.8,semantic-v1
CHECKIN_HOT,iconic,0.8,semantic-v1
CHECKIN_HOT,trendy,0.6,semantic-v1
THIEN_NHIEN,nature,1.0,semantic-v1
THIEN_NHIEN,lake,0.8,semantic-v1
THIEN_NHIEN,mountain,0.8,semantic-v1
THIEN_NHIEN,waterfall,0.8,semantic-v1
THIEN_NHIEN,forest,0.8,semantic-v1
THIEN_NHIEN,scenic,0.6,semantic-v1
VAN_HOA,cultural,1.0,semantic-v1
VAN_HOA,historical,1.0,semantic-v1
VAN_HOA,heritage,0.8,semantic-v1
VAN_HOA,museum,0.8,semantic-v1
VAN_HOA,local_culture,0.6,semantic-v1
AM_THUC,food,1.0,semantic-v1
AM_THUC,local_food,0.8,semantic-v1
AM_THUC,market,0.6,semantic-v1
AM_THUC,cafe,0.6,semantic-v1
AM_THUC,local,0.3,semantic-v1
BIEN_NUI,nature,0.8,semantic-v1
BIEN_NUI,mountain,0.8,semantic-v1
BIEN_NUI,beach,0.8,semantic-v1
BIEN_NUI,scenic,0.8,semantic-v1
TRUNG_TAM,city_center,0.8,semantic-v1
TRUNG_TAM,urban,0.8,semantic-v1
TRUNG_TAM,walking_area,0.8,semantic-v1
DIA_DANH_NOI_TIENG,landmark,0.8,semantic-v1
DIA_DANH_NOI_TIENG,iconic,0.8,semantic-v1
DIA_DANH_NOI_TIENG,photo_spot,0.8,semantic-v1
LANG_NGHE_DI_TICH,heritage,0.8,semantic-v1
LANG_NGHE_DI_TICH,cultural,0.8,semantic-v1
LANG_NGHE_DI_TICH,historical,0.8,semantic-v1
LANG_NGHE_DI_TICH,local_culture,0.8,semantic-v1
NGOAI_O_DONG_QUE,countryside,0.8,semantic-v1
NGOAI_O_DONG_QUE,local,0.8,semantic-v1
NGOAI_O_DONG_QUE,nature,0.8,semantic-v1
NGOAI_O_DONG_QUE,scenic,0.8,semantic-v1
