"external_id","canonical_name","destination_key","category","province","latitude","longitude"
"da_lat:bao_tang_madame_de","Bảo Tàng Madame De","da_lat","heritage","","",""
"da_lat:cafe_me_linh","Cafe Mê Linh","da_lat","food","Lâm Đồng","11.9001444","108.3467469"
"da_lat:cafe_mien_du_muc","Cafe Miền Du Mục","da_lat","food","","",""
"da_lat:canh_dong_hoa_cam_tu_cau","Cánh Đồng Hoa Cẩm Tú Cầu","da_lat","nature","","",""
"da_lat:cho_da_lat","Chợ Đà Lạt","da_lat","market","Lâm Đồng","11.9434358","108.4371779"
"da_lat:chua_linh_an","Chùa Linh Ẩn","da_lat","heritage","Lâm Đồng","11.8244076","108.3336066"
"da_lat:chua_linh_phuoc","Chùa Linh Phước","da_lat","heritage","Lâm Đồng","11.9442799","108.4993994"
"da_lat:chua_thien_vuong_co_sat","Chùa Thiên Vương Cổ Sát","da_lat","heritage","Lâm Đồng","11.9259429","108.4595900"
"da_lat:cong_troi_bali_green_hill","Cổng Trời Bali Green Hill","da_lat","landmark","","",""
"da_lat:crazy_house","Crazy House","da_lat","heritage","Lâm Đồng","11.9345622","108.4305116"
"da_lat:dai_bao_thap_kinh_luan","Đại Bảo Tháp Kinh Luân","da_lat","heritage","","",""
"da_lat:dapa_hill","Dapa Hill","da_lat","landmark","","",""
"da_lat:dinh_bao_dai","Dinh Bảo Đại","da_lat","heritage","Lâm Đồng","11.9289000","108.4239000"
"da_lat:dinh_i","Dinh I","da_lat","heritage","Lâm Đồng","11.9648364","108.4317751"
"da_lat:doi_che_cau_dat","Đồi Chè Cầu Đất","da_lat","nature","Lâm Đồng","11.8777526","108.5603366"
"da_lat:doi_mong_mo","Đồi Mộng Mơ","da_lat","landmark","Lâm Đồng","11.9792995","108.4452972"
"da_lat:doi_robin","Đồi Robin","da_lat","nature","","",""
"da_lat:duong_ham_dat_set","Đường Hầm Đất Sét","da_lat","landmark","Lâm Đồng","11.8828709","108.4112222"
"da_lat:fresh_garden","Fresh Garden","da_lat","landmark","","",""
"da_lat:gallery_la_chocotea","Gallery La Chocotea","da_lat","landmark","","",""
"da_lat:happy_hill","Happy Hill","da_lat","food","Lâm Đồng","11.8833803","108.4179266"
"da_lat:ho_tuyen_lam","Hồ Tuyền Lâm","da_lat","lake","Lâm Đồng","11.9000000","108.4390000"
"da_lat:ho_vo_cuc","Hồ Vô Cực","da_lat","lake","Đà Lạt","11.8836192","108.4099704"
"da_lat:ho_xuan_huong","Hồ Xuân Hương","da_lat","lake","Lâm Đồng","11.9419000","108.4483000"
"da_lat:hoa_son_dien_trang","Hoa Sơn Điền Trang","da_lat","landmark","","",""
"da_lat:kdl_suoi_binh_yen","KDL Suối Bình Yên","da_lat","nature","","",""
"da_lat:kombi_land","Kombi Land","da_lat","landmark","","",""
"da_lat:lac_hu_co_tran","Lạc Hư Cổ Trấn","da_lat","landmark","","",""
"da_lat:lang_art_cafe","Lặng Art Café","da_lat","food","","",""
"da_lat:lang_cu_lan","Làng Cù Lần","da_lat","nature","Lâm Đồng","12.0265094","108.3626621"
"da_lat:lang_hoa_van_thanh","Làng Hoa Vạn Thành","da_lat","landmark","Lâm Đồng","11.9473417","108.4144729"
"da_lat:langbiang","Langbiang","da_lat","nature","Lâm Đồng","12.0472573","108.4405826"
"da_lat:mongo_land","Mongo Land","da_lat","landmark","Lâm Đồng","11.9156425","108.3392258"
"da_lat:nac_thang_thien_duong","Nấc Thang Thiên Đường","da_lat","nature","Tỉnh Lâm Đồng","11.9441516","108.4884062"
"da_lat:nha_ga_da_lat","Nhà Ga Đà Lạt","da_lat","landmark","Lâm Đồng","11.9415998","108.4544331"
"da_lat:nha_tho_con_ga","Nhà Thờ Con Gà","da_lat","lake","Đà Lạt","11.9362368","108.4376882"
"da_lat:nha_tho_domain_de_marie","Nhà Thờ Domain De Marie","da_lat","heritage","Lâm Đồng","11.9496625","108.4301370"
"da_lat:nong_trai_co_tich","Nông Trại Cổ Tích","da_lat","landmark","","",""
"da_lat:puppy_farm","Puppy Farm","da_lat","food","Lâm Đồng","11.9626641","108.3890720"
"da_lat:quang_truong_lam_vien","Quảng Trường Lâm Viên","da_lat","landmark","Lâm Đồng","11.9387500","108.4445280"
"da_lat:que_garden","Que Garden","da_lat","landmark","","",""
"da_lat:royal_garden","Royal Garden","da_lat","landmark","Lâm Đồng","11.9449344","108.4699174"
"da_lat:rung_hoa_kho","Rừng Hoa Khô","da_lat","nature","","",""
"da_lat:samten_hills","Samten Hills","da_lat","landmark","Lâm Đồng","11.6928693","108.4239200"
"da_lat:thac_bobla","Thác Bobla","da_lat","nature","Lâm Đồng","11.5741267","108.0204695"
"da_lat:thac_cam_ly","Thác Cam Ly","da_lat","nature","Lâm Đồng","11.9418516","108.4204763"
"da_lat:thac_datanla","Thác Datanla","da_lat","nature","Lâm Đồng","11.9011774","108.4488444"
"da_lat:thac_pongour","Thác Pongour","da_lat","nature","Tỉnh Lâm Đồng","11.6874998","108.2654399"
"da_lat:thac_prenn","Thác Prenn","da_lat","nature","Lâm Đồng","11.8765192","108.4701041"
"da_lat:thac_voi","Thác Voi","da_lat","nature","Lâm Đồng","11.8235094","108.3349037"
"da_lat:thi_tran_iyashi","Thị Trấn Iyashi","da_lat","landmark","","",""
"da_lat:thien_vien_truc_lam","Thiền Viện Trúc Lâm","da_lat","heritage","Lâm Đồng","11.9037000","108.4369000"
"da_lat:thien_vien_van_hanh","Thiền Viện Vạn Hạnh","da_lat","heritage","Lâm Đồng","11.9640027","108.4436161"
"da_lat:thung_lung_tinh_yeu","Thung Lũng Tình Yêu","da_lat","nature","Lâm Đồng","11.9781853","108.4499229"
"da_lat:thung_lung_vang","Thung Lũng Vàng","da_lat","nature","Lâm Đồng","12.0067009","108.3827889"
"da_lat:tiem_nuong_chuyen_tau_hoang_hon","Tiệm Nướng Chuyến Tàu Hoàng Hôn","da_lat","food","","",""
"da_lat:trai_mat","Trại Mát","da_lat","landmark","Lâm Đồng","11.9461160","108.5014597"
"da_lat:tu_vien_bat_nha","Tu Viện Bát Nhã","da_lat","landmark","","",""
"da_lat:vuon_chau_au","Vườn Châu Âu","da_lat","landmark","","",""
"da_lat:vuon_dau_da_lat","Vườn Dâu Đà Lạt","da_lat","landmark","Lâm Đồng","11.9488370","108.4271406"
"da_lat:vuon_dia_dang","Vườn Địa Đàng","da_lat","landmark","","",""
"da_lat:vuon_hoa_thanh_pho","Vườn Hoa Thành Phố","da_lat","landmark","Lâm Đồng","11.9518163","108.4494401"
"da_lat:xuong_to_lua","Xưởng Tơ Lụa","da_lat","landmark","Tỉnh Lâm Đồng","11.9772623","108.4474339"
"da_nang_hue_hoi_an:ba_na_hills","Bà Nà Hills","da_nang_hue_hoi_an","landmark","Thành phố Đà Nẵng","15.9958569","107.9890712"
"da_nang_hue_hoi_an:ban_dao_son_tra","Bán Đảo Sơn Trà","da_nang_hue_hoi_an","nature","Thành phố Đà Nẵng","16.1204900","108.2647075"
"da_nang_hue_hoi_an:bien_an_bang","Biển An Bàng","da_nang_hue_hoi_an","nature","","",""
"da_nang_hue_hoi_an:bien_cua_dai","Biển Cửa Đại","da_nang_hue_hoi_an","nature","Hội An","15.8980583","108.3662256"
"da_nang_hue_hoi_an:bien_my_khe","Biển Mỹ Khê","da_nang_hue_hoi_an","nature","Thành phố Đà Nẵng","16.0756254","108.2468784"
"da_nang_hue_hoi_an:cau_rong","Cầu Rồng","da_nang_hue_hoi_an","landmark","Thành phố Đà Nẵng","16.0611682","108.2278968"
"da_nang_hue_hoi_an:cau_tinh_yeu_da_nang","Cầu Tình Yêu Đà Nẵng","da_nang_hue_hoi_an","landmark","Thành phố Đà Nẵng","16.0513135","108.2309046"
"da_nang_hue_hoi_an:cau_vang","Cầu Vàng","da_nang_hue_hoi_an","landmark","Thành phố Đà Nẵng","15.9950915","107.9964120"
"da_nang_hue_hoi_an:cho_dong_ba","Chợ Đông Ba","da_nang_hue_hoi_an","market","Thừa Thiên Huế","16.4724474","107.5886452"
"da_nang_hue_hoi_an:chua_cau_hoi_an","Chùa Cầu Hội An","da_nang_hue_hoi_an","heritage","Hội An","15.8771541","108.3260034"
"da_nang_hue_hoi_an:chua_linh_ung_son_tra","Chùa Linh Ứng Sơn Trà","da_nang_hue_hoi_an","heritage","Thành phố Đà Nẵng","16.1001567","108.2784112"
"da_nang_hue_hoi_an:chua_thien_mu","Chùa Thiên Mụ","da_nang_hue_hoi_an","heritage","Thừa Thiên Huế","16.4537195","107.5445808"
"da_nang_hue_hoi_an:cu_lao_cham","Cù Lao Chàm","da_nang_hue_hoi_an","nature","Thành phố Đà Nẵng","15.9508587","108.5227203"
"da_nang_hue_hoi_an:dai_noi_hue","Đại Nội Huế","da_nang_hue_hoi_an","heritage","Thừa Thiên Huế","16.4689726","107.5781266"
"da_nang_hue_hoi_an:deo_hai_van","Đèo Hải Vân","da_nang_hue_hoi_an","nature","Thành phố Đà Nẵng","16.1691434","108.1262622"
"da_nang_hue_hoi_an:doi_vong_canh","Đồi Vọng Cảnh","da_nang_hue_hoi_an","nature","Thừa Thiên Huế","16.4283613","107.5639447"
"da_nang_hue_hoi_an:hoi_quan_phuc_kien","Hội Quán Phúc Kiến","da_nang_hue_hoi_an","heritage","Hội An","15.8781389","108.3309922"
"da_nang_hue_hoi_an:lang_huong_thuy_xuan","Làng Hương Thủy Xuân","da_nang_hue_hoi_an","heritage","Thừa Thiên Huế","16.4339974","107.5626698"
"da_nang_hue_hoi_an:lang_khai_dinh","Lăng Khải Định","da_nang_hue_hoi_an","heritage","Thừa Thiên Huế","16.3990174","107.5903393"
"da_nang_hue_hoi_an:lang_minh_mang","Lăng Minh Mạng","da_nang_hue_hoi_an","heritage","Thừa Thiên Huế","16.3877545","107.5677832"
"da_nang_hue_hoi_an:lang_tu_duc","Lăng Tự Đức","da_nang_hue_hoi_an","heritage","Thừa Thiên Huế","16.4330399","107.5655159"
"da_nang_hue_hoi_an:ngu_hanh_son","Ngũ Hành Sơn","da_nang_hue_hoi_an","landmark","Hội An","16.0107980","108.2531780"
"da_nang_hue_hoi_an:nha_co_tan_ky","Nhà Cổ Tấn Ký","da_nang_hue_hoi_an","landmark","Hội An","15.8764553","108.3278311"
"da_nang_hue_hoi_an:nui_than_tai","Núi Thần Tài","da_nang_hue_hoi_an","nature","Thành phố Đà Nẵng","15.9681262","108.0196301"
"da_nang_hue_hoi_an:pha_tam_giang","Phá Tam Giang","da_nang_hue_hoi_an","lake","Thành phố Huế","16.6014643","107.5431820"
"da_nang_hue_hoi_an:pho_co_hoi_an","Phố Cổ Hội An","da_nang_hue_hoi_an","lake","Hội An","15.8771291","108.3286631"
"da_nang_hue_hoi_an:rung_dua_bay_mau","Rừng Dừa Bảy Mẫu","da_nang_hue_hoi_an","nature","Hội An","15.8855608","108.3678833"
"da_nang_hue_hoi_an:song_hoai","Sông Hoài","da_nang_hue_hoi_an","lake","Hội An","15.8775030","108.3235110"
"da_nang_hue_hoi_an:song_huong","Sông Hương","da_nang_hue_hoi_an","lake","Thành phố Huế","16.5143937","107.5785697"
"da_nang_hue_hoi_an:thanh_dia_la_vang","Thánh Địa La Vang","da_nang_hue_hoi_an","heritage","","",""
"da_nang_hue_hoi_an:thanh_dia_my_son","Thánh Địa Mỹ Sơn","da_nang_hue_hoi_an","heritage","Thành phố Đà Nẵng","15.7655202","108.1234531"
"ha_noi:ban_cat_cat","Bản Cát Cát","ha_noi","landmark","Phường Sa Pa","22.3356942","103.8408604"
"ha_noi:ban_lac","Bản Lác","ha_noi","landmark","Tỉnh Phú Thọ","20.6537082","105.0722738"
"ha_noi:bao_tang_dan_toc_hoc","Bảo Tàng Dân Tộc Học","ha_noi","heritage","Thành phố Hà Nội","21.0400774","105.7988403"
"ha_noi:cau_the_huc","Cầu Thê Húc","ha_noi","landmark","Thành phố Hà Nội","21.0307694","105.8527822"
"ha_noi:chua_bai_dinh","Chùa Bái Đính","ha_noi","heritage","Tỉnh Ninh Bình","20.2728394","105.8640252"
"ha_noi:chua_huong","Chùa Hương","ha_noi","heritage","Thành phố Hà Nội","20.6161556","105.7402252"
"ha_noi:chua_mot_cot","Chùa Một Cột","ha_noi","heritage","Thành phố Hà Nội","21.0358555","105.8336143"
"ha_noi:chua_tran_quoc","Chùa Trấn Quốc","ha_noi","heritage","Thành phố Hà Nội","21.0478837","105.8368375"
"ha_noi:den_ngoc_son","Đền Ngọc Sơn","ha_noi","heritage","Thành phố Hà Nội","21.0307272","105.8523763"
"ha_noi:dong_thien_cung","Động Thiên Cung","ha_noi","nature","Tỉnh Ninh Bình","20.2159541","105.9141871"
"ha_noi:fansipan","Fansipan","ha_noi","landmark","Phường Sa Pa","22.3354356","103.8411280"
"ha_noi:hang_mua","Hang Múa","ha_noi","nature","Thành phố Hà Nội","21.0747196","105.7730577"
"ha_noi:hang_sung_sot","Hang Sửng Sốt","ha_noi","nature","Thành phố Quảng Ninh","20.8436135","107.0912853"
"ha_noi:ho_dai_lai","Hồ Đại Lải","ha_noi","lake","Tỉnh Phú Thọ","21.3260377","105.7127130"
"ha_noi:ho_hoan_kiem","Hồ Hoàn Kiếm","ha_noi","lake","Thành phố Hà Nội","21.0288313","105.8525357"
"ha_noi:ho_tay","Hồ Tây","ha_noi","lake","Thành phố Hà Nội","21.0580419","105.8139655"
"ha_noi:hoa_lu","Hoa Lư","ha_noi","heritage","Thành phố Hà Nội","21.0100868","105.8478024"
"ha_noi:lang_chu_tich_ho_chi_minh","Lăng Chủ Tịch Hồ Chí Minh","ha_noi","lake","Thành phố Hà Nội","21.0367831","105.8346888"
"ha_noi:lang_co_duong_lam","Làng Cổ Đường Lâm","ha_noi","heritage","","",""
"ha_noi:lang_gom_bat_trang","Làng Gốm Bát Tràng","ha_noi","heritage","Tỉnh Hưng Yên","20.9730809","105.9162670"
"ha_noi:mai_chau","Mai Châu","ha_noi","landmark","Thành phố Hà Nội","21.1114171","105.7525638"
"ha_noi:moana_sapa","Moana Sapa","ha_noi","landmark","Phường Sa Pa","22.3273625","103.8462808"
"ha_noi:nha_hat_lon_ha_noi","Nhà Hát Lớn Hà Nội","ha_noi","heritage","Thành phố Hà Nội","21.0283334","105.8540410"
"ha_noi:nha_tho_da_sapa","Nhà Thờ Đá Sapa","ha_noi","lake","","",""
"ha_noi:nha_tu_hoa_lo","Nhà Tù Hỏa Lò","ha_noi","heritage","Thành phố Hà Nội","21.0254222","105.8465093"
"ha_noi:pho_co_ha_noi","Phố Cổ Hà Nội","ha_noi","lake","Thành phố Hà Nội","21.0456914","105.7862359"
"ha_noi:tam_coc","Tam Cốc","ha_noi","nature","Tỉnh Ninh Bình","20.2176747","105.9294811"
"ha_noi:trang_an","Tràng An","ha_noi","nature","Thành phố Hà Nội","21.0321562","105.8502600"
"ha_noi:tuan_chau","Tuần Châu","ha_noi","landmark","Thành phố Quảng Ninh","20.9602109","106.9448247"
"ha_noi:van_mieu_quoc_tu_giam","Văn Miếu Quốc Tử Giám","ha_noi","heritage","Thành phố Hà Nội","21.0287903","105.8359533"
"ha_noi:vinh_ha_long","Vịnh Hạ Long","ha_noi","nature","Thành phố Quảng Ninh","20.9084384","107.0682782"
"ha_noi:vuon_quoc_gia_ba_vi","Vườn Quốc Gia Ba Vì","ha_noi","nature","Thành phố Hà Nội","21.0184475","105.3930256"
"ha_noi:yen_tu","Yên Tử","ha_noi","landmark","Thành phố Quảng Ninh","21.0420805","106.7178343"
"phan_thiet:bai_da_ong_dia","Bãi Đá Ông Địa","phan_thiet","nature","Phan Thiết","10.9368487","108.1842521"
"phan_thiet:bao_tang_ngoc_trai","Bảo Tàng Ngọc Trai","phan_thiet","heritage","","",""
"phan_thiet:bau_sen","Bàu Sen","phan_thiet","lake","","",""
"phan_thiet:bau_trang","Bàu Trắng","phan_thiet","lake","Tỉnh Lâm Đồng","11.0679312","108.4163598"
"phan_thiet:bien_mui_ne","Biển Mũi Né","phan_thiet","nature","Phan Thiết","10.9404976","108.1931338"
"phan_thiet:cho_phan_thiet","Chợ Phan Thiết","phan_thiet","market","Bình Thuận","21.8235729","105.2028463"
"phan_thiet:circus_land","Circus Land","phan_thiet","landmark","","",""
"phan_thiet:cong_vien_bikini_beach","Công Viên Bikini Beach","phan_thiet","landmark","","",""
"phan_thiet:dinh_van_thuy_tu","Dinh Vạn Thủy Tú","phan_thiet","heritage","Phan Thiết","10.9231943","108.1000501"
"phan_thiet:doi_cat_bay","Đồi Cát Bay","phan_thiet","nature","Bình Thuận","10.9488830","108.2978477"
"phan_thiet:hon_rom","Hòn Rơm","phan_thiet","nature","Bình Thuận","10.9549065","108.3352589"
"phan_thiet:lang_chai_mui_ne","Làng Chài Mũi Né","phan_thiet","heritage","Bình Thuận","10.9409844","108.2793613"
"phan_thiet:lau_dai_ruou_vang","Lâu Đài Rượu Vang","phan_thiet","landmark","Phan Thiết","10.9474383","108.1819949"
"phan_thiet:lau_ong_hoang","Lầu Ông Hoàng","phan_thiet","heritage","Phan Thiết","10.9347126","108.1449820"
"phan_thiet:mui_ke_ga","Mũi Kê Gà","phan_thiet","nature","Bình Thuận","10.6998411","107.9931295"
"phan_thiet:novaworld_phan_thiet","NovaWorld Phan Thiết","phan_thiet","landmark","Phan Thiết","10.8211417","108.0288826"
"phan_thiet:nui_ta_cu","Núi Tà Cú","phan_thiet","nature","Tỉnh Lâm Đồng","10.8150648","107.9000974"
"phan_thiet:sea_links_city","Sea Links City","phan_thiet","landmark","Phan Thiết","10.9437289","108.1772723"
"phan_thiet:sea_links_golf","Sea Links Golf","phan_thiet","landmark","Phan Thiết","10.9439507","108.1833294"
"phan_thiet:suoi_tien","Suối Tiên","phan_thiet","lake","Bình Thuận","10.9538145","108.2577244"
"phan_thiet:thap_cham_poshanu","Tháp Chàm Poshanu","phan_thiet","heritage","","",""
"phan_thiet:truong_duc_thanh","Trường Dục Thanh","phan_thiet","heritage","Phan Thiết","10.9282469","108.0960510"
"vung_tau:bach_dinh","Bạch Dinh","vung_tau","heritage","Bà Rịa - Vũng Tàu","10.3507372","107.0686418"
"vung_tau:bai_bien_298","Bãi Biển 298","vung_tau","nature","Thành phố Hồ Chí Minh","10.3438580","107.0969514"
"vung_tau:bai_dau","Bãi Dâu","vung_tau","nature","Bà Rịa - Vũng Tàu","10.3681426","107.0630205"
"vung_tau:bai_sau","Bãi Sau","vung_tau","nature","Bà Rịa - Vũng Tàu","10.3425579","107.0958939"
"vung_tau:bai_truoc","Bãi Trước","vung_tau","nature","Bà Rịa - Vũng Tàu","10.3449566","107.0754709"
"vung_tau:bien_ho_coc","Biển Hồ Cốc","vung_tau","lake","Bà Rịa - Vũng Tàu","10.4994215","107.4774059"
"vung_tau:bien_ho_tram","Biển Hồ Tràm","vung_tau","lake","Bà Rịa - Vũng Tàu","10.4705074","107.4357091"
"vung_tau:bien_long_hai","Biển Long Hải","vung_tau","nature","Thành phố Hồ Chí Minh","10.3850453","107.2350623"
"vung_tau:bien_tropicana","Biển Tropicana","vung_tau","nature","","",""
"vung_tau:cau_ngam_bien_hamptons","Cầu Ngắm Biển Hamptons","vung_tau","nature","","",""
"vung_tau:cau_tinh_yeu_long_hai","Cầu Tình Yêu Long Hải","vung_tau","landmark","","",""
"vung_tau:cong_vien_rung_minera","Công Viên Rừng Minera","vung_tau","nature","Bà Rịa - Vũng Tàu","10.6030998","107.5584397"
"vung_tau:dai_tong_lam","Đại Tòng Lâm","vung_tau","heritage","Thành phố Hồ Chí Minh","10.6034797","107.0580998"
"vung_tau:dao_long_son","Đảo Long Sơn","vung_tau","nature","Thành phố Hồ Chí Minh","10.5645758","107.1580026"
"vung_tau:deo_nuoc_ngot","Đèo Nước Ngọt","vung_tau","nature","Bà Rịa - Vũng Tàu","10.3800403","107.2553044"
"vung_tau:dinh_co","Dinh Cô","vung_tau","heritage","Bà Rịa - Vũng Tàu","10.3866753","107.2342459"
"vung_tau:doi_cuu_suoi_nghe","Đồi Cừu Suối Nghệ","vung_tau","nature","Thành phố Hồ Chí Minh","10.5866589","107.1793147"
"vung_tau:ho_may","Hồ Mây","vung_tau","lake","Bà Rịa - Vũng Tàu","10.3594711","107.0676503"
"vung_tau:ho_suoi_mo_binh_chau","Hồ Suối Mơ Bình Châu","vung_tau","lake","","",""
"vung_tau:hon_ba","Hòn Bà","vung_tau","nature","Bà Rịa - Vũng Tàu","10.3238724","107.0892665"
"vung_tau:kdl_bien_dong","KDL Biển Đông","vung_tau","nature","","",""
"vung_tau:kdl_ngoc_xuong","KDL Ngọc Xương","vung_tau","landmark","","",""
"vung_tau:khu_gieng_troi_binh_chau","Khu Giếng Trời Bình Châu","vung_tau","landmark","","",""
"vung_tau:lang_ca_ong","Lăng Cá Ông","vung_tau","heritage","","",""
"vung_tau:marina_vung_tau","Marina Vũng Tàu","vung_tau","landmark","Thành phố Hồ Chí Minh","10.3792310","107.0554207"
"vung_tau:mui_nghinh_phong","Mũi Nghinh Phong","vung_tau","nature","Bà Rịa - Vũng Tàu","10.3204661","107.0837210"
"vung_tau:ngon_hai_dang_vung_tau","Ngọn Hải Đăng Vũng Tàu","vung_tau","landmark","Bà Rịa - Vũng Tàu","10.3341077","107.0776554"
"vung_tau:nha_lon_long_son","Nhà Lớn Long Sơn","vung_tau","heritage","Bà Rịa - Vũng Tàu","10.4543214","107.0962087"
"vung_tau:niet_ban_tinh_xa","Niết Bàn Tịnh Xá","vung_tau","heritage","Bà Rịa - Vũng Tàu","10.3306105","107.0767970"
"vung_tau:nong_trai_cuu","Nông Trại Cừu","vung_tau","landmark","","",""
"vung_tau:nui_minh_dam","Núi Minh Đạm","vung_tau","nature","","",""
"vung_tau:suoi_da","Suối Đá","vung_tau","nature","Bà Rịa - Vũng Tàu","10.5725872","107.5539570"
"vung_tau:suoi_nuoc_nong_binh_chau","Suối Nước Nóng Bình Châu","vung_tau","nature","Bà Rịa - Vũng Tàu","10.5869991","107.5587977"
"vung_tau:thap_tam_thang","Tháp Tam Thắng","vung_tau","heritage","Bà Rịa - Vũng Tàu","10.3456066","107.0974283"
"vung_tau:thap_vong_thien","Tháp Vọng Thiên","vung_tau","heritage","","",""
"vung_tau:thich_ca_phat_dai","Thích Ca Phật Đài","vung_tau","landmark","Bà Rịa - Vũng Tàu","10.3746285","107.0705354"
"vung_tau:thien_vien_thuong_chieu","Thiền Viện Thường Chiếu","vung_tau","heritage","Thành phố Đồng Nai","10.6841664","107.0264405"
"vung_tau:thien_vien_truc_lam_chan_nguyen","Thiền Viện Trúc Lâm Chân Nguyên","vung_tau","heritage","Bà Rịa - Vũng Tàu","10.3973306","107.2634222"
"vung_tau:tuong_chua_kito","Tượng Chúa Kitô","vung_tau","heritage","Bà Rịa - Vũng Tàu","10.3265017","107.0845208"
