"external_source","external_id","destination_key","canonical_name","category","province","district","address","latitude","longitude","image_source_url","image_source_page","image_license","image_license_url","image_author","image_attribution","media_review_status"
"tour_places_v11","da_lat:bao_tang_madame_de","da_lat","Bảo Tàng Madame De","heritage","","","","","","","","","","","","OUT_OF_SCOPE_UNRESOLVED_COORDINATE"
"tour_places_v11","da_lat:cafe_me_linh","da_lat","Cafe Mê Linh","food","Lâm Đồng","Đà Lạt","Mê Linh Coffee Garden, Đường tỉnh 725, Phường Cam Ly - Đà Lạt, Thôn 5, Tỉnh Lâm Đồng, 66200, Việt Nam","11.9001444","108.3467469","","","","","","","MANUAL_MEDIA_REVIEW"
"tour_places_v11","da_lat:cafe_mien_du_muc","da_lat","Cafe Miền Du Mục","food","","","","","","","","","","","","OUT_OF_SCOPE_UNRESOLVED_COORDINATE"
"tour_places_v11","da_lat:canh_dong_hoa_cam_tu_cau","da_lat","Cánh Đồng Hoa Cẩm Tú Cầu","nature","","","","","","","","","","","","OUT_OF_SCOPE_UNRESOLVED_COORDINATE"
"tour_places_v11","da_lat:cho_da_lat","da_lat","Chợ Đà Lạt","market","Lâm Đồng","Đà Lạt","Chợ Đà Lạt, Nguyễn Thị Minh Khai, Đồi Petrus Ký, Phường Xuân Hương - Đà Lạt, Đà Lạt, Tỉnh Lâm Đồng, 02633, Việt Nam","11.9434358","108.4371779","","","","","","","MANUAL_MEDIA_REVIEW"
"tour_places_v11","da_lat:chua_linh_an","da_lat","Chùa Linh Ẩn","heritage","Lâm Đồng","Lâm Hà","Linh Ẩn Tự, Đường tỉnh 725, Ba Đình, Thôn 3, Xã Nam Ban Lâm Hà, Tỉnh Lâm Đồng, 66300, Việt Nam","11.8244076","108.3336066","","","","","","","MANUAL_MEDIA_REVIEW"
"tour_places_v11","da_lat:chua_linh_phuoc","da_lat","Chùa Linh Phước","heritage","Lâm Đồng","Đà Lạt","Chùa Linh Phước, Xuân Thành, Phường Xuân Trường - Đà Lạt, Tỉnh Lâm Đồng, Việt Nam","11.9442799","108.4993994","","","","","","","MANUAL_MEDIA_REVIEW"
"tour_places_v11","da_lat:chua_thien_vuong_co_sat","da_lat","Chùa Thiên Vương Cổ Sát","heritage","Lâm Đồng","Đà Lạt","Thiên Vương Cổ Sát (Chùa Tàu), Đèo Mimosa, Đà Lạt, Phường Xuân Hương - Đà Lạt, Tỉnh Lâm Đồng, 66116, Việt Nam","11.9259429","108.4595900","","","","","","","MANUAL_MEDIA_REVIEW"
"tour_places_v11","da_lat:cong_troi_bali_green_hill","da_lat","Cổng Trời Bali Green Hill","landmark","","","","","","","","","","","","OUT_OF_SCOPE_UNRESOLVED_COORDINATE"
"tour_places_v11","da_lat:crazy_house","da_lat","Crazy House","heritage","Lâm Đồng","Đà Lạt","Ngôi nhà quái dị, 3, Huỳnh Thúc Kháng, Ấp Nam Thiên, Phường Xuân Hương - Đà Lạt, Đà Lạt, Tỉnh Lâm Đồng, 66115, Việt Nam","11.9345622","108.4305116","","","","","","","MANUAL_MEDIA_REVIEW"
"tour_places_v11","da_lat:dai_bao_thap_kinh_luan","da_lat","Đại Bảo Tháp Kinh Luân","heritage","","","","","","","","","","","","OUT_OF_SCOPE_UNRESOLVED_COORDINATE"
"tour_places_v11","da_lat:dapa_hill","da_lat","Dapa Hill","landmark","","","","","","","","","","","","OUT_OF_SCOPE_UNRESOLVED_COORDINATE"
"tour_places_v11","da_lat:dinh_bao_dai","da_lat","Dinh Bảo Đại","heritage","Lâm Đồng","Đà Lạt","Đường Triệu Việt Vương, phường 4","11.9289000","108.4239000","https://live.staticflickr.com/2486/3973584939_b570fee7fe_z.jpg","https://www.flickr.com/photos/88931401@N00/3973584939","CC-BY-NC-2.0","","","","REPLACE_RECOMMENDED"
"tour_places_v11","da_lat:dinh_i","da_lat","Dinh I","heritage","Lâm Đồng","Đà Lạt","Cư xá Decoux, Phường Lang Biang - Đà Lạt, Đà Lạt, Tỉnh Lâm Đồng, 66100, Việt Nam","11.9648364","108.4317751","","","","","","","MANUAL_MEDIA_REVIEW"
"tour_places_v11","da_lat:doi_che_cau_dat","da_lat","Đồi Chè Cầu Đất","nature","Lâm Đồng","Đà Lạt","đồi chè cầu đất, Quốc lộ 20, Phát Chi, Phường Xuân Trường - Đà Lạt, Tỉnh Lâm Đồng, Việt Nam","11.8777526","108.5603366","","","","","","","MANUAL_MEDIA_REVIEW"
"tour_places_v11","da_lat:doi_mong_mo","da_lat","Đồi Mộng Mơ","landmark","Lâm Đồng","Đà Lạt","Khu du lịch Đồi Mộng Mơ, Mai Anh Đào, Phường Lâm Viên - Đà Lạt, Tỉnh Lâm Đồng, 66100, Việt Nam","11.9792995","108.4452972","","","","","","","MANUAL_MEDIA_REVIEW"
"tour_places_v11","da_lat:doi_robin","da_lat","Đồi Robin","nature","","","","","","","","","","","","OUT_OF_SCOPE_UNRESOLVED_COORDINATE"
"tour_places_v11","da_lat:duong_ham_dat_set","da_lat","Đường Hầm Đất Sét","landmark","Lâm Đồng","Đà Lạt","Đường hầm điêu khắc, Hoa Hồng, Phường Xuân Hương - Đà Lạt, Đà Lạt, Tỉnh Lâm Đồng, 66115, Việt Nam","11.8828709","108.4112222","","","","","","","MANUAL_MEDIA_REVIEW"
"tour_places_v11","da_lat:fresh_garden","da_lat","Fresh Garden","landmark","","","","","","","","","","","","OUT_OF_SCOPE_UNRESOLVED_COORDINATE"
"tour_places_v11","da_lat:gallery_la_chocotea","da_lat","Gallery La Chocotea","landmark","","","","","","","","","","","","OUT_OF_SCOPE_UNRESOLVED_COORDINATE"
"tour_places_v11","da_lat:happy_hill","da_lat","Happy Hill","food","Lâm Đồng","Đà Lạt","Happy Hill, Hoa Phượng Tím, Đà Lạt, Phường Xuân Hương - Đà Lạt, Tỉnh Lâm Đồng, 66116, Việt Nam","11.8833803","108.4179266","","","","","","","MANUAL_MEDIA_REVIEW"
"tour_places_v11","da_lat:ho_tuyen_lam","da_lat","Hồ Tuyền Lâm","lake","Lâm Đồng","Đà Lạt","Khu du lịch hồ Tuyền Lâm","11.9000000","108.4390000","https://live.staticflickr.com/7010/6658404239_3ffc540d37_b.jpg","https://www.flickr.com/photos/8324583@N03/6658404239","CC-BY-2.0","https://creativecommons.org/licenses/by/2.0/","","","VERIFIED_READY"
"tour_places_v11","da_lat:ho_vo_cuc","da_lat","Hồ Vô Cực","lake","Đà Lạt","Đà Lạt","Infinity lake, Hoa Hồng, Đà Lạt, Phường Xuân Hương - Đà Lạt, Tỉnh Lâm Đồng, 66115, Việt Nam","11.8836192","108.4099704","","","","","","","MANUAL_MEDIA_REVIEW"
"tour_places_v11","da_lat:ho_xuan_huong","da_lat","Hồ Xuân Hương","lake","Lâm Đồng","Đà Lạt","Trung tâm thành phố Đà Lạt","11.9419000","108.4483000","https://live.staticflickr.com/32/55062127_2e5edcd30b_b.jpg","https://www.flickr.com/photos/21168473@N00/55062127","CC-BY-2.0","https://creativecommons.org/licenses/by/2.0/","","","VERIFIED_READY"
"tour_places_v11","da_lat:hoa_son_dien_trang","da_lat","Hoa Sơn Điền Trang","landmark","","","","","","","","","","","","OUT_OF_SCOPE_UNRESOLVED_COORDINATE"
"tour_places_v11","da_lat:kdl_suoi_binh_yen","da_lat","KDL Suối Bình Yên","nature","","","","","","","","","","","","OUT_OF_SCOPE_UNRESOLVED_COORDINATE"
"tour_places_v11","da_lat:kombi_land","da_lat","Kombi Land","landmark","","","","","","","","","","","","OUT_OF_SCOPE_UNRESOLVED_COORDINATE"
"tour_places_v11","da_lat:lac_hu_co_tran","da_lat","Lạc Hư Cổ Trấn","landmark","","","","","","","","","","","","OUT_OF_SCOPE_UNRESOLVED_COORDINATE"
"tour_places_v11","da_lat:lang_art_cafe","da_lat","Lặng Art Café","food","","","","","","","","","","","","OUT_OF_SCOPE_UNRESOLVED_COORDINATE"
"tour_places_v11","da_lat:lang_cu_lan","da_lat","Làng Cù Lần","nature","Lâm Đồng","Đà Lạt","Làng Cu Lần, Phường Lang Biang - Đà Lạt, Tỉnh Lâm Đồng, Việt Nam","12.0265094","108.3626621","","","","","","","MANUAL_MEDIA_REVIEW"
"tour_places_v11","da_lat:lang_hoa_van_thanh","da_lat","Làng Hoa Vạn Thành","landmark","Lâm Đồng","Đà Lạt","Làng Hoa Van Thành, Hoàng Văn Thụ, Phường Cam Ly - Đà Lạt, Đà Lạt, Tỉnh Lâm Đồng, 66113, Việt Nam","11.9473417","108.4144729","","","","","","","MANUAL_MEDIA_REVIEW"
"tour_places_v11","da_lat:langbiang","da_lat","Langbiang","nature","Lâm Đồng","Đà Lạt","Núi Lang Biang, Phường Lang Biang - Đà Lạt, Tỉnh Lâm Đồng, Việt Nam","12.0472573","108.4405826","","","","","","","MANUAL_MEDIA_REVIEW"
"tour_places_v11","da_lat:mongo_land","da_lat","Mongo Land","landmark","Lâm Đồng","Đà Lạt","Mongo Land Dalat, Đường tỉnh 725, Phường Cam Ly - Đà Lạt, Thôn 5, Tỉnh Lâm Đồng, 66200, Việt Nam","11.9156425","108.3392258","","","","","","","MANUAL_MEDIA_REVIEW"
"tour_places_v11","da_lat:nac_thang_thien_duong","da_lat","Nấc Thang Thiên Đường","nature","Tỉnh Lâm Đồng","Phường Xuân Trường - Đà Lạt","Sunny Farm, Hùng Vương, Xóm Lèo, Xuân Thành, Phường Xuân Trường - Đà Lạt, Tỉnh Lâm Đồng, 66117, Việt Nam","11.9441516","108.4884062","","","","","","","MANUAL_MEDIA_REVIEW"
"tour_places_v11","da_lat:nha_ga_da_lat","da_lat","Nhà Ga Đà Lạt","landmark","Lâm Đồng","Đà Lạt","Ga Đà Lạt, Quang Trung, Ấp Cô Giang, Lâm Viên, Phường Xuân Hương - Đà Lạt, Phường Lâm Viên - Đà Lạt, Tỉnh Lâm Đồng, 66117, Việt Nam","11.9415998","108.4544331","","","","","","","MANUAL_MEDIA_REVIEW"
"tour_places_v11","da_lat:nha_tho_con_ga","da_lat","Nhà Thờ Con Gà","lake","Đà Lạt","Đà Lạt","Nhà thờ Chánh tòa, Trần Phú, Ấp Ánh Sáng, Xuân Hương, Đà Lạt, Phường Xuân Hương - Đà Lạt, Tỉnh Lâm Đồng, 02633, Việt Nam","11.9362368","108.4376882","","","","","","","MANUAL_MEDIA_REVIEW"
"tour_places_v11","da_lat:nha_tho_domain_de_marie","da_lat","Nhà Thờ Domain De Marie","heritage","Lâm Đồng","Đà Lạt","Nhà thờ Domaine de Marie, Đồi Mai Anh, Ấp Đa Cát, Phường Cam Ly - Đà Lạt, Đà Lạt, Tỉnh Lâm Đồng, 66113, Việt Nam","11.9496625","108.4301370","","","","","","","MANUAL_MEDIA_REVIEW"
"tour_places_v11","da_lat:nong_trai_co_tich","da_lat","Nông Trại Cổ Tích","landmark","","","","","","","","","","","","OUT_OF_SCOPE_UNRESOLVED_COORDINATE"
"tour_places_v11","da_lat:puppy_farm","da_lat","Puppy Farm","food","Lâm Đồng","Đà Lạt","Nông Trại Cún Puppy Farm, Cam Ly - Phước Thành, Phường Lang Biang - Đà Lạt, Đà Lạt, Tỉnh Lâm Đồng, 66200, Việt Nam","11.9626641","108.3890720","","","","","","","MANUAL_MEDIA_REVIEW"
"tour_places_v11","da_lat:quang_truong_lam_vien","da_lat","Quảng Trường Lâm Viên","landmark","Lâm Đồng","Đà Lạt","Đường Trần Quốc Toản, phường Xuân Hương","11.9387500","108.4445280","https://upload.wikimedia.org/wikipedia/commons/6/60/L%C3%A2m_Vi%C3%AAn_%C4%90%C3%A0_L%E1%BA%A1t.JPG","https://commons.wikimedia.org/wiki/File:L%C3%A2m_Vi%C3%AAn_%C4%90%C3%A0_L%E1%BA%A1t.JPG","CC-BY-SA-4.0","https://creativecommons.org/licenses/by-sa/4.0/","","","VERIFIED_READY"
"tour_places_v11","da_lat:que_garden","da_lat","Que Garden","landmark","","","","","","","","","","","","OUT_OF_SCOPE_UNRESOLVED_COORDINATE"
"tour_places_v11","da_lat:royal_garden","da_lat","Royal Garden","landmark","Lâm Đồng","Đà Lạt","Royal Garden Cafe, 1, Trần Thái Tông, Phường Xuân Hương - Đà Lạt, Phường Lâm Viên - Đà Lạt, Tỉnh Lâm Đồng, 66117, Việt Nam","11.9449344","108.4699174","","","","","","","MANUAL_MEDIA_REVIEW"
"tour_places_v11","da_lat:rung_hoa_kho","da_lat","Rừng Hoa Khô","nature","","","","","","","","","","","","OUT_OF_SCOPE_UNRESOLVED_COORDINATE"
"tour_places_v11","da_lat:samten_hills","da_lat","Samten Hills","landmark","Lâm Đồng","Đơn Dương","Samten Hills, Bookabang, Xã Đơn Dương, Tỉnh Lâm Đồng, Việt Nam","11.6928693","108.4239200","","","","","","","MANUAL_MEDIA_REVIEW"
"tour_places_v11","da_lat:thac_bobla","da_lat","Thác Bobla","nature","Lâm Đồng","Di Linh","Thác Bobla, Thôn 2, Xã Di Linh, Tỉnh Lâm Đồng, Việt Nam","11.5741267","108.0204695","","","","","","","MANUAL_MEDIA_REVIEW"
"tour_places_v11","da_lat:thac_cam_ly","da_lat","Thác Cam Ly","nature","Lâm Đồng","Đà Lạt","Thác Cam Ly, Phường Cam Ly - Đà Lạt, Tỉnh Lâm Đồng, 66113, Việt Nam","11.9418516","108.4204763","","","","","","","MANUAL_MEDIA_REVIEW"
"tour_places_v11","da_lat:thac_datanla","da_lat","Thác Datanla","nature","Lâm Đồng","Đà Lạt","Thác Datanla, Phường Xuân Hương - Đà Lạt, Đà Lạt, Tỉnh Lâm Đồng, 66116, Việt Nam","11.9011774","108.4488444","","","","","","","MANUAL_MEDIA_REVIEW"
"tour_places_v11","da_lat:thac_pongour","da_lat","Thác Pongour","nature","Tỉnh Lâm Đồng","Xã Tân Hội","Thác Pongour, Xã Tân Hội, Tỉnh Lâm Đồng, Việt Nam","11.6874998","108.2654399","","","","","","","MANUAL_MEDIA_REVIEW"
"tour_places_v11","da_lat:thac_prenn","da_lat","Thác Prenn","nature","Lâm Đồng","Đà Lạt","Thác Prenn, Phường Xuân Hương - Đà Lạt, Đà Lạt, Tỉnh Lâm Đồng, Việt Nam","11.8765192","108.4701041","","","","","","","MANUAL_MEDIA_REVIEW"
"tour_places_v11","da_lat:thac_voi","da_lat","Thác Voi","nature","Lâm Đồng","Lâm Hà","Thác Voi, Nam Ban, Xã Nam Ban Lâm Hà, Tỉnh Lâm Đồng, 66300, Việt Nam","11.8235094","108.3349037","","","","","","","MANUAL_MEDIA_REVIEW"
"tour_places_v11","da_lat:thi_tran_iyashi","da_lat","Thị Trấn Iyashi","landmark","","","","","","","","","","","","OUT_OF_SCOPE_UNRESOLVED_COORDINATE"
"tour_places_v11","da_lat:thien_vien_truc_lam","da_lat","Thiền Viện Trúc Lâm","heritage","Lâm Đồng","Đà Lạt","Đường Trúc Lâm Yên Tử, phường 3","11.9037000","108.4369000","https://live.staticflickr.com/3781/12031089996_d21343fe21_b.jpg","https://www.flickr.com/photos/hucker/12031089996","CC-BY-2.0","https://creativecommons.org/licenses/by/2.0/","","","VERIFIED_READY"
"tour_places_v11","da_lat:thien_vien_van_hanh","da_lat","Thiền Viện Vạn Hạnh","heritage","Lâm Đồng","Đà Lạt","Thiền viện Vạn Hạnh, Phù Đổng Thiên Vương, Ấp Đa Thiện, Lâm Viên, Phường Lâm Viên - Đà Lạt, Tỉnh Lâm Đồng, 66100, Việt Nam","11.9640027","108.4436161","","","","","","","MANUAL_MEDIA_REVIEW"
"tour_places_v11","da_lat:thung_lung_tinh_yeu","da_lat","Thung Lũng Tình Yêu","nature","Lâm Đồng","Đà Lạt","Thung Lũng Tình Yêu, Mai Anh Đào, Phường Lâm Viên - Đà Lạt, Tỉnh Lâm Đồng, 66100, Việt Nam","11.9781853","108.4499229","","","","","","","MANUAL_MEDIA_REVIEW"
"tour_places_v11","da_lat:thung_lung_vang","da_lat","Thung Lũng Vàng","nature","Lâm Đồng","Đà Lạt","Thung Lũng Vàng, Đường Trường Sơn Đông, Phường Lang Biang - Đà Lạt, Lán Tranh, Xã Đam Rông 4, Tỉnh Lâm Đồng, 66200, Việt Nam","12.0067009","108.3827889","","","","","","","MANUAL_MEDIA_REVIEW"
"tour_places_v11","da_lat:tiem_nuong_chuyen_tau_hoang_hon","da_lat","Tiệm Nướng Chuyến Tàu Hoàng Hôn","food","","","","","","","","","","","","OUT_OF_SCOPE_UNRESOLVED_COORDINATE"
"tour_places_v11","da_lat:trai_mat","da_lat","Trại Mát","landmark","Lâm Đồng","Đà Lạt","Trại Mát, Tự Phước, Lộc Quý, Phường Xuân Trường - Đà Lạt, Tỉnh Lâm Đồng, Việt Nam","11.9461160","108.5014597","","","","","","","MANUAL_MEDIA_REVIEW"
"tour_places_v11","da_lat:tu_vien_bat_nha","da_lat","Tu Viện Bát Nhã","landmark","","","","","","","","","","","","OUT_OF_SCOPE_UNRESOLVED_COORDINATE"
"tour_places_v11","da_lat:vuon_chau_au","da_lat","Vườn Châu Âu","landmark","","","","","","","","","","","","OUT_OF_SCOPE_UNRESOLVED_COORDINATE"
"tour_places_v11","da_lat:vuon_dau_da_lat","da_lat","Vườn Dâu Đà Lạt","landmark","Lâm Đồng","Đà Lạt","Vườn dâu Công nghệ cao Bình Yên, 19A, Phường Cam Ly - Đà Lạt, Đà Lạt, Tỉnh Lâm Đồng, Việt Nam","11.9488370","108.4271406","","","","","","","MANUAL_MEDIA_REVIEW"
"tour_places_v11","da_lat:vuon_dia_dang","da_lat","Vườn Địa Đàng","landmark","","","","","","","","","","","","OUT_OF_SCOPE_UNRESOLVED_COORDINATE"
"tour_places_v11","da_lat:vuon_hoa_thanh_pho","da_lat","Vườn Hoa Thành Phố","landmark","Lâm Đồng","Đà Lạt","Vườn hoa Thành phố Đà Lạt, Lâm Viên, Phường Lâm Viên - Đà Lạt, Tỉnh Lâm Đồng, Việt Nam","11.9518163","108.4494401","","","","","","","MANUAL_MEDIA_REVIEW"
"tour_places_v11","da_lat:xuong_to_lua","da_lat","Xưởng Tơ Lụa","landmark","Tỉnh Lâm Đồng","Phường Lâm Viên - Đà Lạt","XQ Da Lat Historical Village, 258, Mai Anh Đào, Phường Lâm Viên - Đà Lạt, Tỉnh Lâm Đồng, 66100, Việt Nam","11.9772623","108.4474339","","","","","","","MANUAL_MEDIA_REVIEW"
"tour_places_v11","da_nang_hue_hoi_an:ba_na_hills","da_nang_hue_hoi_an","Bà Nà Hills","landmark","Thành phố Đà Nẵng","Thành phố Đà Nẵng","Sun World Bà Nà Hills, Wine Cellar, Xã Bà Nà, Thành phố Đà Nẵng, Việt Nam","15.9958569","107.9890712","","","","","","","MANUAL_MEDIA_REVIEW"
"tour_places_v11","da_nang_hue_hoi_an:ban_dao_son_tra","da_nang_hue_hoi_an","Bán Đảo Sơn Trà","nature","Thành phố Đà Nẵng","Thành phố Đà Nẵng","Bán đảo Sơn Trà, Phường Sơn Trà, Thành phố Đà Nẵng, 50414, Việt Nam","16.1204900","108.2647075","","","","","","","MANUAL_MEDIA_REVIEW"
"tour_places_v11","da_nang_hue_hoi_an:bien_an_bang","da_nang_hue_hoi_an","Biển An Bàng","nature","","","","","","","","","","","","OUT_OF_SCOPE_UNRESOLVED_COORDINATE"
"tour_places_v11","da_nang_hue_hoi_an:bien_cua_dai","da_nang_hue_hoi_an","Biển Cửa Đại","nature","Hội An","Hội An","Cua Dai, Phường Hội An Đông, Hội An, Thành phố Đà Nẵng, 51313, Việt Nam","15.8980583","108.3662256","","","","","","","MANUAL_MEDIA_REVIEW"
"tour_places_v11","da_nang_hue_hoi_an:bien_my_khe","da_nang_hue_hoi_an","Biển Mỹ Khê","nature","Thành phố Đà Nẵng","Thành phố Đà Nẵng","Bãi biển Mỹ Khê, Phường An Hải, Thành phố Đà Nẵng, 50413, Việt Nam","16.0756254","108.2468784","","","","","","","MANUAL_MEDIA_REVIEW"
"tour_places_v11","da_nang_hue_hoi_an:cau_rong","da_nang_hue_hoi_an","Cầu Rồng","landmark","Thành phố Đà Nẵng","Thành phố Đà Nẵng","Cầu Rồng, Tổ dân phố 39 Phước Ninh, Phường Hải Châu, Thành phố Đà Nẵng, 02363, Việt Nam","16.0611682","108.2278968","","","","","","","MANUAL_MEDIA_REVIEW"
"tour_places_v11","da_nang_hue_hoi_an:cau_tinh_yeu_da_nang","da_nang_hue_hoi_an","Cầu Tình Yêu Đà Nẵng","landmark","Thành phố Đà Nẵng","Thành phố Đà Nẵng","Love Bridge, Cầu Nguyễn Văn Trỗi, Tổ dân phố 4, Phường Ngũ Hành Sơn, Thành phố Đà Nẵng, 02363, Việt Nam","16.0513135","108.2309046","","","","","","","MANUAL_MEDIA_REVIEW"
"tour_places_v11","da_nang_hue_hoi_an:cau_vang","da_nang_hue_hoi_an","Cầu Vàng","landmark","Thành phố Đà Nẵng","Thành phố Đà Nẵng","Cầu Vàng, Xã Bà Nà, Thành phố Đà Nẵng, Việt Nam","15.9950915","107.9964120","","","","","","","MANUAL_MEDIA_REVIEW"
"tour_places_v11","da_nang_hue_hoi_an:cho_dong_ba","da_nang_hue_hoi_an","Chợ Đông Ba","market","Thừa Thiên Huế","Hương Thuỷ","Chợ Đông Ba, Trần Hưng Đạo, Tổ dân phố Đông Ba, Phường Phú Xuân, Hương Thuỷ, Thành phố Huế, 54000, Việt Nam","16.4724474","107.5886452","","","","","","","MANUAL_MEDIA_REVIEW"
"tour_places_v11","da_nang_hue_hoi_an:chua_cau_hoi_an","da_nang_hue_hoi_an","Chùa Cầu Hội An","heritage","Hội An","Hội An","Chùa Cầu, Nguyễn Thị Minh Khai, Hoi An Old Town, Phường Hội An, Hội An, Thành phố Đà Nẵng, 51309, Việt Nam","15.8771541","108.3260034","","","","","","","MANUAL_MEDIA_REVIEW"
"tour_places_v11","da_nang_hue_hoi_an:chua_linh_ung_son_tra","da_nang_hue_hoi_an","Chùa Linh Ứng Sơn Trà","heritage","Thành phố Đà Nẵng","Thành phố Đà Nẵng","Chùa Linh Ứng, Đường Hoàng Sa, Phường Sơn Trà, Thành phố Đà Nẵng, 50408, Việt Nam","16.1001567","108.2784112","","","","","","","MANUAL_MEDIA_REVIEW"
"tour_places_v11","da_nang_hue_hoi_an:chua_thien_mu","da_nang_hue_hoi_an","Chùa Thiên Mụ","heritage","Thừa Thiên Huế","Phường Kim Long","Chùa Thiên Mụ, Đường Văn Thánh, Tổ dân phố Xuân Hòa, Kim Long, Phường Kim Long, Thành phố Huế, 54000, Việt Nam","16.4537195","107.5445808","","","","","","","MANUAL_MEDIA_REVIEW"
"tour_places_v11","da_nang_hue_hoi_an:cu_lao_cham","da_nang_hue_hoi_an","Cù Lao Chàm","nature","Thành phố Đà Nẵng","Thành phố Đà Nẵng","Cù Lao Chàm, Thành phố Đà Nẵng, Việt Nam","15.9508587","108.5227203","","","","","","","MANUAL_MEDIA_REVIEW"
"tour_places_v11","da_nang_hue_hoi_an:dai_noi_hue","da_nang_hue_hoi_an","Đại Nội Huế","heritage","Thừa Thiên Huế","Phường Phú Xuân","Hoàng Thành Huế, Road 2, Kinh thành Huế, Đông Ba, Tổ dân phố Thành Nội, Phường Phú Xuân, Thành phố Huế, 54000, Việt Nam","16.4689726","107.5781266","","","","","","","MANUAL_MEDIA_REVIEW"
"tour_places_v11","da_nang_hue_hoi_an:deo_hai_van","da_nang_hue_hoi_an","Đèo Hải Vân","nature","Thành phố Đà Nẵng","Thành phố Đà Nẵng","Đèo Hải Vân, Tổ dân phố Kim Liên 3, Phường Hải Vân, Xã Chân Mây - Lăng Cô, Thành phố Đà Nẵng, Việt Nam","16.1691434","108.1262622","","","","","","","MANUAL_MEDIA_REVIEW"
"tour_places_v11","da_nang_hue_hoi_an:doi_vong_canh","da_nang_hue_hoi_an","Đồi Vọng Cảnh","nature","Thừa Thiên Huế","Hương Thuỷ","Vong Canh Hill, Phường Thủy Xuân, Hương Thuỷ, Thành phố Huế, Việt Nam","16.4283613","107.5639447","","","","","","","MANUAL_MEDIA_REVIEW"
"tour_places_v11","da_nang_hue_hoi_an:hoi_quan_phuc_kien","da_nang_hue_hoi_an","Hội Quán Phúc Kiến","heritage","Hội An","Hội An","Hội quán Phúc Kiến, 46, Trần Phú, An Hội, Phố cổ Hội An, Phường Hội An, Hội An, Thành phố Đà Nẵng, 64000, Việt Nam","15.8781389","108.3309922","","","","","","","MANUAL_MEDIA_REVIEW"
"tour_places_v11","da_nang_hue_hoi_an:lang_huong_thuy_xuan","da_nang_hue_hoi_an","Làng Hương Thủy Xuân","heritage","Thừa Thiên Huế","Phường Thủy Xuân","Làng hương Thủy Xuân, Thủy Xuân, Phường Thủy Xuân, Thành phố Huế, 54000, Việt Nam","16.4339974","107.5626698","","","","","","","MANUAL_MEDIA_REVIEW"
"tour_places_v11","da_nang_hue_hoi_an:lang_khai_dinh","da_nang_hue_hoi_an","Lăng Khải Định","heritage","Thừa Thiên Huế","Phường Thủy Xuân","Lăng Khải Định, Đường Đại Nam, Thủy Bằng, Thủy Xuân, Phường Thủy Xuân, Thành phố Huế, Việt Nam","16.3990174","107.5903393","","","","","","","MANUAL_MEDIA_REVIEW"
"tour_places_v11","da_nang_hue_hoi_an:lang_minh_mang","da_nang_hue_hoi_an","Lăng Minh Mạng","heritage","Thừa Thiên Huế","Phường Kim Long","Lăng Minh Mạng, Minh Mang, Tổ dân phố Hương Thọ Bắc, Phường Kim Long, Thành phố Huế, Việt Nam","16.3877545","107.5677832","","","","","","","MANUAL_MEDIA_REVIEW"
"tour_places_v11","da_nang_hue_hoi_an:lang_tu_duc","da_nang_hue_hoi_an","Lăng Tự Đức","heritage","Thừa Thiên Huế","Phường Thủy Xuân","Lăng Tự Đức, Đoàn Nhữ Hài, Thủy Xuân, Phường Thủy Xuân, Thành phố Huế, 54000, Việt Nam","16.4330399","107.5655159","","","","","","","MANUAL_MEDIA_REVIEW"
"tour_places_v11","da_nang_hue_hoi_an:ngu_hanh_son","da_nang_hue_hoi_an","Ngũ Hành Sơn","landmark","Hội An","Hội An","Phường Ngũ Hành Sơn, Hội An, Thành phố Đà Nẵng, 50510, Việt Nam","16.0107980","108.2531780","","","","","","","MANUAL_MEDIA_REVIEW"
"tour_places_v11","da_nang_hue_hoi_an:nha_co_tan_ky","da_nang_hue_hoi_an","Nhà Cổ Tấn Ký","landmark","Hội An","Hội An","Tan Ky, Nguyễn Thái Học, Hoi An Old Town, Phường Hội An, Hội An, Thành phố Đà Nẵng, 64000, Việt Nam","15.8764553","108.3278311","","","","","","","MANUAL_MEDIA_REVIEW"
"tour_places_v11","da_nang_hue_hoi_an:nui_than_tai","da_nang_hue_hoi_an","Núi Thần Tài","nature","Thành phố Đà Nẵng","Thành phố Đà Nẵng","Núi Thần Tài, Quốc lộ 14G, Xã Hòa Vang, Thành phố Đà Nẵng, Việt Nam","15.9681262","108.0196301","","","","","","","MANUAL_MEDIA_REVIEW"
"tour_places_v11","da_nang_hue_hoi_an:pha_tam_giang","da_nang_hue_hoi_an","Phá Tam Giang","lake","Thành phố Huế","Thành phố Huế","Phá Tam Giang, Thành phố Huế, Việt Nam","16.6014643","107.5431820","","","","","","","MANUAL_MEDIA_REVIEW"
"tour_places_v11","da_nang_hue_hoi_an:pho_co_hoi_an","da_nang_hue_hoi_an","Phố Cổ Hội An","lake","Hội An","Hội An","Hoi An Old Town, Phường Hội An, Hội An, Thành phố Đà Nẵng, 51319, Việt Nam","15.8771291","108.3286631","","","","","","","MANUAL_MEDIA_REVIEW"
"tour_places_v11","da_nang_hue_hoi_an:rung_dua_bay_mau","da_nang_hue_hoi_an","Rừng Dừa Bảy Mẫu","nature","Hội An","Hội An","Đường Rừng Dừa Bảy Mẫu, Phường Hội An Đông, Hội An, Thành phố Đà Nẵng, 51313, Việt Nam","15.8855608","108.3678833","","","","","","","MANUAL_MEDIA_REVIEW"
"tour_places_v11","da_nang_hue_hoi_an:song_hoai","da_nang_hue_hoi_an","Sông Hoài","lake","Hội An","Hội An","Quảng trường Sông Hoài, An Hội, Phường Hội An, Hội An, Thành phố Đà Nẵng, 51309, Việt Nam","15.8775030","108.3235110","","","","","","","MANUAL_MEDIA_REVIEW"
"tour_places_v11","da_nang_hue_hoi_an:song_huong","da_nang_hue_hoi_an","Sông Hương","lake","Thành phố Huế","Thành phố Huế","Sông Hương, Tổ dân phố 9, Phường Hóa Châu, Thành phố Huế, Việt Nam","16.5143937","107.5785697","","","","","","","MANUAL_MEDIA_REVIEW"
"tour_places_v11","da_nang_hue_hoi_an:thanh_dia_la_vang","da_nang_hue_hoi_an","Thánh Địa La Vang","heritage","","","","","","","","","","","","OUT_OF_SCOPE_UNRESOLVED_COORDINATE"
"tour_places_v11","da_nang_hue_hoi_an:thanh_dia_my_son","da_nang_hue_hoi_an","Thánh Địa Mỹ Sơn","heritage","Thành phố Đà Nẵng","Thành phố Đà Nẵng","Thánh địa Mỹ Sơn, Cầu Thẻ - Mỹ Sơn, Xã Thu Bồn, Thành phố Đà Nẵng, Việt Nam","15.7655202","108.1234531","","","","","","","MANUAL_MEDIA_REVIEW"
"tour_places_v11","ha_noi:ban_cat_cat","ha_noi","Bản Cát Cát","landmark","Phường Sa Pa","Phường Sa Pa","Không Gian Văn Hóa - Sapa Tinh Hoa Hội Tụ, 001, Phường Sa Pa, Tỉnh Lào Cai, 33300, Việt Nam","22.3356942","103.8408604","","","","","","","MANUAL_MEDIA_REVIEW"
"tour_places_v11","ha_noi:ban_lac","ha_noi","Bản Lác","landmark","Tỉnh Phú Thọ","Mai Châu","mai chau hostel lounge bar restaurant, bản, Quốc lộ 15, Bản Lác, Mai Châu, Xã Mai Hạ, Tỉnh Phú Thọ, 36400, Việt Nam","20.6537082","105.0722738","","","","","","","MANUAL_MEDIA_REVIEW"
"tour_places_v11","ha_noi:bao_tang_dan_toc_hoc","ha_noi","Bảo Tàng Dân Tộc Học","heritage","Thành phố Hà Nội","Thành phố Hà Nội","Bảo tàng Dân tộc học Việt Nam, Đường Nguyễn Văn Huyên, Dịch Vọng Tiền, Làng Nghĩa Đô, Phường Nghĩa Đô, Thành phố Hà Nội, 11307, Việt Nam","21.0400774","105.7988403","","","","","","","MANUAL_MEDIA_REVIEW"
"tour_places_v11","ha_noi:cau_the_huc","ha_noi","Cầu Thê Húc","landmark","Thành phố Hà Nội","Thành phố Hà Nội","Cầu Thê Húc, Khu phố cổ, Phường Hoàn Kiếm, Thành phố Hà Nội, 11024, Việt Nam","21.0307694","105.8527822","","","","","","","MANUAL_MEDIA_REVIEW"
"tour_places_v11","ha_noi:chua_bai_dinh","ha_noi","Chùa Bái Đính","heritage","Tỉnh Ninh Bình","Phường Tây Hoa Lư","Chùa Bái Đính, Lối đi xuống, Phường Tây Hoa Lư, Tỉnh Ninh Bình, 08251, Việt Nam","20.2728394","105.8640252","","","","","","","MANUAL_MEDIA_REVIEW"
"tour_places_v11","ha_noi:chua_huong","ha_noi","Chùa Hương","heritage","Thành phố Hà Nội","Thành phố Hà Nội","Cáp treo Chùa Hương, Đường Hùng Tiến, Xã Hương Sơn, Thành phố Hà Nội, Việt Nam","20.6161556","105.7402252","","","","","","","MANUAL_MEDIA_REVIEW"
"tour_places_v11","ha_noi:chua_mot_cot","ha_noi","Chùa Một Cột","heritage","Thành phố Hà Nội","Thành phố Hà Nội","Chùa Một Cột, Phố Ông Ích Khiêm, Xuân Biểu, Phường Ba Đình, Thành phố Hà Nội, 11120, Việt Nam","21.0358555","105.8336143","","","","","","","MANUAL_MEDIA_REVIEW"
"tour_places_v11","ha_noi:chua_tran_quoc","ha_noi","Chùa Trấn Quốc","heritage","Thành phố Hà Nội","Thành phố Hà Nội","Chùa Trấn Quốc, Đường Thanh Niên, Yên Phụ, Phường Tây Hồ, Thành phố Hà Nội, 11214, Việt Nam","21.0478837","105.8368375","","","","","","","MANUAL_MEDIA_REVIEW"
"tour_places_v11","ha_noi:den_ngoc_son","ha_noi","Đền Ngọc Sơn","heritage","Thành phố Hà Nội","Thành phố Hà Nội","Đền Ngọc Sơn, Cầu Thê Húc, Khu phố cổ, Phường Hoàn Kiếm, Thành phố Hà Nội, 11024, Việt Nam","21.0307272","105.8523763","","","","","","","MANUAL_MEDIA_REVIEW"
"tour_places_v11","ha_noi:dong_thien_cung","ha_noi","Động Thiên Cung","nature","Tỉnh Ninh Bình","Phường Nam Hoa Lư","Dộng Thiên Cung, Buffalo Cave, Phường Nam Hoa Lư, Ninh Hải, Tỉnh Ninh Bình, 08213, Việt Nam","20.2159541","105.9141871","","","","","","","MANUAL_MEDIA_REVIEW"
"tour_places_v11","ha_noi:fansipan","ha_noi","Fansipan","landmark","Phường Sa Pa","Phường Sa Pa","Đường Fansipan, Sapa, Phường Sa Pa, Tỉnh Lào Cai, 33300, Việt Nam","22.3354356","103.8411280","","","","","","","MANUAL_MEDIA_REVIEW"
"tour_places_v11","ha_noi:hang_mua","ha_noi","Hang Múa","nature","Thành phố Hà Nội","Thành phố Hà Nội","Cửa Hàng Mua Bán Sửa Chữa Chuyên Nghiệp ĐTDĐ Nokia, Đường 69 P. Lê Văn Hiến, Đông Ngạc, Quận Từ Liêm, Hà Nội, Việt Nam, Đường Lê Văn Hiến, Phường Đông Ngạc, Thành phố Hà Nội, 11909, Việt Nam","21.0747196","105.7730577","","","","","","","MANUAL_MEDIA_REVIEW"
"tour_places_v11","ha_noi:hang_sung_sot","ha_noi","Hang Sửng Sốt","nature","Thành phố Quảng Ninh","Thành phố Quảng Ninh","Hang Sửng Sốt, Phường Hồng Gai, Thành phố Quảng Ninh, Việt Nam","20.8436135","107.0912853","","","","","","","MANUAL_MEDIA_REVIEW"
"tour_places_v11","ha_noi:ho_dai_lai","ha_noi","Hồ Đại Lải","lake","Tỉnh Phú Thọ","Bá Hiến","Hồ Đại Lải, Bá Hiến, Tỉnh Phú Thọ, Việt Nam","21.3260377","105.7127130","","","","","","","MANUAL_MEDIA_REVIEW"
"tour_places_v11","ha_noi:ho_hoan_kiem","ha_noi","Hồ Hoàn Kiếm","lake","Thành phố Hà Nội","Thành phố Hà Nội","Hồ Hoàn Kiếm, Phường Hoàn Kiếm, Thành phố Hà Nội, 11024, Việt Nam","21.0288313","105.8525357","","","","","","","MANUAL_MEDIA_REVIEW"
"tour_places_v11","ha_noi:ho_tay","ha_noi","Hồ Tây","lake","Thành phố Hà Nội","Thành phố Hà Nội","Hồ Tây, Thành phố Hà Nội, 11214, Việt Nam","21.0580419","105.8139655","https://live.staticflickr.com/5159/7060828915_f40b91635e_b.jpg","https://www.flickr.com/photos/94735786@N00/7060828915","CC-BY-2.0","https://creativecommons.org/licenses/by/2.0/","David McKelvey","David McKelvey / Flickr / CC-BY-2.0","VERIFIED_READY"
"tour_places_v11","ha_noi:hoa_lu","ha_noi","Hoa Lư","heritage","Thành phố Hà Nội","Thành phố Hà Nội","Phố Hoa Lư, Vân Hồ, Phường Hai Bà Trưng, Thành phố Hà Nội, 11626, Việt Nam","21.0100868","105.8478024","","","","","","","MANUAL_MEDIA_REVIEW"
"tour_places_v11","ha_noi:lang_chu_tich_ho_chi_minh","ha_noi","Lăng Chủ Tịch Hồ Chí Minh","lake","Thành phố Hà Nội","Thành phố Hà Nội","Lăng Chủ tịch Hồ Chí Minh, 1, Đường Hùng Vương, Phường Ba Đình, Thành phố Hà Nội, 11120, Việt Nam","21.0367831","105.8346888","","","","","","","MANUAL_MEDIA_REVIEW"
"tour_places_v11","ha_noi:lang_co_duong_lam","ha_noi","Làng Cổ Đường Lâm","heritage","","","","","","","","","","","","OUT_OF_SCOPE_UNRESOLVED_COORDINATE"
"tour_places_v11","ha_noi:lang_gom_bat_trang","ha_noi","Làng Gốm Bát Tràng","heritage","Tỉnh Hưng Yên","Xã Phụng Công","Trung tâm Tinh hoa làng nghề Việt, 28, Đường Bát Tràng, Gốm Bát Tràng, Thôn Tháp, Xã Phụng Công, Tỉnh Hưng Yên, 17659, Việt Nam","20.9730809","105.9162670","","","","","","","MANUAL_MEDIA_REVIEW"
"tour_places_v11","ha_noi:mai_chau","ha_noi","Mai Châu","landmark","Thành phố Hà Nội","Thành phố Hà Nội","Nghĩa Trang Thôn Mai Châu, Xã Thiên Lộc, Thành phố Hà Nội, Việt Nam","21.1114171","105.7525638","","","","","","","MANUAL_MEDIA_REVIEW"
"tour_places_v11","ha_noi:moana_sapa","ha_noi","Moana Sapa","landmark","Phường Sa Pa","Phường Sa Pa","Moana Sapa - Checkin, Coffe and BBQ, Đường Violet, Sapa, Phường Sa Pa, Tỉnh Lào Cai, 33300, Việt Nam","22.3273625","103.8462808","","","","","","","MANUAL_MEDIA_REVIEW"
"tour_places_v11","ha_noi:nha_hat_lon_ha_noi","ha_noi","Nhà Hát Lớn Hà Nội","heritage","Thành phố Hà Nội","Thành phố Hà Nội","Thành phố Hà Nội, Việt Nam","21.0283334","105.8540410","","","","","","","MANUAL_MEDIA_REVIEW"
"tour_places_v11","ha_noi:nha_tho_da_sapa","ha_noi","Nhà Thờ Đá Sapa","lake","","","","","","","","","","","","OUT_OF_SCOPE_UNRESOLVED_COORDINATE"
"tour_places_v11","ha_noi:nha_tu_hoa_lo","ha_noi","Nhà Tù Hỏa Lò","heritage","Thành phố Hà Nội","Thành phố Hà Nội","Nhà tù Hỏa Lò, 1, Phố Hỏa Lò, Phường Cửa Nam, Thành phố Hà Nội, 11018, Việt Nam","21.0254222","105.8465093","","","","","","","MANUAL_MEDIA_REVIEW"
"tour_places_v11","ha_noi:pho_co_ha_noi","ha_noi","Phố Cổ Hà Nội","lake","Thành phố Hà Nội","Thành phố Hà Nội","Phở Cồ, 77, Phố Phạm Tuấn Tài, Phường Nghĩa Đô, Thành phố Hà Nội, 11307, Việt Nam","21.0456914","105.7862359","","","","","","","MANUAL_MEDIA_REVIEW"
"tour_places_v11","ha_noi:tam_coc","ha_noi","Tam Cốc","nature","Tỉnh Ninh Bình","Phường Hoa Lư","Tam Coc Amanda Villas, Tam Coc, Đường tỉnh 478B, Đam Khê, Phường Nam Hoa Lư, Phường Hoa Lư, Tỉnh Ninh Bình, 08213, Việt Nam","20.2176747","105.9294811","","","","","","","MANUAL_MEDIA_REVIEW"
"tour_places_v11","ha_noi:trang_an","ha_noi","Tràng An","nature","Thành phố Hà Nội","Thành phố Hà Nội","Trang An, Phố Hàng Gai, Khu phố cổ, Phường Hoàn Kiếm, Thành phố Hà Nội, 11024, Việt Nam","21.0321562","105.8502600","","","","","","","MANUAL_MEDIA_REVIEW"
"tour_places_v11","ha_noi:tuan_chau","ha_noi","Tuần Châu","landmark","Thành phố Quảng Ninh","Thành phố Quảng Ninh","Đi Hạ Long, Phường Tuần Châu, Thành phố Quảng Ninh, Việt Nam","20.9602109","106.9448247","","","","","","","MANUAL_MEDIA_REVIEW"
"tour_places_v11","ha_noi:van_mieu_quoc_tu_giam","ha_noi","Văn Miếu Quốc Tử Giám","heritage","Thành phố Hà Nội","Thành phố Hà Nội","Văn Miếu - Quốc Tử Giám, Phường Văn Miếu - Quốc Tử Giám, Thành phố Hà Nội, 11508, Việt Nam","21.0287903","105.8359533","","","","","","","MANUAL_MEDIA_REVIEW"
"tour_places_v11","ha_noi:vinh_ha_long","ha_noi","Vịnh Hạ Long","nature","Thành phố Quảng Ninh","Thành phố Quảng Ninh","Vịnh Hạ Long, Thành phố Quảng Ninh, Việt Nam","20.9084384","107.0682782","","","","","","","MANUAL_MEDIA_REVIEW"
"tour_places_v11","ha_noi:vuon_quoc_gia_ba_vi","ha_noi","Vườn Quốc Gia Ba Vì","nature","Thành phố Hà Nội","Thành phố Hà Nội","Vườn quốc gia Ba Vì, Phường Kỳ Sơn, Thành phố Hà Nội, Xã Thịnh Minh, Tỉnh Phú Thọ, Việt Nam","21.0184475","105.3930256","","","","","","","MANUAL_MEDIA_REVIEW"
"tour_places_v11","ha_noi:yen_tu","ha_noi","Yên Tử","landmark","Thành phố Quảng Ninh","Thành phố Quảng Ninh","Phường Yên Tử, Tân Lập, Thành phố Quảng Ninh, Việt Nam","21.0420805","106.7178343","","","","","","","MANUAL_MEDIA_REVIEW"
"tour_places_v11","phan_thiet:bai_da_ong_dia","phan_thiet","Bãi Đá Ông Địa","nature","Phan Thiết","Phan Thiết","Bãi Đá Ông Địa, Nguyễn Thông, Phường Phú Thủy, Phan Thiết, Tỉnh Lâm Đồng, Việt Nam","10.9368487","108.1842521","","","","","","","MANUAL_MEDIA_REVIEW"
"tour_places_v11","phan_thiet:bao_tang_ngoc_trai","phan_thiet","Bảo Tàng Ngọc Trai","heritage","","","","","","","","","","","","OUT_OF_SCOPE_UNRESOLVED_COORDINATE"
"tour_places_v11","phan_thiet:bau_sen","phan_thiet","Bàu Sen","lake","","","","","","","","","","","","OUT_OF_SCOPE_UNRESOLVED_COORDINATE"
"tour_places_v11","phan_thiet:bau_trang","phan_thiet","Bàu Trắng","lake","Tỉnh Lâm Đồng","Xã Hòa Thắng","Bàu Trắng, Xã Hòa Thắng, Tỉnh Lâm Đồng, Việt Nam","11.0679312","108.4163598","","","","","","","MANUAL_MEDIA_REVIEW"
"tour_places_v11","phan_thiet:bien_mui_ne","phan_thiet","Biển Mũi Né","nature","Phan Thiết","Phan Thiết","Central Beach, Phường Mũi Né, Phan Thiết, Tỉnh Lâm Đồng, Việt Nam","10.9404976","108.1931338","","","","","","","MANUAL_MEDIA_REVIEW"
"tour_places_v11","phan_thiet:cho_phan_thiet","phan_thiet","Chợ Phan Thiết","market","Bình Thuận","Phường Minh Xuân","Chợ Phan Thiết, Phố Hồng Thái, Minh Xuân, Phường Minh Xuân, Tỉnh Tuyên Quang, Việt Nam","21.8235729","105.2028463","","","","","","","MANUAL_MEDIA_REVIEW"
"tour_places_v11","phan_thiet:circus_land","phan_thiet","Circus Land","landmark","","","","","","","","","","","","OUT_OF_SCOPE_UNRESOLVED_COORDINATE"
"tour_places_v11","phan_thiet:cong_vien_bikini_beach","phan_thiet","Công Viên Bikini Beach","landmark","","","","","","","","","","","","OUT_OF_SCOPE_UNRESOLVED_COORDINATE"
"tour_places_v11","phan_thiet:dinh_van_thuy_tu","phan_thiet","Dinh Vạn Thủy Tú","heritage","Phan Thiết","Phan Thiết","Vạn Thủy Tú, 231, Ngư Ông, Phường Phan Thiết, Phan Thiết, Tỉnh Lâm Đồng, 77120, Việt Nam","10.9231943","108.1000501","","","","","","","MANUAL_MEDIA_REVIEW"
"tour_places_v11","phan_thiet:doi_cat_bay","phan_thiet","Đồi Cát Bay","nature","Bình Thuận","Phường Mũi Né","Đồi Cát Bay, Xuân Thủy, Phường Mũi Né, Tỉnh Lâm Đồng, Việt Nam","10.9488830","108.2978477","","","","","","","MANUAL_MEDIA_REVIEW"
"tour_places_v11","phan_thiet:hon_rom","phan_thiet","Hòn Rơm","nature","Bình Thuận","Phường Mũi Né","Hòn Rơm, Phường Mũi Né, Tỉnh Lâm Đồng, Việt Nam","10.9549065","108.3352589","","","","","","","MANUAL_MEDIA_REVIEW"
"tour_places_v11","phan_thiet:lang_chai_mui_ne","phan_thiet","Làng Chài Mũi Né","heritage","Bình Thuận","Phường Mũi Né","Làng Chài Mũi Né, Huỳnh Thúc Kháng, Phường Mũi Né, Tỉnh Lâm Đồng, Việt Nam","10.9409844","108.2793613","","","","","","","MANUAL_MEDIA_REVIEW"
"tour_places_v11","phan_thiet:lau_dai_ruou_vang","phan_thiet","Lâu Đài Rượu Vang","landmark","Phan Thiết","Phan Thiết","Lâu đài Rượu Vang, Võ Nguyên Giáp, Phường Phú Thủy, Phan Thiết, Tỉnh Lâm Đồng, Việt Nam","10.9474383","108.1819949","","","","","","","MANUAL_MEDIA_REVIEW"
"tour_places_v11","phan_thiet:lau_ong_hoang","phan_thiet","Lầu Ông Hoàng","heritage","Phan Thiết","Phan Thiết","Lầu Ông Hoàng, Hàn Mặc Tử, Phường Phú Thủy, Phan Thiết, Tỉnh Lâm Đồng, 77120, Việt Nam","10.9347126","108.1449820","","","","","","","MANUAL_MEDIA_REVIEW"
"tour_places_v11","phan_thiet:mui_ke_ga","phan_thiet","Mũi Kê Gà","nature","Bình Thuận","Xã Tân Thành","Mũi Kê Gà, Kê Gà, Xã Tân Thành, Tỉnh Lâm Đồng, Việt Nam","10.6998411","107.9931295","https://live.staticflickr.com/1580/23847012240_5bc193bb6d_b.jpg","https://www.flickr.com/photos/17352537@N00/23847012240","CC-BY-2.0","https://creativecommons.org/licenses/by/2.0/","Prince Roy","Prince Roy / Flickr / CC-BY-2.0","VERIFIED_READY"
"tour_places_v11","phan_thiet:novaworld_phan_thiet","phan_thiet","NovaWorld Phan Thiết","landmark","Phan Thiết","Phan Thiết","NovaWorld Phan Thiết Golf Club, Đường bộ ven biển Bình Thuận, Phường Tiến Thành, Phan Thiết, Tỉnh Lâm Đồng, Việt Nam","10.8211417","108.0288826","","","","","","","MANUAL_MEDIA_REVIEW"
"tour_places_v11","phan_thiet:nui_ta_cu","phan_thiet","Núi Tà Cú","nature","Tỉnh Lâm Đồng","Thuận Nam","Núi Tà Kóu, Thuận Nam, Xã Hàm Thuận Nam, Tỉnh Lâm Đồng, 77706, Việt Nam","10.8150648","107.9000974","","","","","","","MANUAL_MEDIA_REVIEW"
"tour_places_v11","phan_thiet:sea_links_city","phan_thiet","Sea Links City","landmark","Phan Thiết","Phan Thiết","Sea Links Beach Villa - Sea Links City, Phạm Thanh Tùng, Phường Phú Thủy, Phan Thiết, Tỉnh Lâm Đồng, Việt Nam","10.9437289","108.1772723","","","","","","","MANUAL_MEDIA_REVIEW"
"tour_places_v11","phan_thiet:sea_links_golf","phan_thiet","Sea Links Golf","landmark","Phan Thiết","Phan Thiết","Sea Links Golf Country Club, Phạm Thanh Tùng, Phường Phú Thủy, Phan Thiết, Tỉnh Lâm Đồng, Việt Nam","10.9439507","108.1833294","","","","","","","MANUAL_MEDIA_REVIEW"
"tour_places_v11","phan_thiet:suoi_tien","phan_thiet","Suối Tiên","lake","Bình Thuận","Phường Mũi Né","Suối Tiên, Phường Mũi Né, Tỉnh Lâm Đồng, Việt Nam","10.9538145","108.2577244","","","","","","","MANUAL_MEDIA_REVIEW"
"tour_places_v11","phan_thiet:thap_cham_poshanu","phan_thiet","Tháp Chàm Poshanu","heritage","","","","","","","","","","","","OUT_OF_SCOPE_UNRESOLVED_COORDINATE"
"tour_places_v11","phan_thiet:truong_duc_thanh","phan_thiet","Trường Dục Thanh","heritage","Phan Thiết","Phan Thiết","Trường Dục Thanh, Trưng Nhị, Phường Phan Thiết, Phan Thiết, Tỉnh Lâm Đồng, 77120, Việt Nam","10.9282469","108.0960510","","","","","","","MANUAL_MEDIA_REVIEW"
"tour_places_v11","vung_tau:bach_dinh","vung_tau","Bạch Dinh","heritage","Bà Rịa - Vũng Tàu","Thành phố Hồ Chí Minh","Bạch Dinh, 4, Trần Phú, Bãi Dâu, Phường Vũng Tàu, Thành phố Hồ Chí Minh, 78860, Việt Nam","10.3507372","107.0686418","","","","","","","MANUAL_MEDIA_REVIEW"
"tour_places_v11","vung_tau:bai_bien_298","vung_tau","Bãi Biển 298","nature","Thành phố Hồ Chí Minh","Thành phố Hồ Chí Minh","Bãi tắm Biển Đông, Thùy Vân, Bãi Sau, Phường Vũng Tàu, Thành phố Hồ Chí Minh, 78207, Việt Nam","10.3438580","107.0969514","","","","","","","MANUAL_MEDIA_REVIEW"
"tour_places_v11","vung_tau:bai_dau","vung_tau","Bãi Dâu","nature","Bà Rịa - Vũng Tàu","Thành phố Hồ Chí Minh","Bãi Dâu, Phường Vũng Tàu, Thành phố Hồ Chí Minh, 78223, Việt Nam","10.3681426","107.0630205","","","","","","","MANUAL_MEDIA_REVIEW"
"tour_places_v11","vung_tau:bai_sau","vung_tau","Bãi Sau","nature","Bà Rịa - Vũng Tàu","Thành phố Hồ Chí Minh","Bãi Sau, Phường Vũng Tàu, Thành phố Hồ Chí Minh, Việt Nam","10.3425579","107.0958939","","","","","","","MANUAL_MEDIA_REVIEW"
"tour_places_v11","vung_tau:bai_truoc","vung_tau","Bãi Trước","nature","Bà Rịa - Vũng Tàu","Thành phố Hồ Chí Minh","Bãi Trước, Phường Vũng Tàu, Thành phố Hồ Chí Minh, 78223, Việt Nam","10.3449566","107.0754709","","","","","","","MANUAL_MEDIA_REVIEW"
"tour_places_v11","vung_tau:bien_ho_coc","vung_tau","Biển Hồ Cốc","lake","Bà Rịa - Vũng Tàu","Thành phố Hồ Chí Minh","Ho Coc Beach resort, Xã Xuyên Mộc, Thành phố Hồ Chí Minh, Việt Nam","10.4994215","107.4774059","","","","","","","MANUAL_MEDIA_REVIEW"
"tour_places_v11","vung_tau:bien_ho_tram","vung_tau","Biển Hồ Tràm","lake","Bà Rịa - Vũng Tàu","Thành phố Hồ Chí Minh","Biển Hồ Tràm, Đường ven biển Vũng Tàu - Bình Thuận, Xã Hồ Tràm, Thành phố Hồ Chí Minh, 78507, Việt Nam","10.4705074","107.4357091","","","","","","","MANUAL_MEDIA_REVIEW"
"tour_places_v11","vung_tau:bien_long_hai","vung_tau","Biển Long Hải","nature","Thành phố Hồ Chí Minh","Thành phố Hồ Chí Minh","Bãi tắm Long Hải, Xã Long Hải, Thành phố Hồ Chí Minh, Việt Nam","10.3850453","107.2350623","","","","","","","MANUAL_MEDIA_REVIEW"
"tour_places_v11","vung_tau:bien_tropicana","vung_tau","Biển Tropicana","nature","","","","","","","","","","","","OUT_OF_SCOPE_UNRESOLVED_COORDINATE"
"tour_places_v11","vung_tau:cau_ngam_bien_hamptons","vung_tau","Cầu Ngắm Biển Hamptons","nature","","","","","","","","","","","","OUT_OF_SCOPE_UNRESOLVED_COORDINATE"
"tour_places_v11","vung_tau:cau_tinh_yeu_long_hai","vung_tau","Cầu Tình Yêu Long Hải","landmark","","","","","","","","","","","","OUT_OF_SCOPE_UNRESOLVED_COORDINATE"
"tour_places_v11","vung_tau:cong_vien_rung_minera","vung_tau","Công Viên Rừng Minera","nature","Bà Rịa - Vũng Tàu","Thành phố Hồ Chí Minh","Minera Hot Springs Bình Châu, Hòa Hội-Bình Châu, Xã Bình Châu, Thành phố Hồ Chí Minh, 78510, Việt Nam","10.6030998","107.5584397","","","","","","","MANUAL_MEDIA_REVIEW"
"tour_places_v11","vung_tau:dai_tong_lam","vung_tau","Đại Tòng Lâm","heritage","Thành phố Hồ Chí Minh","Thành phố Hồ Chí Minh","Vạn Phật Quang Đại Tòng Lâm Tự, Đào Duy Anh, Mỹ Thạnh, Phường Phú Mỹ, Thành phố Hồ Chí Minh, 78706, Việt Nam","10.6034797","107.0580998","","","","","","","MANUAL_MEDIA_REVIEW"
"tour_places_v11","vung_tau:dao_long_son","vung_tau","Đảo Long Sơn","nature","Thành phố Hồ Chí Minh","Thành phố Hồ Chí Minh","Đường cao tốc Biên Hòa – Vũng Tàu, Phường Long Hương, Xã Châu Pha, Thành phố Hồ Chí Minh, 78712, Việt Nam","10.5645758","107.1580026","","","","","","","MANUAL_MEDIA_REVIEW"
"tour_places_v11","vung_tau:deo_nuoc_ngot","vung_tau","Đèo Nước Ngọt","nature","Bà Rịa - Vũng Tàu","Thành phố Hồ Chí Minh","Đèo Nước Ngọt, Xã Phước Hải, Thành phố Hồ Chí Minh, Việt Nam","10.3800403","107.2553044","","","","","","","MANUAL_MEDIA_REVIEW"
"tour_places_v11","vung_tau:dinh_co","vung_tau","Dinh Cô","heritage","Bà Rịa - Vũng Tàu","Thành phố Hồ Chí Minh","Dinh Cô, Đường Hai Bà Trưng, Ấp Hải Sơn, Xã Long Hải, Thành phố Hồ Chí Minh, 78412, Việt Nam","10.3866753","107.2342459","","","","","","","MANUAL_MEDIA_REVIEW"
"tour_places_v11","vung_tau:doi_cuu_suoi_nghe","vung_tau","Đồi Cừu Suối Nghệ","nature","Thành phố Hồ Chí Minh","Thành phố Hồ Chí Minh","đồi cừu suối nghệ, Đường số 31, Xã Nghĩa Thành, Thành phố Hồ Chí Minh, 78617, Việt Nam","10.5866589","107.1793147","","","","","","","MANUAL_MEDIA_REVIEW"
"tour_places_v11","vung_tau:ho_may","vung_tau","Hồ Mây","lake","Bà Rịa - Vũng Tàu","Thành phố Hồ Chí Minh","Hồ Mây Park, Vi Ba, Phường Vũng Tàu, Thành phố Hồ Chí Minh, 78860, Việt Nam","10.3594711","107.0676503","","","","","","","MANUAL_MEDIA_REVIEW"
"tour_places_v11","vung_tau:ho_suoi_mo_binh_chau","vung_tau","Hồ Suối Mơ Bình Châu","lake","","","","","","","","","","","","OUT_OF_SCOPE_UNRESOLVED_COORDINATE"
"tour_places_v11","vung_tau:hon_ba","vung_tau","Hòn Bà","nature","Bà Rịa - Vũng Tàu","Thành phố Hồ Chí Minh","Hòn Bà, Phường Vũng Tàu, Thành phố Hồ Chí Minh, Việt Nam","10.3238724","107.0892665","","","","","","","MANUAL_MEDIA_REVIEW"
"tour_places_v11","vung_tau:kdl_bien_dong","vung_tau","KDL Biển Đông","nature","","","","","","","","","","","","OUT_OF_SCOPE_UNRESOLVED_COORDINATE"
"tour_places_v11","vung_tau:kdl_ngoc_xuong","vung_tau","KDL Ngọc Xương","landmark","","","","","","","","","","","","OUT_OF_SCOPE_UNRESOLVED_COORDINATE"
"tour_places_v11","vung_tau:khu_gieng_troi_binh_chau","vung_tau","Khu Giếng Trời Bình Châu","landmark","","","","","","","","","","","","OUT_OF_SCOPE_UNRESOLVED_COORDINATE"
"tour_places_v11","vung_tau:lang_ca_ong","vung_tau","Lăng Cá Ông","heritage","","","","","","","","","","","","OUT_OF_SCOPE_UNRESOLVED_COORDINATE"
"tour_places_v11","vung_tau:marina_vung_tau","vung_tau","Marina Vũng Tàu","landmark","Thành phố Hồ Chí Minh","Thành phố Hồ Chí Minh","Marina Bay Vung Tau Resort, Trần Phú, Bãi Dâu, Phường Vũng Tàu, Thành phố Hồ Chí Minh, 76666, Việt Nam","10.3792310","107.0554207","","","","","","","MANUAL_MEDIA_REVIEW"
"tour_places_v11","vung_tau:mui_nghinh_phong","vung_tau","Mũi Nghinh Phong","nature","Bà Rịa - Vũng Tàu","Thành phố Hồ Chí Minh","Mũi Nghinh Phong, Phường Vũng Tàu, Thành phố Hồ Chí Minh, 78225, Việt Nam","10.3204661","107.0837210","","","","","","","MANUAL_MEDIA_REVIEW"
"tour_places_v11","vung_tau:ngon_hai_dang_vung_tau","vung_tau","Ngọn Hải Đăng Vũng Tàu","landmark","Bà Rịa - Vũng Tàu","Thành phố Hồ Chí Minh","Hải đăng Vũng Tàu, Hải Đăng, Phường Vũng Tàu, Thành phố Hồ Chí Minh, 78207, Việt Nam","10.3341077","107.0776554","","","","","","","MANUAL_MEDIA_REVIEW"
"tour_places_v11","vung_tau:nha_lon_long_son","vung_tau","Nhà Lớn Long Sơn","heritage","Bà Rịa - Vũng Tàu","Thành phố Hồ Chí Minh","Nhà Lớn Long Sơn, 28 Tháng 4, Thôn 2, Xã Long Sơn, Thành phố Hồ Chí Minh, 78222, Việt Nam","10.4543214","107.0962087","","","","","","","MANUAL_MEDIA_REVIEW"
"tour_places_v11","vung_tau:niet_ban_tinh_xa","vung_tau","Niết Bàn Tịnh Xá","heritage","Bà Rịa - Vũng Tàu","Thành phố Hồ Chí Minh","Niết Bàn Tịnh Xá, 66/7, Hạ Long, Bãi Dứa, Phường Vũng Tàu, Thành phố Hồ Chí Minh, 78225, Việt Nam","10.3306105","107.0767970","","","","","","","MANUAL_MEDIA_REVIEW"
"tour_places_v11","vung_tau:nong_trai_cuu","vung_tau","Nông Trại Cừu","landmark","","","","","","","","","","","","OUT_OF_SCOPE_UNRESOLVED_COORDINATE"
"tour_places_v11","vung_tau:nui_minh_dam","vung_tau","Núi Minh Đạm","nature","","","","","","","","","","","","OUT_OF_SCOPE_UNRESOLVED_COORDINATE"
"tour_places_v11","vung_tau:suoi_da","vung_tau","Suối Đá","nature","Bà Rịa - Vũng Tàu","Thành phố Hồ Chí Minh","Suối Đá, Xã Bình Châu, Thành phố Hồ Chí Minh, 78510, Việt Nam","10.5725872","107.5539570","","","","","","","MANUAL_MEDIA_REVIEW"
"tour_places_v11","vung_tau:suoi_nuoc_nong_binh_chau","vung_tau","Suối Nước Nóng Bình Châu","nature","Bà Rịa - Vũng Tàu","Thành phố Hồ Chí Minh","Suối nước nóng Bình Châu, Xã Bình Châu, Thành phố Hồ Chí Minh, 78510, Việt Nam","10.5869991","107.5587977","","","","","","","MANUAL_MEDIA_REVIEW"
"tour_places_v11","vung_tau:thap_tam_thang","vung_tau","Tháp Tam Thắng","heritage","Bà Rịa - Vũng Tàu","Thành phố Hồ Chí Minh","Tháp Tam Thắng, Thùy Vân, Phường Vũng Tàu, Thành phố Hồ Chí Minh, 76666, Việt Nam","10.3456066","107.0974283","","","","","","","MANUAL_MEDIA_REVIEW"
"tour_places_v11","vung_tau:thap_vong_thien","vung_tau","Tháp Vọng Thiên","heritage","","","","","","","","","","","","OUT_OF_SCOPE_UNRESOLVED_COORDINATE"
"tour_places_v11","vung_tau:thich_ca_phat_dai","vung_tau","Thích Ca Phật Đài","landmark","Bà Rịa - Vũng Tàu","Thành phố Hồ Chí Minh","Thích ca Phật Đài, Trần Phú, Bãi Dâu, Phường Vũng Tàu, Thành phố Hồ Chí Minh, 76666, Việt Nam","10.3746285","107.0705354","","","","","","","MANUAL_MEDIA_REVIEW"
"tour_places_v11","vung_tau:thien_vien_thuong_chieu","vung_tau","Thiền Viện Thường Chiếu","heritage","Thành phố Đồng Nai","Xã Phước Thái","Thiền viện Thường Chiếu, Ấp 3, Xã Phước Thái, Thành phố Đồng Nai, 76214, Việt Nam","10.6841664","107.0264405","","","","","","","MANUAL_MEDIA_REVIEW"
"tour_places_v11","vung_tau:thien_vien_truc_lam_chan_nguyen","vung_tau","Thiền Viện Trúc Lâm Chân Nguyên","heritage","Bà Rịa - Vũng Tàu","Thành phố Hồ Chí Minh","Thiền viện Trúc Lâm Chân Nguyên, Đường vào Thiền viện Trúc Lâm Chân Nguyên, Xã Phước Hải, Thành phố Hồ Chí Minh, Việt Nam","10.3973306","107.2634222","","","","","","","MANUAL_MEDIA_REVIEW"
"tour_places_v11","vung_tau:tuong_chua_kito","vung_tau","Tượng Chúa Kitô","heritage","Bà Rịa - Vũng Tàu","Thành phố Hồ Chí Minh","Tượng Chúa Kitô Vua, Hẻm 222 Phan Chu Trinh, Khu phố 2, Phường Vũng Tàu, Thành phố Hồ Chí Minh, 78225, Việt Nam","10.3265017","107.0845208","","","","","","","MANUAL_MEDIA_REVIEW"
