"external_id","destination_key","canonical_name","category","province","district","latitude","longitude","geocode_status","geocode_query","geocode_source","geocode_reference","geocode_license","osm_type","osm_id","osm_class","osm_place_type","review_note"
"da_lat:bao_tang_madame_de","da_lat","Bảo Tàng Madame De","heritage","","","","","unresolved","Lãnh địa Đức Bà Đà Lạt | Bảo tàng Madame De Đà Lạt | Bảo Tàng Madame De, Đà Lạt, Lâm Đồng, Việt Nam | Bảo Tàng Madame De, Lâm Đồng, Việt Nam | Bảo Tàng Madame De, Việt Nam","","","","","","","","missing verified coordinate; do not import while places.latitude/longitude are NOT NULL"
"da_lat:cafe_me_linh","da_lat","Cafe Mê Linh","food","Lâm Đồng","Đà Lạt","11.9001444","108.3467469","verified_existing","","existing_catalog","","","","","","",""
"da_lat:cafe_mien_du_muc","da_lat","Cafe Miền Du Mục","food","","","","","unresolved","Miền Du Mục Đà Lạt | Cafe Miền Du Mục Đà Lạt | Cafe Miền Du Mục, Đà Lạt, Lâm Đồng, Việt Nam | Cafe Miền Du Mục, Lâm Đồng, Việt Nam | Cafe Miền Du Mục, Việt Nam","","","","","","","","missing verified coordinate; do not import while places.latitude/longitude are NOT NULL"
"da_lat:canh_dong_hoa_cam_tu_cau","da_lat","Cánh Đồng Hoa Cẩm Tú Cầu","nature","","","","","unresolved","Cánh đồng hoa cẩm tú cầu Trại Mát Đà Lạt | Cánh Đồng Hoa Cẩm Tú Cầu, Đà Lạt, Lâm Đồng, Việt Nam | Cánh Đồng Hoa Cẩm Tú Cầu, Lâm Đồng, Việt Nam | Cánh Đồng Hoa Cẩm Tú Cầu, Việt Nam","","","","","","","","missing verified coordinate; do not import while places.latitude/longitude are NOT NULL"
"da_lat:cho_da_lat","da_lat","Chợ Đà Lạt","market","Lâm Đồng","Đà Lạt","11.9434358","108.4371779","verified_existing","","existing_catalog","","","","","","",""
"da_lat:chua_linh_an","da_lat","Chùa Linh Ẩn","heritage","Lâm Đồng","Lâm Hà","11.8244076","108.3336066","verified_existing","","existing_catalog","","","","","","",""
"da_lat:chua_linh_phuoc","da_lat","Chùa Linh Phước","heritage","Lâm Đồng","Đà Lạt","11.9442799","108.4993994","verified_existing","","existing_catalog","","","","","","",""
"da_lat:chua_thien_vuong_co_sat","da_lat","Chùa Thiên Vương Cổ Sát","heritage","Lâm Đồng","Đà Lạt","11.9259429","108.4595900","verified_existing","","existing_catalog","","","","","","",""
"da_lat:cong_troi_bali_green_hill","da_lat","Cổng Trời Bali Green Hill","landmark","","","","","unresolved","Bali Green Hills Đà Lạt | Bali Green Hill Đà Lạt | Cổng trời Bali Đà Lạt | Cổng Trời Bali Green Hill, Đà Lạt, Lâm Đồng, Việt Nam | Cổng Trời Bali Green Hill, Lâm Đồng, Việt Nam | Cổng Trời Bali Green Hill, Việt Nam","","","","","","","","missing verified coordinate; do not import while places.latitude/longitude are NOT NULL"
"da_lat:crazy_house","da_lat","Crazy House","heritage","Lâm Đồng","Đà Lạt","11.9345622","108.4305116","verified_existing","","existing_catalog","","","","","","",""
"da_lat:dai_bao_thap_kinh_luan","da_lat","Đại Bảo Tháp Kinh Luân","heritage","","","","","unresolved","Đại Bảo Tháp Kinh Luân Samten Hills | Samten Hills Đà Lạt | Đại Bảo Tháp Kinh Luân, Đà Lạt, Lâm Đồng, Việt Nam | Đại Bảo Tháp Kinh Luân, Lâm Đồng, Việt Nam | Đại Bảo Tháp Kinh Luân, Việt Nam","","","","","","","","missing verified coordinate; do not import while places.latitude/longitude are NOT NULL"
"da_lat:dapa_hill","da_lat","Dapa Hill","landmark","","","","","unresolved","Dapa Hill Đà Lạt | Dapa Hill, Đà Lạt, Lâm Đồng, Việt Nam | Dapa Hill, Lâm Đồng, Việt Nam | Dapa Hill, Việt Nam","","","","","","","","missing verified coordinate; do not import while places.latitude/longitude are NOT NULL"
"da_lat:dinh_bao_dai","da_lat","Dinh Bảo Đại","heritage","Lâm Đồng","Đà Lạt","11.9289000","108.4239000","verified_existing","","existing_catalog","","","","","","",""
"da_lat:dinh_i","da_lat","Dinh I","heritage","Lâm Đồng","Đà Lạt","11.9648364","108.4317751","verified_existing","","existing_catalog","","","","","","",""
"da_lat:doi_che_cau_dat","da_lat","Đồi Chè Cầu Đất","nature","Lâm Đồng","Đà Lạt","11.8777526","108.5603366","verified_existing","","existing_catalog","","","","","","",""
"da_lat:doi_mong_mo","da_lat","Đồi Mộng Mơ","landmark","Lâm Đồng","Đà Lạt","11.9792995","108.4452972","verified_existing","","existing_catalog","","","","","","",""
"da_lat:doi_robin","da_lat","Đồi Robin","nature","","","","","unresolved","Đồi Robin Đà Lạt | Robin Hill Đà Lạt | Đồi Robin, Đà Lạt, Lâm Đồng, Việt Nam | Đồi Robin, Lâm Đồng, Việt Nam | Đồi Robin, Việt Nam","","","","","","","","missing verified coordinate; do not import while places.latitude/longitude are NOT NULL"
"da_lat:duong_ham_dat_set","da_lat","Đường Hầm Đất Sét","landmark","Lâm Đồng","Đà Lạt","11.8828709","108.4112222","verified_existing","","existing_catalog","","","","","","",""
"da_lat:fresh_garden","da_lat","Fresh Garden","landmark","","","","","unresolved","Fresh Garden Dalat | Fresh Garden Đà Lạt | Fresh Đà Lạt | Fresh Garden, Đà Lạt, Lâm Đồng, Việt Nam | Fresh Garden, Lâm Đồng, Việt Nam | Fresh Garden, Việt Nam","","","","","","","","missing verified coordinate; do not import while places.latitude/longitude are NOT NULL"
"da_lat:gallery_la_chocotea","da_lat","Gallery La Chocotea","landmark","","","","","unresolved","La Chocotea Đà Lạt | Gallery La Chocotea Đà Lạt | Gallery La Chocotea, Đà Lạt, Lâm Đồng, Việt Nam | Gallery La Chocotea, Lâm Đồng, Việt Nam | Gallery La Chocotea, Việt Nam","","","","","","","","missing verified coordinate; do not import while places.latitude/longitude are NOT NULL"
"da_lat:happy_hill","da_lat","Happy Hill","food","Lâm Đồng","Đà Lạt","11.8833803","108.4179266","verified_existing","","existing_catalog","","","","","","",""
"da_lat:ho_tuyen_lam","da_lat","Hồ Tuyền Lâm","lake","Lâm Đồng","Đà Lạt","11.9000000","108.4390000","verified_existing","","existing_catalog","","","","","","",""
"da_lat:ho_vo_cuc","da_lat","Hồ Vô Cực","lake","Đà Lạt","Đà Lạt","11.8836192","108.4099704","verified_existing","","existing_catalog","","","","","","",""
"da_lat:ho_xuan_huong","da_lat","Hồ Xuân Hương","lake","Lâm Đồng","Đà Lạt","11.9419000","108.4483000","verified_existing","","existing_catalog","","","","","","",""
"da_lat:hoa_son_dien_trang","da_lat","Hoa Sơn Điền Trang","landmark","","","","","unresolved","Hoa Sơn Điền Trang Đà Lạt | Hoa Sơn Điền Trang, Đà Lạt, Lâm Đồng, Việt Nam | Hoa Sơn Điền Trang, Lâm Đồng, Việt Nam | Hoa Sơn Điền Trang, Việt Nam","","","","","","","","missing verified coordinate; do not import while places.latitude/longitude are NOT NULL"
"da_lat:kdl_suoi_binh_yen","da_lat","KDL Suối Bình Yên","nature","","","","","unresolved","Khu du lịch Suối Bình Yên Đà Lạt | Suối Bình Yên Lâm Đồng | KDL Suối Bình Yên, Đà Lạt, Lâm Đồng, Việt Nam | KDL Suối Bình Yên, Lâm Đồng, Việt Nam | KDL Suối Bình Yên, Việt Nam","","","","","","","","missing verified coordinate; do not import while places.latitude/longitude are NOT NULL"
"da_lat:kombi_land","da_lat","Kombi Land","landmark","","","","","unresolved","Kombi Land Đà Lạt | Kombi Land, Đà Lạt, Lâm Đồng, Việt Nam | Kombi Land, Lâm Đồng, Việt Nam | Kombi Land, Việt Nam","","","","","","","","missing verified coordinate; do not import while places.latitude/longitude are NOT NULL"
"da_lat:lac_hu_co_tran","da_lat","Lạc Hư Cổ Trấn","landmark","","","","","unresolved","Lạc Hư Cổ Trấn Đà Lạt | Lạc Hư Cổ Trấn, Đà Lạt, Lâm Đồng, Việt Nam | Lạc Hư Cổ Trấn, Lâm Đồng, Việt Nam | Lạc Hư Cổ Trấn, Việt Nam","","","","","","","","missing verified coordinate; do not import while places.latitude/longitude are NOT NULL"
"da_lat:lang_art_cafe","da_lat","Lặng Art Café","food","","","","","unresolved","Lặng Art Cafe Đà Lạt | Lặng Art Café, Đà Lạt, Lâm Đồng, Việt Nam | Lặng Art Café, Lâm Đồng, Việt Nam | Lặng Art Café, Việt Nam","","","","","","","","missing verified coordinate; do not import while places.latitude/longitude are NOT NULL"
"da_lat:lang_cu_lan","da_lat","Làng Cù Lần","nature","Lâm Đồng","Đà Lạt","12.0265094","108.3626621","verified_existing","","existing_catalog","","","","","","",""
"da_lat:lang_hoa_van_thanh","da_lat","Làng Hoa Vạn Thành","landmark","Lâm Đồng","Đà Lạt","11.9473417","108.4144729","verified_existing","","existing_catalog","","","","","","",""
"da_lat:langbiang","da_lat","Langbiang","nature","Lâm Đồng","Đà Lạt","12.0472573","108.4405826","verified_existing","","existing_catalog","","","","","","",""
"da_lat:mongo_land","da_lat","Mongo Land","landmark","Lâm Đồng","Đà Lạt","11.9156425","108.3392258","verified_existing","","existing_catalog","","","","","","",""
"da_lat:nac_thang_thien_duong","da_lat","Nấc Thang Thiên Đường","nature","Tỉnh Lâm Đồng","Phường Xuân Trường - Đà Lạt","11.9441516","108.4884062","verified_existing","","existing_catalog","","","","","","",""
"da_lat:nha_ga_da_lat","da_lat","Nhà Ga Đà Lạt","landmark","Lâm Đồng","Đà Lạt","11.9415998","108.4544331","verified_existing","","existing_catalog","","","","","","",""
"da_lat:nha_tho_con_ga","da_lat","Nhà Thờ Con Gà","lake","Đà Lạt","Đà Lạt","11.9362368","108.4376882","verified_existing","","existing_catalog","","","","","","",""
"da_lat:nha_tho_domain_de_marie","da_lat","Nhà Thờ Domain De Marie","heritage","Lâm Đồng","Đà Lạt","11.9496625","108.4301370","verified_existing","","existing_catalog","","","","","","",""
"da_lat:nong_trai_co_tich","da_lat","Nông Trại Cổ Tích","landmark","","","","","unresolved","Fairytale Land Đà Lạt | Nông trại cổ tích Đà Lạt | Nông Trại Cổ Tích, Đà Lạt, Lâm Đồng, Việt Nam | Nông Trại Cổ Tích, Lâm Đồng, Việt Nam | Nông Trại Cổ Tích, Việt Nam","","","","","","","","missing verified coordinate; do not import while places.latitude/longitude are NOT NULL"
"da_lat:puppy_farm","da_lat","Puppy Farm","food","Lâm Đồng","Đà Lạt","11.9626641","108.3890720","verified_existing","","existing_catalog","","","","","","",""
"da_lat:quang_truong_lam_vien","da_lat","Quảng Trường Lâm Viên","landmark","Lâm Đồng","Đà Lạt","11.9387500","108.4445280","verified_existing","","existing_catalog","","","","","","",""
"da_lat:que_garden","da_lat","Que Garden","landmark","","","","","unresolved","Que Garden Đà Lạt | Que Garden, Đà Lạt, Lâm Đồng, Việt Nam | Que Garden, Lâm Đồng, Việt Nam | Que Garden, Việt Nam","","","","","","","","missing verified coordinate; do not import while places.latitude/longitude are NOT NULL"
"da_lat:royal_garden","da_lat","Royal Garden","landmark","Lâm Đồng","Đà Lạt","11.9449344","108.4699174","verified_existing","","existing_catalog","","","","","","",""
"da_lat:rung_hoa_kho","da_lat","Rừng Hoa Khô","nature","","","","","unresolved","Rừng hoa Đà Lạt | Rừng hoa khô Đà Lạt | Rừng Hoa Khô, Đà Lạt, Lâm Đồng, Việt Nam | Rừng Hoa Khô, Lâm Đồng, Việt Nam | Rừng Hoa Khô, Việt Nam","","","","","","","","missing verified coordinate; do not import while places.latitude/longitude are NOT NULL"
"da_lat:samten_hills","da_lat","Samten Hills","landmark","Lâm Đồng","Đơn Dương","11.6928693","108.4239200","verified_existing","","existing_catalog","","","","","","",""
"da_lat:thac_bobla","da_lat","Thác Bobla","nature","Lâm Đồng","Di Linh","11.5741267","108.0204695","verified_existing","","existing_catalog","","","","","","",""
"da_lat:thac_cam_ly","da_lat","Thác Cam Ly","nature","Lâm Đồng","Đà Lạt","11.9418516","108.4204763","verified_existing","","existing_catalog","","","","","","",""
"da_lat:thac_datanla","da_lat","Thác Datanla","nature","Lâm Đồng","Đà Lạt","11.9011774","108.4488444","verified_existing","","existing_catalog","","","","","","",""
"da_lat:thac_pongour","da_lat","Thác Pongour","nature","Tỉnh Lâm Đồng","Xã Tân Hội","11.6874998","108.2654399","verified_existing","","existing_catalog","","","","","","",""
"da_lat:thac_prenn","da_lat","Thác Prenn","nature","Lâm Đồng","Đà Lạt","11.8765192","108.4701041","verified_existing","","existing_catalog","","","","","","",""
"da_lat:thac_voi","da_lat","Thác Voi","nature","Lâm Đồng","Lâm Hà","11.8235094","108.3349037","verified_existing","","existing_catalog","","","","","","",""
"da_lat:thi_tran_iyashi","da_lat","Thị Trấn Iyashi","landmark","","","","","unresolved","Iyashi Đà Lạt | Thị trấn Iyashi Đà Lạt | Thị Trấn Iyashi, Đà Lạt, Lâm Đồng, Việt Nam | Thị Trấn Iyashi, Lâm Đồng, Việt Nam | Thị Trấn Iyashi, Việt Nam","","","","","","","","missing verified coordinate; do not import while places.latitude/longitude are NOT NULL"
"da_lat:thien_vien_truc_lam","da_lat","Thiền Viện Trúc Lâm","heritage","Lâm Đồng","Đà Lạt","11.9037000","108.4369000","verified_existing","","existing_catalog","","","","","","",""
"da_lat:thien_vien_van_hanh","da_lat","Thiền Viện Vạn Hạnh","heritage","Lâm Đồng","Đà Lạt","11.9640027","108.4436161","verified_existing","","existing_catalog","","","","","","",""
"da_lat:thung_lung_tinh_yeu","da_lat","Thung Lũng Tình Yêu","nature","Lâm Đồng","Đà Lạt","11.9781853","108.4499229","verified_existing","","existing_catalog","","","","","","",""
"da_lat:thung_lung_vang","da_lat","Thung Lũng Vàng","nature","Lâm Đồng","Đà Lạt","12.0067009","108.3827889","verified_existing","","existing_catalog","","","","","","",""
"da_lat:tiem_nuong_chuyen_tau_hoang_hon","da_lat","Tiệm Nướng Chuyến Tàu Hoàng Hôn","food","","","","","unresolved","Tiệm nướng chuyến tàu hoàng hôn Đà Lạt | Tiệm Nướng Chuyến Tàu Hoàng Hôn, Đà Lạt, Lâm Đồng, Việt Nam | Tiệm Nướng Chuyến Tàu Hoàng Hôn, Lâm Đồng, Việt Nam | Tiệm Nướng Chuyến Tàu Hoàng Hôn, Việt Nam","","","","","","","","missing verified coordinate; do not import while places.latitude/longitude are NOT NULL"
"da_lat:trai_mat","da_lat","Trại Mát","landmark","Lâm Đồng","Đà Lạt","11.9461160","108.5014597","verified_existing","","existing_catalog","","","","","","",""
"da_lat:tu_vien_bat_nha","da_lat","Tu Viện Bát Nhã","landmark","","","","","unresolved","Tu viện Bát Nhã Bảo Lộc | Bat Nha Monastery Bao Loc | Tu Viện Bát Nhã, Đà Lạt, Lâm Đồng, Việt Nam | Tu Viện Bát Nhã, Lâm Đồng, Việt Nam | Tu Viện Bát Nhã, Việt Nam","","","","","","","","missing verified coordinate; do not import while places.latitude/longitude are NOT NULL"
"da_lat:vuon_chau_au","da_lat","Vườn Châu Âu","landmark","","","","","unresolved","Vườn Châu Âu Đà Lạt | Euro Garden Đà Lạt | Vườn Châu Âu, Đà Lạt, Lâm Đồng, Việt Nam | Vườn Châu Âu, Lâm Đồng, Việt Nam | Vườn Châu Âu, Việt Nam","","","","","","","","missing verified coordinate; do not import while places.latitude/longitude are NOT NULL"
"da_lat:vuon_dau_da_lat","da_lat","Vườn Dâu Đà Lạt","landmark","Lâm Đồng","Đà Lạt","11.9488370","108.4271406","verified_existing","","existing_catalog","","","","","","",""
"da_lat:vuon_dia_dang","da_lat","Vườn Địa Đàng","landmark","","","","","unresolved","Vườn Địa Đàng Đà Lạt | Vườn Địa Đàng, Đà Lạt, Lâm Đồng, Việt Nam | Vườn Địa Đàng, Lâm Đồng, Việt Nam | Vườn Địa Đàng, Việt Nam","","","","","","","","missing verified coordinate; do not import while places.latitude/longitude are NOT NULL"
"da_lat:vuon_hoa_thanh_pho","da_lat","Vườn Hoa Thành Phố","landmark","Lâm Đồng","Đà Lạt","11.9518163","108.4494401","verified_existing","","existing_catalog","","","","","","",""
"da_lat:xuong_to_lua","da_lat","Xưởng Tơ Lụa","landmark","Tỉnh Lâm Đồng","Phường Lâm Viên - Đà Lạt","11.9772623","108.4474339","verified_existing","","existing_catalog","","","","","","",""
"da_nang_hue_hoi_an:ba_na_hills","da_nang_hue_hoi_an","Bà Nà Hills","landmark","Thành phố Đà Nẵng","Thành phố Đà Nẵng","15.9958569","107.9890712","verified_existing","","existing_catalog","","","","","","",""
"da_nang_hue_hoi_an:ban_dao_son_tra","da_nang_hue_hoi_an","Bán Đảo Sơn Trà","nature","Thành phố Đà Nẵng","Thành phố Đà Nẵng","16.1204900","108.2647075","verified_existing","","existing_catalog","","","","","","",""
"da_nang_hue_hoi_an:bien_an_bang","da_nang_hue_hoi_an","Biển An Bàng","nature","","","","","unresolved","An Bang Beach Hội An | Biển An Bàng, Hội An, Quảng Nam, Việt Nam | Biển An Bàng, Quảng Nam, Việt Nam | Biển An Bàng, Việt Nam","","","","","","","","missing verified coordinate; do not import while places.latitude/longitude are NOT NULL"
"da_nang_hue_hoi_an:bien_cua_dai","da_nang_hue_hoi_an","Biển Cửa Đại","nature","Hội An","Hội An","15.8980583","108.3662256","verified_existing","","existing_catalog","","","","","","",""
"da_nang_hue_hoi_an:bien_my_khe","da_nang_hue_hoi_an","Biển Mỹ Khê","nature","Thành phố Đà Nẵng","Thành phố Đà Nẵng","16.0756254","108.2468784","verified_existing","","existing_catalog","","","","","","",""
"da_nang_hue_hoi_an:cau_rong","da_nang_hue_hoi_an","Cầu Rồng","landmark","Thành phố Đà Nẵng","Thành phố Đà Nẵng","16.0611682","108.2278968","verified_existing","","existing_catalog","","","","","","",""
"da_nang_hue_hoi_an:cau_tinh_yeu_da_nang","da_nang_hue_hoi_an","Cầu Tình Yêu Đà Nẵng","landmark","Thành phố Đà Nẵng","Thành phố Đà Nẵng","16.0513135","108.2309046","verified_existing","","existing_catalog","","","","","","",""
"da_nang_hue_hoi_an:cau_vang","da_nang_hue_hoi_an","Cầu Vàng","landmark","Thành phố Đà Nẵng","Thành phố Đà Nẵng","15.9950915","107.9964120","verified_existing","","existing_catalog","","","","","","",""
"da_nang_hue_hoi_an:cho_dong_ba","da_nang_hue_hoi_an","Chợ Đông Ba","market","Thừa Thiên Huế","Hương Thuỷ","16.4724474","107.5886452","verified_existing","","existing_catalog","","","","","","",""
"da_nang_hue_hoi_an:chua_cau_hoi_an","da_nang_hue_hoi_an","Chùa Cầu Hội An","heritage","Hội An","Hội An","15.8771541","108.3260034","verified_existing","","existing_catalog","","","","","","",""
"da_nang_hue_hoi_an:chua_linh_ung_son_tra","da_nang_hue_hoi_an","Chùa Linh Ứng Sơn Trà","heritage","Thành phố Đà Nẵng","Thành phố Đà Nẵng","16.1001567","108.2784112","verified_existing","","existing_catalog","","","","","","",""
"da_nang_hue_hoi_an:chua_thien_mu","da_nang_hue_hoi_an","Chùa Thiên Mụ","heritage","Thừa Thiên Huế","Phường Kim Long","16.4537195","107.5445808","verified_existing","","existing_catalog","","","","","","",""
"da_nang_hue_hoi_an:cu_lao_cham","da_nang_hue_hoi_an","Cù Lao Chàm","nature","Thành phố Đà Nẵng","Thành phố Đà Nẵng","15.9508587","108.5227203","verified_existing","","existing_catalog","","","","","","",""
"da_nang_hue_hoi_an:dai_noi_hue","da_nang_hue_hoi_an","Đại Nội Huế","heritage","Thừa Thiên Huế","Phường Phú Xuân","16.4689726","107.5781266","verified_nominatim","Hoàng Thành Huế","OpenStreetMap/Nominatim","https://www.openstreetmap.org/node/5182931945","OpenStreetMap contributors / ODbL","node","5182931945","tourism","museum",""
"da_nang_hue_hoi_an:deo_hai_van","da_nang_hue_hoi_an","Đèo Hải Vân","nature","Thành phố Đà Nẵng","Thành phố Đà Nẵng","16.1691434","108.1262622","verified_existing","","existing_catalog","","","","","","",""
"da_nang_hue_hoi_an:doi_vong_canh","da_nang_hue_hoi_an","Đồi Vọng Cảnh","nature","Thừa Thiên Huế","Hương Thuỷ","16.4283613","107.5639447","verified_existing","","existing_catalog","","","","","","",""
"da_nang_hue_hoi_an:hoi_quan_phuc_kien","da_nang_hue_hoi_an","Hội Quán Phúc Kiến","heritage","Hội An","Hội An","15.8781389","108.3309922","verified_existing","","existing_catalog","","","","","","",""
"da_nang_hue_hoi_an:lang_huong_thuy_xuan","da_nang_hue_hoi_an","Làng Hương Thủy Xuân","heritage","Thừa Thiên Huế","Phường Thủy Xuân","16.4339974","107.5626698","verified_existing","","existing_catalog","","","","","","",""
"da_nang_hue_hoi_an:lang_khai_dinh","da_nang_hue_hoi_an","Lăng Khải Định","heritage","Thừa Thiên Huế","Phường Thủy Xuân","16.3990174","107.5903393","verified_existing","","existing_catalog","","","","","","",""
"da_nang_hue_hoi_an:lang_minh_mang","da_nang_hue_hoi_an","Lăng Minh Mạng","heritage","Thừa Thiên Huế","Phường Kim Long","16.3877545","107.5677832","verified_existing","","existing_catalog","","","","","","",""
"da_nang_hue_hoi_an:lang_tu_duc","da_nang_hue_hoi_an","Lăng Tự Đức","heritage","Thừa Thiên Huế","Phường Thủy Xuân","16.4330399","107.5655159","verified_existing","","existing_catalog","","","","","","",""
"da_nang_hue_hoi_an:ngu_hanh_son","da_nang_hue_hoi_an","Ngũ Hành Sơn","landmark","Hội An","Hội An","16.0107980","108.2531780","verified_existing","","existing_catalog","","","","","","",""
"da_nang_hue_hoi_an:nha_co_tan_ky","da_nang_hue_hoi_an","Nhà Cổ Tấn Ký","landmark","Hội An","Hội An","15.8764553","108.3278311","verified_nominatim","Tan Ky House Hoi An","OpenStreetMap/Nominatim","https://www.openstreetmap.org/way/595299310","OpenStreetMap contributors / ODbL","way","595299310","tourism","museum",""
"da_nang_hue_hoi_an:nui_than_tai","da_nang_hue_hoi_an","Núi Thần Tài","nature","Thành phố Đà Nẵng","Thành phố Đà Nẵng","15.9681262","108.0196301","verified_existing","","existing_catalog","","","","","","",""
"da_nang_hue_hoi_an:pha_tam_giang","da_nang_hue_hoi_an","Phá Tam Giang","lake","Thành phố Huế","Thành phố Huế","16.6014643","107.5431820","verified_existing","","existing_catalog","","","","","","",""
"da_nang_hue_hoi_an:pho_co_hoi_an","da_nang_hue_hoi_an","Phố Cổ Hội An","lake","Hội An","Hội An","15.8771291","108.3286631","verified_existing","","existing_catalog","","","","","","",""
"da_nang_hue_hoi_an:rung_dua_bay_mau","da_nang_hue_hoi_an","Rừng Dừa Bảy Mẫu","nature","Hội An","Hội An","15.8855608","108.3678833","verified_existing","","existing_catalog","","","","","","",""
"da_nang_hue_hoi_an:song_hoai","da_nang_hue_hoi_an","Sông Hoài","lake","Hội An","Hội An","15.8775030","108.3235110","verified_existing","","existing_catalog","","","","","","",""
"da_nang_hue_hoi_an:song_huong","da_nang_hue_hoi_an","Sông Hương","lake","Thành phố Huế","Thành phố Huế","16.5143937","107.5785697","verified_existing","","existing_catalog","","","","","","",""
"da_nang_hue_hoi_an:thanh_dia_la_vang","da_nang_hue_hoi_an","Thánh Địa La Vang","heritage","","","","","unresolved","Thánh địa La Vang Quảng Trị | La Vang Holy Land Quang Tri | Our Lady of La Vang | Thánh Địa La Vang, La Vang, Quảng Trị, Việt Nam | Thánh Địa La Vang, Quảng Trị, Việt Nam | Thánh Địa La Vang, Việt Nam","","","","","","","","missing verified coordinate; do not import while places.latitude/longitude are NOT NULL"
"da_nang_hue_hoi_an:thanh_dia_my_son","da_nang_hue_hoi_an","Thánh Địa Mỹ Sơn","heritage","Thành phố Đà Nẵng","Thành phố Đà Nẵng","15.7655202","108.1234531","verified_existing","","existing_catalog","","","","","","",""
"ha_noi:ban_cat_cat","ha_noi","Bản Cát Cát","landmark","Phường Sa Pa","Phường Sa Pa","22.3356942","103.8408604","verified_nominatim","Cat Cat Village Sapa","OpenStreetMap/Nominatim","https://www.openstreetmap.org/way/1324773443","OpenStreetMap contributors / ODbL","way","1324773443","leisure","park",""
"ha_noi:ban_lac","ha_noi","Bản Lác","landmark","Tỉnh Phú Thọ","Mai Châu","20.6537082","105.0722738","verified_existing","","existing_catalog","","","","","","",""
"ha_noi:bao_tang_dan_toc_hoc","ha_noi","Bảo Tàng Dân Tộc Học","heritage","Thành phố Hà Nội","Thành phố Hà Nội","21.0400774","105.7988403","verified_existing","","existing_catalog","","","","","","",""
"ha_noi:cau_the_huc","ha_noi","Cầu Thê Húc","landmark","Thành phố Hà Nội","Thành phố Hà Nội","21.0307694","105.8527822","verified_existing","","existing_catalog","","","","","","",""
"ha_noi:chua_bai_dinh","ha_noi","Chùa Bái Đính","heritage","Tỉnh Ninh Bình","Phường Tây Hoa Lư","20.2728394","105.8640252","verified_existing","","existing_catalog","","","","","","",""
"ha_noi:chua_huong","ha_noi","Chùa Hương","heritage","Thành phố Hà Nội","Thành phố Hà Nội","20.6161556","105.7402252","verified_existing","","existing_catalog","","","","","","",""
"ha_noi:chua_mot_cot","ha_noi","Chùa Một Cột","heritage","Thành phố Hà Nội","Thành phố Hà Nội","21.0358555","105.8336143","verified_existing","","existing_catalog","","","","","","",""
"ha_noi:chua_tran_quoc","ha_noi","Chùa Trấn Quốc","heritage","Thành phố Hà Nội","Thành phố Hà Nội","21.0478837","105.8368375","verified_existing","","existing_catalog","","","","","","",""
"ha_noi:den_ngoc_son","ha_noi","Đền Ngọc Sơn","heritage","Thành phố Hà Nội","Thành phố Hà Nội","21.0307272","105.8523763","verified_existing","","existing_catalog","","","","","","",""
"ha_noi:dong_thien_cung","ha_noi","Động Thiên Cung","nature","Tỉnh Ninh Bình","Phường Nam Hoa Lư","20.2159541","105.9141871","verified_existing","","existing_catalog","","","","","","",""
"ha_noi:fansipan","ha_noi","Fansipan","landmark","Phường Sa Pa","Phường Sa Pa","22.3354356","103.8411280","verified_existing","","existing_catalog","","","","","","",""
"ha_noi:hang_mua","ha_noi","Hang Múa","nature","Thành phố Hà Nội","Thành phố Hà Nội","21.0747196","105.7730577","verified_existing","","existing_catalog","","","","","","",""
"ha_noi:hang_sung_sot","ha_noi","Hang Sửng Sốt","nature","Thành phố Quảng Ninh","Thành phố Quảng Ninh","20.8436135","107.0912853","verified_existing","","existing_catalog","","","","","","",""
"ha_noi:ho_dai_lai","ha_noi","Hồ Đại Lải","lake","Tỉnh Phú Thọ","Bá Hiến","21.3260377","105.7127130","verified_existing","","existing_catalog","","","","","","",""
"ha_noi:ho_hoan_kiem","ha_noi","Hồ Hoàn Kiếm","lake","Thành phố Hà Nội","Thành phố Hà Nội","21.0288313","105.8525357","verified_existing","","existing_catalog","","","","","","",""
"ha_noi:ho_tay","ha_noi","Hồ Tây","lake","Thành phố Hà Nội","Thành phố Hà Nội","21.0580419","105.8139655","verified_existing","","existing_catalog","","","","","","",""
"ha_noi:hoa_lu","ha_noi","Hoa Lư","heritage","Thành phố Hà Nội","Thành phố Hà Nội","21.0100868","105.8478024","verified_existing","","existing_catalog","","","","","","",""
"ha_noi:lang_chu_tich_ho_chi_minh","ha_noi","Lăng Chủ Tịch Hồ Chí Minh","lake","Thành phố Hà Nội","Thành phố Hà Nội","21.0367831","105.8346888","verified_existing","","existing_catalog","","","","","","",""
"ha_noi:lang_co_duong_lam","ha_noi","Làng Cổ Đường Lâm","heritage","","","","","unresolved","Làng cổ Đường Lâm Sơn Tây | Làng cổ Đường Lâm Hà Nội | Duong Lam Ancient Village Son Tay | Làng Cổ Đường Lâm, Hà Nội, Việt Nam | Làng Cổ Đường Lâm, Việt Nam","","","","","","","","missing verified coordinate; do not import while places.latitude/longitude are NOT NULL"
"ha_noi:lang_gom_bat_trang","ha_noi","Làng Gốm Bát Tràng","heritage","Tỉnh Hưng Yên","Xã Phụng Công","20.9730809","105.9162670","verified_nominatim","Trung tâm Tinh hoa làng nghề Việt Bát Tràng","OpenStreetMap/Nominatim","https://www.openstreetmap.org/node/9846898217","OpenStreetMap contributors / ODbL","node","9846898217","tourism","museum",""
"ha_noi:mai_chau","ha_noi","Mai Châu","landmark","Thành phố Hà Nội","Thành phố Hà Nội","21.1114171","105.7525638","verified_existing","","existing_catalog","","","","","","",""
"ha_noi:moana_sapa","ha_noi","Moana Sapa","landmark","Phường Sa Pa","Phường Sa Pa","22.3273625","103.8462808","verified_existing","","existing_catalog","","","","","","",""
"ha_noi:nha_hat_lon_ha_noi","ha_noi","Nhà Hát Lớn Hà Nội","heritage","Thành phố Hà Nội","Thành phố Hà Nội","21.0283334","105.8540410","verified_existing","","existing_catalog","","","","","","",""
"ha_noi:nha_tho_da_sapa","ha_noi","Nhà Thờ Đá Sapa","lake","","","","","unresolved","Nhà thờ đá Sa Pa | Sapa Stone Church | Notre Dame Cathedral Sapa | Nhà Thờ Đá Sapa, Sa Pa, Lào Cai, Việt Nam | Nhà Thờ Đá Sapa, Lào Cai, Việt Nam | Nhà Thờ Đá Sapa, Việt Nam","","","","","","","","missing verified coordinate; do not import while places.latitude/longitude are NOT NULL"
"ha_noi:nha_tu_hoa_lo","ha_noi","Nhà Tù Hỏa Lò","heritage","Thành phố Hà Nội","Thành phố Hà Nội","21.0254222","105.8465093","verified_existing","","existing_catalog","","","","","","",""
"ha_noi:pho_co_ha_noi","ha_noi","Phố Cổ Hà Nội","lake","Thành phố Hà Nội","Thành phố Hà Nội","21.0456914","105.7862359","verified_existing","","existing_catalog","","","","","","",""
"ha_noi:tam_coc","ha_noi","Tam Cốc","nature","Tỉnh Ninh Bình","Phường Hoa Lư","20.2176747","105.9294811","verified_existing","","existing_catalog","","","","","","",""
"ha_noi:trang_an","ha_noi","Tràng An","nature","Thành phố Hà Nội","Thành phố Hà Nội","21.0321562","105.8502600","verified_existing","","existing_catalog","","","","","","",""
"ha_noi:tuan_chau","ha_noi","Tuần Châu","landmark","Thành phố Quảng Ninh","Thành phố Quảng Ninh","20.9602109","106.9448247","verified_existing","","existing_catalog","","","","","","",""
"ha_noi:van_mieu_quoc_tu_giam","ha_noi","Văn Miếu Quốc Tử Giám","heritage","Thành phố Hà Nội","Thành phố Hà Nội","21.0287903","105.8359533","verified_existing","","existing_catalog","","","","","","",""
"ha_noi:vinh_ha_long","ha_noi","Vịnh Hạ Long","nature","Thành phố Quảng Ninh","Thành phố Quảng Ninh","20.9084384","107.0682782","verified_existing","","existing_catalog","","","","","","",""
"ha_noi:vuon_quoc_gia_ba_vi","ha_noi","Vườn Quốc Gia Ba Vì","nature","Thành phố Hà Nội","Thành phố Hà Nội","21.0184475","105.3930256","verified_existing","","existing_catalog","","","","","","",""
"ha_noi:yen_tu","ha_noi","Yên Tử","landmark","Thành phố Quảng Ninh","Thành phố Quảng Ninh","21.0420805","106.7178343","verified_existing","","existing_catalog","","","","","","",""
"phan_thiet:bai_da_ong_dia","phan_thiet","Bãi Đá Ông Địa","nature","Phan Thiết","Phan Thiết","10.9368487","108.1842521","verified_existing","","existing_catalog","","","","","","",""
"phan_thiet:bao_tang_ngoc_trai","phan_thiet","Bảo Tàng Ngọc Trai","heritage","","","","","unresolved","Bảo tàng ngọc trai Mũi Né | Long Beach Pearl Museum Mui Ne | Bảo Tàng Ngọc Trai, Phan Thiết, Bình Thuận, Việt Nam | Bảo Tàng Ngọc Trai, Bình Thuận, Việt Nam | Bảo Tàng Ngọc Trai, Việt Nam","","","","","","","","missing verified coordinate; do not import while places.latitude/longitude are NOT NULL"
"phan_thiet:bau_sen","phan_thiet","Bàu Sen","lake","","","","","unresolved","Bàu Sen Bình Thuận | Bàu Sen, Phan Thiết, Bình Thuận, Việt Nam | Bàu Sen, Bình Thuận, Việt Nam | Bàu Sen, Việt Nam","","","","","","","","missing verified coordinate; do not import while places.latitude/longitude are NOT NULL"
"phan_thiet:bau_trang","phan_thiet","Bàu Trắng","lake","Tỉnh Lâm Đồng","Xã Hòa Thắng","11.0679312","108.4163598","verified_existing","","existing_catalog","","","","","","",""
"phan_thiet:bien_mui_ne","phan_thiet","Biển Mũi Né","nature","Phan Thiết","Phan Thiết","10.9404976","108.1931338","verified_existing","","existing_catalog","","","","","","",""
"phan_thiet:cho_phan_thiet","phan_thiet","Chợ Phan Thiết","market","Bình Thuận","Phường Minh Xuân","21.8235729","105.2028463","verified_existing","","existing_catalog","","","","","","",""
"phan_thiet:circus_land","phan_thiet","Circus Land","landmark","","","","","unresolved","Circus Land NovaWorld Phan Thiết | Circus Land, Phan Thiết, Bình Thuận, Việt Nam | Circus Land, Bình Thuận, Việt Nam | Circus Land, Việt Nam","","","","","","","","missing verified coordinate; do not import while places.latitude/longitude are NOT NULL"
"phan_thiet:cong_vien_bikini_beach","phan_thiet","Công Viên Bikini Beach","landmark","","","","","unresolved","Bikini Beach NovaWorld Phan Thiết | Công Viên Bikini Beach, Phan Thiết, Bình Thuận, Việt Nam | Công Viên Bikini Beach, Bình Thuận, Việt Nam | Công Viên Bikini Beach, Việt Nam","","","","","","","","missing verified coordinate; do not import while places.latitude/longitude are NOT NULL"
"phan_thiet:dinh_van_thuy_tu","phan_thiet","Dinh Vạn Thủy Tú","heritage","Phan Thiết","Phan Thiết","10.9231943","108.1000501","verified_existing","","existing_catalog","","","","","","",""
"phan_thiet:doi_cat_bay","phan_thiet","Đồi Cát Bay","nature","Bình Thuận","Phường Mũi Né","10.9488830","108.2978477","verified_existing","","existing_catalog","","","","","","",""
"phan_thiet:hon_rom","phan_thiet","Hòn Rơm","nature","Bình Thuận","Phường Mũi Né","10.9549065","108.3352589","verified_existing","","existing_catalog","","","","","","",""
"phan_thiet:lang_chai_mui_ne","phan_thiet","Làng Chài Mũi Né","heritage","Bình Thuận","Phường Mũi Né","10.9409844","108.2793613","verified_existing","","existing_catalog","","","","","","",""
"phan_thiet:lau_dai_ruou_vang","phan_thiet","Lâu Đài Rượu Vang","landmark","Phan Thiết","Phan Thiết","10.9474383","108.1819949","verified_existing","","existing_catalog","","","","","","",""
"phan_thiet:lau_ong_hoang","phan_thiet","Lầu Ông Hoàng","heritage","Phan Thiết","Phan Thiết","10.9347126","108.1449820","verified_existing","","existing_catalog","","","","","","",""
"phan_thiet:mui_ke_ga","phan_thiet","Mũi Kê Gà","nature","Bình Thuận","Xã Tân Thành","10.6998411","107.9931295","verified_existing","","existing_catalog","","","","","","",""
"phan_thiet:novaworld_phan_thiet","phan_thiet","NovaWorld Phan Thiết","landmark","Phan Thiết","Phan Thiết","10.8211417","108.0288826","verified_existing","","existing_catalog","","","","","","",""
"phan_thiet:nui_ta_cu","phan_thiet","Núi Tà Cú","nature","Tỉnh Lâm Đồng","Thuận Nam","10.8150648","107.9000974","verified_nominatim","Núi Tà Kóu","OpenStreetMap/Nominatim","https://www.openstreetmap.org/node/11495857319","OpenStreetMap contributors / ODbL","node","11495857319","natural","peak",""
"phan_thiet:sea_links_city","phan_thiet","Sea Links City","landmark","Phan Thiết","Phan Thiết","10.9437289","108.1772723","verified_existing","","existing_catalog","","","","","","",""
"phan_thiet:sea_links_golf","phan_thiet","Sea Links Golf","landmark","Phan Thiết","Phan Thiết","10.9439507","108.1833294","verified_existing","","existing_catalog","","","","","","",""
"phan_thiet:suoi_tien","phan_thiet","Suối Tiên","lake","Bình Thuận","Phường Mũi Né","10.9538145","108.2577244","verified_existing","","existing_catalog","","","","","","",""
"phan_thiet:thap_cham_poshanu","phan_thiet","Tháp Chàm Poshanu","heritage","","","","","unresolved","Tháp Chăm Poshanu Phan Thiết | Po Sah Inu Cham Towers | Po Shanu Cham Towers | Tháp Chàm Poshanu, Phan Thiết, Bình Thuận, Việt Nam | Tháp Chàm Poshanu, Bình Thuận, Việt Nam | Tháp Chàm Poshanu, Việt Nam","","","","","","","","missing verified coordinate; do not import while places.latitude/longitude are NOT NULL"
"phan_thiet:truong_duc_thanh","phan_thiet","Trường Dục Thanh","heritage","Phan Thiết","Phan Thiết","10.9282469","108.0960510","verified_existing","","existing_catalog","","","","","","",""
"vung_tau:bach_dinh","vung_tau","Bạch Dinh","heritage","Bà Rịa - Vũng Tàu","Thành phố Hồ Chí Minh","10.3507372","107.0686418","verified_existing","","existing_catalog","","","","","","",""
"vung_tau:bai_bien_298","vung_tau","Bãi Biển 298","nature","Thành phố Hồ Chí Minh","Thành phố Hồ Chí Minh","10.3438580","107.0969514","verified_existing","","existing_catalog","","","","","","",""
"vung_tau:bai_dau","vung_tau","Bãi Dâu","nature","Bà Rịa - Vũng Tàu","Thành phố Hồ Chí Minh","10.3681426","107.0630205","verified_existing","","existing_catalog","","","","","","",""
"vung_tau:bai_sau","vung_tau","Bãi Sau","nature","Bà Rịa - Vũng Tàu","Thành phố Hồ Chí Minh","10.3425579","107.0958939","verified_existing","","existing_catalog","","","","","","",""
"vung_tau:bai_truoc","vung_tau","Bãi Trước","nature","Bà Rịa - Vũng Tàu","Thành phố Hồ Chí Minh","10.3449566","107.0754709","verified_existing","","existing_catalog","","","","","","",""
"vung_tau:bien_ho_coc","vung_tau","Biển Hồ Cốc","lake","Bà Rịa - Vũng Tàu","Thành phố Hồ Chí Minh","10.4994215","107.4774059","verified_existing","","existing_catalog","","","","","","",""
"vung_tau:bien_ho_tram","vung_tau","Biển Hồ Tràm","lake","Bà Rịa - Vũng Tàu","Thành phố Hồ Chí Minh","10.4705074","107.4357091","verified_existing","","existing_catalog","","","","","","",""
"vung_tau:bien_long_hai","vung_tau","Biển Long Hải","nature","Thành phố Hồ Chí Minh","Thành phố Hồ Chí Minh","10.3850453","107.2350623","verified_existing","","existing_catalog","","","","","","",""
"vung_tau:bien_tropicana","vung_tau","Biển Tropicana","nature","","","","","unresolved","Tropicana Park Hồ Tràm | Tropicana Hồ Tràm | Biển Tropicana, Vũng Tàu, Bà Rịa - Vũng Tàu, Việt Nam | Biển Tropicana, Bà Rịa - Vũng Tàu, Việt Nam | Biển Tropicana, Việt Nam","","","","","","","","missing verified coordinate; do not import while places.latitude/longitude are NOT NULL"
"vung_tau:cau_ngam_bien_hamptons","vung_tau","Cầu Ngắm Biển Hamptons","nature","","","","","unresolved","Hamptons Pier Hồ Tràm | Hamptons Hồ Tràm pier | Cầu Ngắm Biển Hamptons, Vũng Tàu, Bà Rịa - Vũng Tàu, Việt Nam | Cầu Ngắm Biển Hamptons, Bà Rịa - Vũng Tàu, Việt Nam | Cầu Ngắm Biển Hamptons, Việt Nam","","","","","","","","missing verified coordinate; do not import while places.latitude/longitude are NOT NULL"
"vung_tau:cau_tinh_yeu_long_hai","vung_tau","Cầu Tình Yêu Long Hải","landmark","","","","","unresolved","Cầu Tình Yêu Long Hải | Cầu Tình Yêu Long Hải, Long Hải, Bà Rịa - Vũng Tàu, Việt Nam | Cầu Tình Yêu Long Hải, Bà Rịa - Vũng Tàu, Việt Nam | Cầu Tình Yêu Long Hải, Việt Nam","","","","","","","","missing verified coordinate; do not import while places.latitude/longitude are NOT NULL"
"vung_tau:cong_vien_rung_minera","vung_tau","Công Viên Rừng Minera","nature","Bà Rịa - Vũng Tàu","Thành phố Hồ Chí Minh","10.6030998","107.5584397","verified_existing","","existing_catalog","","","","","","",""
"vung_tau:dai_tong_lam","vung_tau","Đại Tòng Lâm","heritage","Thành phố Hồ Chí Minh","Thành phố Hồ Chí Minh","10.6034797","107.0580998","verified_existing","","existing_catalog","","","","","","",""
"vung_tau:dao_long_son","vung_tau","Đảo Long Sơn","nature","Thành phố Hồ Chí Minh","Thành phố Hồ Chí Minh","10.5645758","107.1580026","verified_nominatim","Xã Long Sơn Vũng Tàu","OpenStreetMap/Nominatim","https://www.openstreetmap.org/way/319505881","OpenStreetMap contributors / ODbL","way","319505881","highway","motorway",""
"vung_tau:deo_nuoc_ngot","vung_tau","Đèo Nước Ngọt","nature","Bà Rịa - Vũng Tàu","Thành phố Hồ Chí Minh","10.3800403","107.2553044","verified_existing","","existing_catalog","","","","","","",""
"vung_tau:dinh_co","vung_tau","Dinh Cô","heritage","Bà Rịa - Vũng Tàu","Thành phố Hồ Chí Minh","10.3866753","107.2342459","verified_existing","","existing_catalog","","","","","","",""
"vung_tau:doi_cuu_suoi_nghe","vung_tau","Đồi Cừu Suối Nghệ","nature","Thành phố Hồ Chí Minh","Thành phố Hồ Chí Minh","10.5866589","107.1793147","verified_existing","","existing_catalog","","","","","","",""
"vung_tau:ho_may","vung_tau","Hồ Mây","lake","Bà Rịa - Vũng Tàu","Thành phố Hồ Chí Minh","10.3594711","107.0676503","verified_existing","","existing_catalog","","","","","","",""
"vung_tau:ho_suoi_mo_binh_chau","vung_tau","Hồ Suối Mơ Bình Châu","lake","","","","","unresolved","Hồ Suối Mơ Bình Châu | Hồ Suối Mơ Bình Châu, Xuyên Mộc, Bà Rịa - Vũng Tàu, Việt Nam | Hồ Suối Mơ Bình Châu, Bà Rịa - Vũng Tàu, Việt Nam | Hồ Suối Mơ Bình Châu, Việt Nam","","","","","","","","missing verified coordinate; do not import while places.latitude/longitude are NOT NULL"
"vung_tau:hon_ba","vung_tau","Hòn Bà","nature","Bà Rịa - Vũng Tàu","Thành phố Hồ Chí Minh","10.3238724","107.0892665","verified_existing","","existing_catalog","","","","","","",""
"vung_tau:kdl_bien_dong","vung_tau","KDL Biển Đông","nature","","","","","unresolved","Khu du lịch Biển Đông Vũng Tàu | KDL Biển Đông, Vũng Tàu, Bà Rịa - Vũng Tàu, Việt Nam | KDL Biển Đông, Bà Rịa - Vũng Tàu, Việt Nam | KDL Biển Đông, Việt Nam","","","","","","","","missing verified coordinate; do not import while places.latitude/longitude are NOT NULL"
"vung_tau:kdl_ngoc_xuong","vung_tau","KDL Ngọc Xương","landmark","","","","","unresolved","Khu du lịch Ngọc Xương Long Hải | KDL Ngọc Xương, Vũng Tàu, Bà Rịa - Vũng Tàu, Việt Nam | KDL Ngọc Xương, Bà Rịa - Vũng Tàu, Việt Nam | KDL Ngọc Xương, Việt Nam","","","","","","","","missing verified coordinate; do not import while places.latitude/longitude are NOT NULL"
"vung_tau:khu_gieng_troi_binh_chau","vung_tau","Khu Giếng Trời Bình Châu","landmark","","","","","unresolved","Giếng trời Bình Châu | Khu Giếng Trời Bình Châu, Xuyên Mộc, Bà Rịa - Vũng Tàu, Việt Nam | Khu Giếng Trời Bình Châu, Bà Rịa - Vũng Tàu, Việt Nam | Khu Giếng Trời Bình Châu, Việt Nam","","","","","","","","missing verified coordinate; do not import while places.latitude/longitude are NOT NULL"
"vung_tau:lang_ca_ong","vung_tau","Lăng Cá Ông","heritage","","","","","unresolved","Lăng Cá Ông Vũng Tàu | Whale Temple Vung Tau | Lăng Cá Ông, Vũng Tàu, Bà Rịa - Vũng Tàu, Việt Nam | Lăng Cá Ông, Bà Rịa - Vũng Tàu, Việt Nam | Lăng Cá Ông, Việt Nam","","","","","","","","missing verified coordinate; do not import while places.latitude/longitude are NOT NULL"
"vung_tau:marina_vung_tau","vung_tau","Marina Vũng Tàu","landmark","Thành phố Hồ Chí Minh","Thành phố Hồ Chí Minh","10.3792310","107.0554207","verified_nominatim","Vung Tau Marina","OpenStreetMap/Nominatim","https://www.openstreetmap.org/way/790529407","OpenStreetMap contributors / ODbL","way","790529407","leisure","resort",""
"vung_tau:mui_nghinh_phong","vung_tau","Mũi Nghinh Phong","nature","Bà Rịa - Vũng Tàu","Thành phố Hồ Chí Minh","10.3204661","107.0837210","verified_existing","","existing_catalog","","","","","","",""
"vung_tau:ngon_hai_dang_vung_tau","vung_tau","Ngọn Hải Đăng Vũng Tàu","landmark","Bà Rịa - Vũng Tàu","Thành phố Hồ Chí Minh","10.3341077","107.0776554","verified_existing","","existing_catalog","","","","","","",""
"vung_tau:nha_lon_long_son","vung_tau","Nhà Lớn Long Sơn","heritage","Bà Rịa - Vũng Tàu","Thành phố Hồ Chí Minh","10.4543214","107.0962087","verified_existing","","existing_catalog","","","","","","",""
"vung_tau:niet_ban_tinh_xa","vung_tau","Niết Bàn Tịnh Xá","heritage","Bà Rịa - Vũng Tàu","Thành phố Hồ Chí Minh","10.3306105","107.0767970","verified_existing","","existing_catalog","","","","","","",""
"vung_tau:nong_trai_cuu","vung_tau","Nông Trại Cừu","landmark","","","","","unresolved","Nông trại cừu Suối Nghệ | Suoi Nghe Sheep Farm | Nông Trại Cừu, Vũng Tàu, Bà Rịa - Vũng Tàu, Việt Nam | Nông Trại Cừu, Bà Rịa - Vũng Tàu, Việt Nam | Nông Trại Cừu, Việt Nam","","","","","","","","missing verified coordinate; do not import while places.latitude/longitude are NOT NULL"
"vung_tau:nui_minh_dam","vung_tau","Núi Minh Đạm","nature","","","","","unresolved","Núi Minh Đạm Long Hải | Minh Dam Base Long Hai | Minh Dam Mountain | Núi Minh Đạm, Long Hải, Bà Rịa - Vũng Tàu, Việt Nam | Núi Minh Đạm, Bà Rịa - Vũng Tàu, Việt Nam | Núi Minh Đạm, Việt Nam","","","","","","","","missing verified coordinate; do not import while places.latitude/longitude are NOT NULL"
"vung_tau:suoi_da","vung_tau","Suối Đá","nature","Bà Rịa - Vũng Tàu","Thành phố Hồ Chí Minh","10.5725872","107.5539570","verified_existing","","existing_catalog","","","","","","",""
"vung_tau:suoi_nuoc_nong_binh_chau","vung_tau","Suối Nước Nóng Bình Châu","nature","Bà Rịa - Vũng Tàu","Thành phố Hồ Chí Minh","10.5869991","107.5587977","verified_existing","","existing_catalog","","","","","","",""
"vung_tau:thap_tam_thang","vung_tau","Tháp Tam Thắng","heritage","Bà Rịa - Vũng Tàu","Thành phố Hồ Chí Minh","10.3456066","107.0974283","verified_existing","","existing_catalog","","","","","","",""
"vung_tau:thap_vong_thien","vung_tau","Tháp Vọng Thiên","heritage","","","","","unresolved","Tháp vọng thiên Vũng Tàu | Tháp Vọng Thiên, Vũng Tàu, Bà Rịa - Vũng Tàu, Việt Nam | Tháp Vọng Thiên, Bà Rịa - Vũng Tàu, Việt Nam | Tháp Vọng Thiên, Việt Nam","","","","","","","","missing verified coordinate; do not import while places.latitude/longitude are NOT NULL"
"vung_tau:thich_ca_phat_dai","vung_tau","Thích Ca Phật Đài","landmark","Bà Rịa - Vũng Tàu","Thành phố Hồ Chí Minh","10.3746285","107.0705354","verified_existing","","existing_catalog","","","","","","",""
"vung_tau:thien_vien_thuong_chieu","vung_tau","Thiền Viện Thường Chiếu","heritage","Thành phố Đồng Nai","Xã Phước Thái","10.6841664","107.0264405","verified_existing","","existing_catalog","","","","","","",""
"vung_tau:thien_vien_truc_lam_chan_nguyen","vung_tau","Thiền Viện Trúc Lâm Chân Nguyên","heritage","Bà Rịa - Vũng Tàu","Thành phố Hồ Chí Minh","10.3973306","107.2634222","verified_existing","","existing_catalog","","","","","","",""
"vung_tau:tuong_chua_kito","vung_tau","Tượng Chúa Kitô","heritage","Bà Rịa - Vũng Tàu","Thành phố Hồ Chí Minh","10.3265017","107.0845208","verified_existing","","existing_catalog","","","","","","",""
