"external_id","canonical_name","destination_key","query","latitude","longitude","geocode_source","geocode_osm_type","geocode_osm_id","geocode_class","geocode_type","geocode_importance","geocode_display_name","geocode_license","geocode_status"
"da_lat:bao_tang_madame_de","Bảo Tàng Madame De","da_lat","Bảo Tàng Madame De, Đà Lạt, Lâm Đồng, Việt Nam","","","nominatim_openstreetmap","","","","","","","OpenStreetMap contributors / ODbL","unresolved"
"da_lat:cafe_me_linh","Cafe Mê Linh","da_lat","Cafe Mê Linh, Đà Lạt, Lâm Đồng, Việt Nam","11.9001444","108.3467469","nominatim_openstreetmap","node","6089622990","amenity","cafe","4.50011444265967E-05","Mê Linh Coffee Garden, Đường tỉnh 725, Phường Cam Ly - Đà Lạt, Thôn 5, Tỉnh Lâm Đồng, 66200, Việt Nam","OpenStreetMap contributors / ODbL","geocoded_region_match"
"da_lat:cafe_mien_du_muc","Cafe Miền Du Mục","da_lat","Cafe Miền Du Mục, Đà Lạt, Lâm Đồng, Việt Nam","","","nominatim_openstreetmap","","","","","","","OpenStreetMap contributors / ODbL","unresolved"
"da_lat:canh_dong_hoa_cam_tu_cau","Cánh Đồng Hoa Cẩm Tú Cầu","da_lat","Cánh Đồng Hoa Cẩm Tú Cầu, Đà Lạt, Lâm Đồng, Việt Nam","","","nominatim_openstreetmap","","","","","","","OpenStreetMap contributors / ODbL","unresolved"
"da_lat:cho_da_lat","Chợ Đà Lạt","da_lat","Chợ Đà Lạt, Đà Lạt, Lâm Đồng, Việt Nam","11.9434358","108.4371779","nominatim_openstreetmap","relation","4119185","amenity","marketplace","5.76981765468378E-05","Chợ Đà Lạt, Nguyễn Thị Minh Khai, Đồi Petrus Ký, Phường Xuân Hương - Đà Lạt, Đà Lạt, Tỉnh Lâm Đồng, 02633, Việt Nam","OpenStreetMap contributors / ODbL","geocoded_region_match"
"da_lat:chua_linh_an","Chùa Linh Ẩn","da_lat","Linh An Pagoda Nam Ban Lam Dong Vietnam","11.8244076","108.3336066","nominatim_openstreetmap_alias","way","1355582224","amenity","place_of_worship","4.50011444265967E-05","Linh Ẩn Tự, Đường tỉnh 725, Ba Đình, Thôn 3, Xã Nam Ban Lâm Hà, Tỉnh Lâm Đồng, 66300, Việt Nam","OpenStreetMap contributors / ODbL","alias_region_match"
"da_lat:chua_linh_phuoc","Chùa Linh Phước","da_lat","Chùa Linh Phước, Đà Lạt, Lâm Đồng, Việt Nam","11.9442799","108.4993994","nominatim_openstreetmap","way","1048566814","landuse","religious","0.0800576981765469","Chùa Linh Phước, Xuân Thành, Phường Xuân Trường - Đà Lạt, Tỉnh Lâm Đồng, Việt Nam","OpenStreetMap contributors / ODbL","geocoded_region_match"
"da_lat:chua_thien_vuong_co_sat","Chùa Thiên Vương Cổ Sát","da_lat","Chùa Thiên Vương Cổ Sát, Đà Lạt, Lâm Đồng, Việt Nam","11.9259429","108.4595900","nominatim_openstreetmap","node","1152350935","amenity","place_of_worship","0.285323188174361","Thiên Vương Cổ Sát (Chùa Tàu), Đèo Mimosa, Đà Lạt, Phường Xuân Hương - Đà Lạt, Tỉnh Lâm Đồng, 66116, Việt Nam","OpenStreetMap contributors / ODbL","geocoded_region_match"
"da_lat:cong_troi_bali_green_hill","Cổng Trời Bali Green Hill","da_lat","Cổng Trời Bali Green Hill, Đà Lạt, Lâm Đồng, Việt Nam","","","nominatim_openstreetmap","","","","","","","OpenStreetMap contributors / ODbL","unresolved"
"da_lat:crazy_house","Crazy House","da_lat","Crazy House, Đà Lạt, Lâm Đồng, Việt Nam","11.9345622","108.4305116","nominatim_openstreetmap","relation","20657435","tourism","museum","0.300936853445843","Ngôi nhà quái dị, 3, Huỳnh Thúc Kháng, Ấp Nam Thiên, Phường Xuân Hương - Đà Lạt, Đà Lạt, Tỉnh Lâm Đồng, 66115, Việt Nam","OpenStreetMap contributors / ODbL","geocoded_region_match"
"da_lat:dai_bao_thap_kinh_luan","Đại Bảo Tháp Kinh Luân","da_lat","Đại Bảo Tháp Kinh Luân, Đà Lạt, Lâm Đồng, Việt Nam","","","nominatim_openstreetmap","","","","","","","OpenStreetMap contributors / ODbL","unresolved"
"da_lat:dapa_hill","Dapa Hill","da_lat","Dapa Hill, Đà Lạt, Lâm Đồng, Việt Nam","","","nominatim_openstreetmap","","","","","","","OpenStreetMap contributors / ODbL","unresolved"
"da_lat:dinh_bao_dai","Dinh Bảo Đại","da_lat","existing_seed","11.9289000","108.4239000","existing_seed","","","","","","existing checked seed data","existing seed metadata","verified_existing"
"da_lat:dinh_i","Dinh I","da_lat","Dinh I, Đà Lạt, Lâm Đồng, Việt Nam","11.9648364","108.4317751","nominatim_openstreetmap","node","13118182248","place","neighbourhood","0.0800576981765469","Cư xá Decoux, Phường Lang Biang - Đà Lạt, Đà Lạt, Tỉnh Lâm Đồng, 66100, Việt Nam","OpenStreetMap contributors / ODbL","geocoded_region_match"
"da_lat:doi_che_cau_dat","Đồi Chè Cầu Đất","da_lat","Đồi Chè Cầu Đất, Đà Lạt, Lâm Đồng, Việt Nam","11.8777526","108.5603366","nominatim_openstreetmap","node","6546337786","tourism","artwork","5.76981765468378E-05","đồi chè cầu đất, Quốc lộ 20, Phát Chi, Phường Xuân Trường - Đà Lạt, Tỉnh Lâm Đồng, Việt Nam","OpenStreetMap contributors / ODbL","geocoded_region_match"
"da_lat:doi_mong_mo","Đồi Mộng Mơ","da_lat","Đồi Mộng Mơ, Đà Lạt, Lâm Đồng, Việt Nam","11.9792995","108.4452972","nominatim_openstreetmap","way","473551454","leisure","resort","5.76981765468378E-05","Khu du lịch Đồi Mộng Mơ, Mai Anh Đào, Phường Lâm Viên - Đà Lạt, Tỉnh Lâm Đồng, 66100, Việt Nam","OpenStreetMap contributors / ODbL","geocoded_region_match"
"da_lat:doi_robin","Đồi Robin","da_lat","Đồi Robin, Đà Lạt, Lâm Đồng, Việt Nam","","","nominatim_openstreetmap","","","","","","","OpenStreetMap contributors / ODbL","unresolved"
"da_lat:duong_ham_dat_set","Đường Hầm Đất Sét","da_lat","Clay Tunnel Dalat Lam Dong Vietnam","11.8828709","108.4112222","nominatim_openstreetmap_alias","node","4368051989","tourism","attraction","5.76981765468378E-05","Đường hầm điêu khắc, Hoa Hồng, Phường Xuân Hương - Đà Lạt, Đà Lạt, Tỉnh Lâm Đồng, 66115, Việt Nam","OpenStreetMap contributors / ODbL","alias_region_match"
"da_lat:fresh_garden","Fresh Garden","da_lat","Fresh Garden, Đà Lạt, Lâm Đồng, Việt Nam","","","nominatim_openstreetmap","","","","","","","OpenStreetMap contributors / ODbL","unresolved"
"da_lat:gallery_la_chocotea","Gallery La Chocotea","da_lat","Gallery La Chocotea, Đà Lạt, Lâm Đồng, Việt Nam","","","nominatim_openstreetmap","","","","","","","OpenStreetMap contributors / ODbL","unresolved"
"da_lat:happy_hill","Happy Hill","da_lat","Happy Hill, Đà Lạt, Lâm Đồng, Việt Nam","11.8833803","108.4179266","nominatim_openstreetmap","node","7892371885","amenity","cafe","5.76981765468378E-05","Happy Hill, Hoa Phượng Tím, Đà Lạt, Phường Xuân Hương - Đà Lạt, Tỉnh Lâm Đồng, 66116, Việt Nam","OpenStreetMap contributors / ODbL","geocoded_region_match"
"da_lat:ho_tuyen_lam","Hồ Tuyền Lâm","da_lat","existing_seed","11.9000000","108.4390000","existing_seed","","","","","","existing checked seed data","existing seed metadata","verified_existing"
"da_lat:ho_vo_cuc","Hồ Vô Cực","da_lat","Hồ Vô Cực, Đà Lạt, Lâm Đồng, Việt Nam","","","nominatim_openstreetmap","","","","","","","OpenStreetMap contributors / ODbL","unresolved"
"da_lat:ho_xuan_huong","Hồ Xuân Hương","da_lat","existing_seed","11.9419000","108.4483000","existing_seed","","","","","","existing checked seed data","existing seed metadata","verified_existing"
"da_lat:hoa_son_dien_trang","Hoa Sơn Điền Trang","da_lat","Hoa Sơn Điền Trang, Đà Lạt, Lâm Đồng, Việt Nam","","","nominatim_openstreetmap","","","","","","","OpenStreetMap contributors / ODbL","unresolved"
"da_lat:kdl_suoi_binh_yen","KDL Suối Bình Yên","da_lat","KDL Suối Bình Yên, Đà Lạt, Lâm Đồng, Việt Nam","","","nominatim_openstreetmap","","","","","","","OpenStreetMap contributors / ODbL","unresolved"
"da_lat:kombi_land","Kombi Land","da_lat","Kombi Land, Đà Lạt, Lâm Đồng, Việt Nam","","","nominatim_openstreetmap","","","","","","","OpenStreetMap contributors / ODbL","unresolved"
"da_lat:lac_hu_co_tran","Lạc Hư Cổ Trấn","da_lat","Lạc Hư Cổ Trấn, Đà Lạt, Lâm Đồng, Việt Nam","","","nominatim_openstreetmap","","","","","","","OpenStreetMap contributors / ODbL","unresolved"
"da_lat:lang_art_cafe","Lặng Art Café","da_lat","Lặng Art Café, Đà Lạt, Lâm Đồng, Việt Nam","","","nominatim_openstreetmap","","","","","","","OpenStreetMap contributors / ODbL","unresolved"
"da_lat:lang_cu_lan","Làng Cù Lần","da_lat","Làng Cù Lần, Đà Lạt, Lâm Đồng, Việt Nam","12.0265094","108.3626621","nominatim_openstreetmap","way","1509937793","leisure","park","0.0800286999313344","Làng Cu Lần, Phường Lang Biang - Đà Lạt, Tỉnh Lâm Đồng, Việt Nam","OpenStreetMap contributors / ODbL","geocoded_region_match"
"da_lat:lang_hoa_van_thanh","Làng Hoa Vạn Thành","da_lat","Làng Hoa Vạn Thành, Đà Lạt, Lâm Đồng, Việt Nam","11.9473417","108.4144729","nominatim_openstreetmap","node","4444199589","shop","florist","5.76981765468378E-05","Làng Hoa Van Thành, Hoàng Văn Thụ, Phường Cam Ly - Đà Lạt, Đà Lạt, Tỉnh Lâm Đồng, 66113, Việt Nam","OpenStreetMap contributors / ODbL","geocoded_region_match"
"da_lat:langbiang","Langbiang","da_lat","Langbiang, Đà Lạt, Lâm Đồng, Việt Nam","12.0472573","108.4405826","nominatim_openstreetmap","node","2688028631","natural","peak","0.30224670779172","Núi Lang Biang, Phường Lang Biang - Đà Lạt, Tỉnh Lâm Đồng, Việt Nam","OpenStreetMap contributors / ODbL","geocoded_region_match"
"da_lat:mongo_land","Mongo Land","da_lat","Mongo Land, Đà Lạt, Lâm Đồng, Việt Nam","11.9156425","108.3392258","nominatim_openstreetmap","node","11365555079","tourism","attraction","5.76981765468378E-05","Mongo Land Dalat, Đường tỉnh 725, Phường Cam Ly - Đà Lạt, Thôn 5, Tỉnh Lâm Đồng, 66200, Việt Nam","OpenStreetMap contributors / ODbL","geocoded_region_match"
"da_lat:nac_thang_thien_duong","Nấc Thang Thiên Đường","da_lat","Nấc Thang Thiên Đường, Đà Lạt, Lâm Đồng, Việt Nam","","","nominatim_openstreetmap","","","","","","","OpenStreetMap contributors / ODbL","unresolved"
"da_lat:nha_ga_da_lat","Nhà Ga Đà Lạt","da_lat","Nhà Ga Đà Lạt, Đà Lạt, Lâm Đồng, Việt Nam","11.9415998","108.4544331","nominatim_openstreetmap","relation","17877171","railway","station","0.31776205367205","Ga Đà Lạt, Quang Trung, Ấp Cô Giang, Lâm Viên, Phường Xuân Hương - Đà Lạt, Phường Lâm Viên - Đà Lạt, Tỉnh Lâm Đồng, 66117, Việt Nam","OpenStreetMap contributors / ODbL","geocoded_region_match"
"da_lat:nha_tho_con_ga","Nhà Thờ Con Gà","da_lat","Nhà Thờ Con Gà, Đà Lạt, Lâm Đồng, Việt Nam","","","nominatim_openstreetmap","","","","","","","OpenStreetMap contributors / ODbL","unresolved"
"da_lat:nha_tho_domain_de_marie","Nhà Thờ Domain De Marie","da_lat","Domaine de Marie Dalat Lam Dong Vietnam","11.9496625","108.4301370","nominatim_openstreetmap_alias","way","361692265","amenity","place_of_worship","5.76981765468378E-05","Nhà thờ Domaine de Marie, Đồi Mai Anh, Ấp Đa Cát, Phường Cam Ly - Đà Lạt, Đà Lạt, Tỉnh Lâm Đồng, 66113, Việt Nam","OpenStreetMap contributors / ODbL","alias_region_match"
"da_lat:nong_trai_co_tich","Nông Trại Cổ Tích","da_lat","Nông Trại Cổ Tích, Đà Lạt, Lâm Đồng, Việt Nam","","","nominatim_openstreetmap","","","","","","","OpenStreetMap contributors / ODbL","unresolved"
"da_lat:puppy_farm","Puppy Farm","da_lat","Puppy Farm, Đà Lạt, Lâm Đồng, Việt Nam","11.9626641","108.3890720","nominatim_openstreetmap","node","11836926101","amenity","cafe","5.76981765468378E-05","Nông Trại Cún Puppy Farm, Cam Ly - Phước Thành, Phường Lang Biang - Đà Lạt, Đà Lạt, Tỉnh Lâm Đồng, 66200, Việt Nam","OpenStreetMap contributors / ODbL","geocoded_region_match"
"da_lat:quang_truong_lam_vien","Quảng Trường Lâm Viên","da_lat","existing_seed","11.9387500","108.4445280","existing_seed","","","","","","existing checked seed data","existing seed metadata","verified_existing"
"da_lat:que_garden","Que Garden","da_lat","Que Garden, Đà Lạt, Lâm Đồng, Việt Nam","","","nominatim_openstreetmap","","","","","","","OpenStreetMap contributors / ODbL","unresolved"
"da_lat:royal_garden","Royal Garden","da_lat","Royal Garden, Đà Lạt, Lâm Đồng, Việt Nam","11.9449344","108.4699174","nominatim_openstreetmap","node","6031249126","amenity","cafe","5.76981765468378E-05","Royal Garden Cafe, 1, Trần Thái Tông, Phường Xuân Hương - Đà Lạt, Phường Lâm Viên - Đà Lạt, Tỉnh Lâm Đồng, 66117, Việt Nam","OpenStreetMap contributors / ODbL","geocoded_region_match"
"da_lat:rung_hoa_kho","Rừng Hoa Khô","da_lat","Rừng Hoa Khô, Đà Lạt, Lâm Đồng, Việt Nam","","","nominatim_openstreetmap","","","","","","","OpenStreetMap contributors / ODbL","unresolved"
"da_lat:samten_hills","Samten Hills","da_lat","Samten Hills Lâm Đồng","11.6928693","108.4239200","nominatim_openstreetmap_alias","node","13601118101","tourism","attraction","3.11642633706724E-05","Samten Hills, Bookabang, Xã Đơn Dương, Tỉnh Lâm Đồng, Việt Nam","OpenStreetMap contributors / ODbL","alias_region_match"
"da_lat:thac_bobla","Thác Bobla","da_lat","Bobla waterfall Di Linh Lam Dong Vietnam","11.5741267","108.0204695","nominatim_openstreetmap_alias","node","5801773753","waterway","waterfall","0.13337833447776","Thác Bobla, Thôn 2, Xã Di Linh, Tỉnh Lâm Đồng, Việt Nam","OpenStreetMap contributors / ODbL","alias_region_match"
"da_lat:thac_cam_ly","Thác Cam Ly","da_lat","Thác Cam Ly, Đà Lạt, Lâm Đồng, Việt Nam","11.9418516","108.4204763","nominatim_openstreetmap","node","4097464935","waterway","waterfall","0.13339103150988","Thác Cam Ly, Phường Cam Ly - Đà Lạt, Tỉnh Lâm Đồng, 66113, Việt Nam","OpenStreetMap contributors / ODbL","geocoded_region_match"
"da_lat:thac_datanla","Thác Datanla","da_lat","Thác Datanla, Đà Lạt, Lâm Đồng, Việt Nam","11.9011774","108.4488444","nominatim_openstreetmap","node","4502225092","waterway","waterfall","0.339357772532669","Thác Datanla, Phường Xuân Hương - Đà Lạt, Đà Lạt, Tỉnh Lâm Đồng, 66116, Việt Nam","OpenStreetMap contributors / ODbL","geocoded_region_match"
"da_lat:thac_pongour","Thác Pongour","da_lat","Thác Pongour, Đà Lạt, Lâm Đồng, Việt Nam","","","nominatim_openstreetmap","","","","","","","OpenStreetMap contributors / ODbL","unresolved"
"da_lat:thac_prenn","Thác Prenn","da_lat","Thác Prenn, Đà Lạt, Lâm Đồng, Việt Nam","11.8765192","108.4701041","nominatim_openstreetmap","node","4096525696","waterway","waterfall","0.340089517957004","Thác Prenn, Phường Xuân Hương - Đà Lạt, Đà Lạt, Tỉnh Lâm Đồng, Việt Nam","OpenStreetMap contributors / ODbL","geocoded_region_match"
"da_lat:thac_voi","Thác Voi","da_lat","Elephant Falls Nam Ban Lam Dong Vietnam","11.8235094","108.3349037","nominatim_openstreetmap_alias","node","2706917665","waterway","waterfall","0.311877314681546","Thác Voi, Nam Ban, Xã Nam Ban Lâm Hà, Tỉnh Lâm Đồng, 66300, Việt Nam","OpenStreetMap contributors / ODbL","alias_region_match"
"da_lat:thi_tran_iyashi","Thị Trấn Iyashi","da_lat","Thị Trấn Iyashi, Đà Lạt, Lâm Đồng, Việt Nam","","","nominatim_openstreetmap","","","","","","","OpenStreetMap contributors / ODbL","unresolved"
"da_lat:thien_vien_truc_lam","Thiền Viện Trúc Lâm","da_lat","existing_seed","11.9037000","108.4369000","existing_seed","","","","","","existing checked seed data","existing seed metadata","verified_existing"
"da_lat:thien_vien_van_hanh","Thiền Viện Vạn Hạnh","da_lat","Thiền Viện Vạn Hạnh, Đà Lạt, Lâm Đồng, Việt Nam","11.9640027","108.4436161","nominatim_openstreetmap","way","473547277","amenity","place_of_worship","5.76981765468378E-05","Thiền viện Vạn Hạnh, Phù Đổng Thiên Vương, Ấp Đa Thiện, Lâm Viên, Phường Lâm Viên - Đà Lạt, Tỉnh Lâm Đồng, 66100, Việt Nam","OpenStreetMap contributors / ODbL","geocoded_region_match"
"da_lat:thung_lung_tinh_yeu","Thung Lũng Tình Yêu","da_lat","Thung Lũng Tình Yêu, Đà Lạt, Lâm Đồng, Việt Nam","11.9781853","108.4499229","nominatim_openstreetmap","node","1160978742","tourism","viewpoint","5.76981765468378E-05","Thung Lũng Tình Yêu, Mai Anh Đào, Phường Lâm Viên - Đà Lạt, Tỉnh Lâm Đồng, 66100, Việt Nam","OpenStreetMap contributors / ODbL","geocoded_region_match"
"da_lat:thung_lung_vang","Thung Lũng Vàng","da_lat","Thung Lũng Vàng, Đà Lạt, Lâm Đồng, Việt Nam","12.0067009","108.3827889","nominatim_openstreetmap","node","4293297115","tourism","artwork","2.8699931334356E-05","Thung Lũng Vàng, Đường Trường Sơn Đông, Phường Lang Biang - Đà Lạt, Lán Tranh, Xã Đam Rông 4, Tỉnh Lâm Đồng, 66200, Việt Nam","OpenStreetMap contributors / ODbL","geocoded_region_match"
"da_lat:tiem_nuong_chuyen_tau_hoang_hon","Tiệm Nướng Chuyến Tàu Hoàng Hôn","da_lat","Tiệm Nướng Chuyến Tàu Hoàng Hôn, Đà Lạt, Lâm Đồng, Việt Nam","","","nominatim_openstreetmap","","","","","","","OpenStreetMap contributors / ODbL","unresolved"
"da_lat:trai_mat","Trại Mát","da_lat","Trại Mát, Đà Lạt, Lâm Đồng, Việt Nam","11.9461160","108.5014597","nominatim_openstreetmap","node","3377406129","railway","station","5.76981765468378E-05","Trại Mát, Tự Phước, Lộc Quý, Phường Xuân Trường - Đà Lạt, Tỉnh Lâm Đồng, Việt Nam","OpenStreetMap contributors / ODbL","geocoded_region_match"
"da_lat:tu_vien_bat_nha","Tu Viện Bát Nhã","da_lat","Tu Viện Bát Nhã, Đà Lạt, Lâm Đồng, Việt Nam","","","nominatim_openstreetmap","","","","","","","OpenStreetMap contributors / ODbL","unresolved"
"da_lat:vuon_chau_au","Vườn Châu Âu","da_lat","Vườn Châu Âu, Đà Lạt, Lâm Đồng, Việt Nam","","","nominatim_openstreetmap","","","","","","","OpenStreetMap contributors / ODbL","unresolved"
"da_lat:vuon_dau_da_lat","Vườn Dâu Đà Lạt","da_lat","Vườn Dâu Đà Lạt, Đà Lạt, Lâm Đồng, Việt Nam","11.9488370","108.4271406","nominatim_openstreetmap","way","1515399859","leisure","garden","0.0667243648432135","Vườn dâu Công nghệ cao Bình Yên, 19A, Phường Cam Ly - Đà Lạt, Đà Lạt, Tỉnh Lâm Đồng, Việt Nam","OpenStreetMap contributors / ODbL","geocoded_region_match"
"da_lat:vuon_dia_dang","Vườn Địa Đàng","da_lat","Vườn Địa Đàng, Đà Lạt, Lâm Đồng, Việt Nam","","","nominatim_openstreetmap","","","","","","","OpenStreetMap contributors / ODbL","unresolved"
"da_lat:vuon_hoa_thanh_pho","Vườn Hoa Thành Phố","da_lat","Vườn Hoa Thành Phố, Đà Lạt, Lâm Đồng, Việt Nam","11.9518163","108.4494401","nominatim_openstreetmap","way","473547263","leisure","garden","0.0667243648432135","Vườn hoa Thành phố Đà Lạt, Lâm Viên, Phường Lâm Viên - Đà Lạt, Tỉnh Lâm Đồng, Việt Nam","OpenStreetMap contributors / ODbL","geocoded_region_match"
"da_lat:xuong_to_lua","Xưởng Tơ Lụa","da_lat","Xưởng Tơ Lụa, Đà Lạt, Lâm Đồng, Việt Nam","","","nominatim_openstreetmap","","","","","","","OpenStreetMap contributors / ODbL","unresolved"
