"name","category_code","category_name","category_description","description","province","district","address","latitude","longitude","source_type","external_source","external_id","image_source_url","image_source_page","image_license","image_license_url","image_attribution","image_caption"
"Cafe Mê Linh","food","An uong","Restaurants, cafes, food stops","","Lâm Đồng","Đà Lạt","Mê Linh Coffee Garden, Đường tỉnh 725, Phường Cam Ly - Đà Lạt, Thôn 5, Tỉnh Lâm Đồng, 66200, Việt Nam","11.9001444","108.3467469","EXTERNAL_API","tour_places_v11","da_lat:cafe_me_linh","","","","","","Cafe Mê Linh"
"Chùa Linh Phước","heritage","Di tich va van hoa","Heritage, architecture, museum, spiritual/cultural places","","Lâm Đồng","Đà Lạt","Chùa Linh Phước, Xuân Thành, Phường Xuân Trường - Đà Lạt, Tỉnh Lâm Đồng, Việt Nam","11.9442799","108.4993994","EXTERNAL_API","tour_places_v11","da_lat:chua_linh_phuoc","","","","","","Chùa Linh Phước"
"Chùa Linh Ẩn","heritage","Di tich va van hoa","Heritage, architecture, museum, spiritual/cultural places","","Lâm Đồng","Lâm Hà","Linh Ẩn Tự, Đường tỉnh 725, Ba Đình, Thôn 3, Xã Nam Ban Lâm Hà, Tỉnh Lâm Đồng, 66300, Việt Nam","11.8244076","108.3336066","EXTERNAL_API","tour_places_v11","da_lat:chua_linh_an","","","","","","Chùa Linh Ẩn"
"Chùa Thiên Vương Cổ Sát","heritage","Di tich va van hoa","Heritage, architecture, museum, spiritual/cultural places","","Lâm Đồng","Đà Lạt","Thiên Vương Cổ Sát (Chùa Tàu), Đèo Mimosa, Đà Lạt, Phường Xuân Hương - Đà Lạt, Tỉnh Lâm Đồng, 66116, Việt Nam","11.9259429","108.4595900","EXTERNAL_API","tour_places_v11","da_lat:chua_thien_vuong_co_sat","","","","","","Chùa Thiên Vương Cổ Sát"
"Chợ Đà Lạt","market","Cho va mua sam","Markets, shopping, local specialties","","Lâm Đồng","Đà Lạt","Chợ Đà Lạt, Nguyễn Thị Minh Khai, Đồi Petrus Ký, Phường Xuân Hương - Đà Lạt, Đà Lạt, Tỉnh Lâm Đồng, 02633, Việt Nam","11.9434358","108.4371779","EXTERNAL_API","tour_places_v11","da_lat:cho_da_lat","","","","","","Chợ Đà Lạt"
"Crazy House","heritage","Di tich va van hoa","Heritage, architecture, museum, spiritual/cultural places","","Lâm Đồng","Đà Lạt","Ngôi nhà quái dị, 3, Huỳnh Thúc Kháng, Ấp Nam Thiên, Phường Xuân Hương - Đà Lạt, Đà Lạt, Tỉnh Lâm Đồng, 66115, Việt Nam","11.9345622","108.4305116","EXTERNAL_API","tour_places_v11","da_lat:crazy_house","","","","","","Crazy House"
"Dinh Bảo Đại","heritage","Di tich va van hoa","Heritage, architecture, museum, spiritual/cultural places","","Lâm Đồng","Đà Lạt","Đường Triệu Việt Vương, phường 4","11.9289000","108.4239000","EXTERNAL_API","tour_places_v11","da_lat:dinh_bao_dai","","https://www.flickr.com/photos/88931401@N00/3973584939","CC-BY-NC-2.0","","","Dinh Bảo Đại"
"Dinh I","heritage","Di tich va van hoa","Heritage, architecture, museum, spiritual/cultural places","","Lâm Đồng","Đà Lạt","Cư xá Decoux, Phường Lang Biang - Đà Lạt, Đà Lạt, Tỉnh Lâm Đồng, 66100, Việt Nam","11.9648364","108.4317751","EXTERNAL_API","tour_places_v11","da_lat:dinh_i","","","","","","Dinh I"
"Happy Hill","food","An uong","Restaurants, cafes, food stops","","Lâm Đồng","Đà Lạt","Happy Hill, Hoa Phượng Tím, Đà Lạt, Phường Xuân Hương - Đà Lạt, Tỉnh Lâm Đồng, 66116, Việt Nam","11.8833803","108.4179266","EXTERNAL_API","tour_places_v11","da_lat:happy_hill","","","","","","Happy Hill"
"Hồ Tuyền Lâm","lake","Ho va canh quan","Lakes, rivers, water landscapes","","Lâm Đồng","Đà Lạt","Khu du lịch hồ Tuyền Lâm","11.9000000","108.4390000","EXTERNAL_API","tour_places_v11","da_lat:ho_tuyen_lam","https://live.staticflickr.com/7010/6658404239_3ffc540d37_b.jpg","https://www.flickr.com/photos/8324583@N03/6658404239","CC-BY-2.0","https://creativecommons.org/licenses/by/2.0/","","Hồ Tuyền Lâm"
"Hồ Vô Cực","lake","Ho va canh quan","Lakes, rivers, water landscapes","","Đà Lạt","Đà Lạt","Infinity lake, Hoa Hồng, Đà Lạt, Phường Xuân Hương - Đà Lạt, Tỉnh Lâm Đồng, 66115, Việt Nam","11.8836192","108.4099704","EXTERNAL_API","tour_places_v11","da_lat:ho_vo_cuc","","","","","","Hồ Vô Cực"
"Hồ Xuân Hương","lake","Ho va canh quan","Lakes, rivers, water landscapes","","Lâm Đồng","Đà Lạt","Trung tâm thành phố Đà Lạt","11.9419000","108.4483000","EXTERNAL_API","tour_places_v11","da_lat:ho_xuan_huong","https://live.staticflickr.com/32/55062127_2e5edcd30b_b.jpg","https://www.flickr.com/photos/21168473@N00/55062127","CC-BY-2.0","https://creativecommons.org/licenses/by/2.0/","","Hồ Xuân Hương"
"Langbiang","nature","Thien nhien","Beaches, mountains, waterfalls, islands, natural landscapes","","Lâm Đồng","Đà Lạt","Núi Lang Biang, Phường Lang Biang - Đà Lạt, Tỉnh Lâm Đồng, Việt Nam","12.0472573","108.4405826","EXTERNAL_API","tour_places_v11","da_lat:langbiang","","","","","","Langbiang"
"Làng Cù Lần","nature","Thien nhien","Beaches, mountains, waterfalls, islands, natural landscapes","","Lâm Đồng","Đà Lạt","Làng Cu Lần, Phường Lang Biang - Đà Lạt, Tỉnh Lâm Đồng, Việt Nam","12.0265094","108.3626621","EXTERNAL_API","tour_places_v11","da_lat:lang_cu_lan","","","","","","Làng Cù Lần"
"Làng Hoa Vạn Thành","landmark","Diem tham quan","Check-in points, tourist areas, parks, entertainment places","","Lâm Đồng","Đà Lạt","Làng Hoa Van Thành, Hoàng Văn Thụ, Phường Cam Ly - Đà Lạt, Đà Lạt, Tỉnh Lâm Đồng, 66113, Việt Nam","11.9473417","108.4144729","EXTERNAL_API","tour_places_v11","da_lat:lang_hoa_van_thanh","","","","","","Làng Hoa Vạn Thành"
"Mongo Land","landmark","Diem tham quan","Check-in points, tourist areas, parks, entertainment places","","Lâm Đồng","Đà Lạt","Mongo Land Dalat, Đường tỉnh 725, Phường Cam Ly - Đà Lạt, Thôn 5, Tỉnh Lâm Đồng, 66200, Việt Nam","11.9156425","108.3392258","EXTERNAL_API","tour_places_v11","da_lat:mongo_land","","","","","","Mongo Land"
"Nhà Ga Đà Lạt","landmark","Diem tham quan","Check-in points, tourist areas, parks, entertainment places","","Lâm Đồng","Đà Lạt","Ga Đà Lạt, Quang Trung, Ấp Cô Giang, Lâm Viên, Phường Xuân Hương - Đà Lạt, Phường Lâm Viên - Đà Lạt, Tỉnh Lâm Đồng, 66117, Việt Nam","11.9415998","108.4544331","EXTERNAL_API","tour_places_v11","da_lat:nha_ga_da_lat","","","","","","Nhà Ga Đà Lạt"
"Nhà Thờ Con Gà","lake","Ho va canh quan","Lakes, rivers, water landscapes","","Đà Lạt","Đà Lạt","Nhà thờ Chánh tòa, Trần Phú, Ấp Ánh Sáng, Xuân Hương, Đà Lạt, Phường Xuân Hương - Đà Lạt, Tỉnh Lâm Đồng, 02633, Việt Nam","11.9362368","108.4376882","EXTERNAL_API","tour_places_v11","da_lat:nha_tho_con_ga","","","","","","Nhà Thờ Con Gà"
"Nhà Thờ Domain De Marie","heritage","Di tich va van hoa","Heritage, architecture, museum, spiritual/cultural places","","Lâm Đồng","Đà Lạt","Nhà thờ Domaine de Marie, Đồi Mai Anh, Ấp Đa Cát, Phường Cam Ly - Đà Lạt, Đà Lạt, Tỉnh Lâm Đồng, 66113, Việt Nam","11.9496625","108.4301370","EXTERNAL_API","tour_places_v11","da_lat:nha_tho_domain_de_marie","","","","","","Nhà Thờ Domain De Marie"
"Nấc Thang Thiên Đường","nature","Thien nhien","Beaches, mountains, waterfalls, islands, natural landscapes","","Tỉnh Lâm Đồng","Phường Xuân Trường - Đà Lạt","Sunny Farm, Hùng Vương, Xóm Lèo, Xuân Thành, Phường Xuân Trường - Đà Lạt, Tỉnh Lâm Đồng, 66117, Việt Nam","11.9441516","108.4884062","EXTERNAL_API","tour_places_v11","da_lat:nac_thang_thien_duong","","","","","","Nấc Thang Thiên Đường"
"Puppy Farm","food","An uong","Restaurants, cafes, food stops","","Lâm Đồng","Đà Lạt","Nông Trại Cún Puppy Farm, Cam Ly - Phước Thành, Phường Lang Biang - Đà Lạt, Đà Lạt, Tỉnh Lâm Đồng, 66200, Việt Nam","11.9626641","108.3890720","EXTERNAL_API","tour_places_v11","da_lat:puppy_farm","","","","","","Puppy Farm"
"Quảng Trường Lâm Viên","landmark","Diem tham quan","Check-in points, tourist areas, parks, entertainment places","","Lâm Đồng","Đà Lạt","Đường Trần Quốc Toản, phường Xuân Hương","11.9387500","108.4445280","EXTERNAL_API","tour_places_v11","da_lat:quang_truong_lam_vien","https://upload.wikimedia.org/wikipedia/commons/6/60/L%C3%A2m_Vi%C3%AAn_%C4%90%C3%A0_L%E1%BA%A1t.JPG","https://commons.wikimedia.org/wiki/File:L%C3%A2m_Vi%C3%AAn_%C4%90%C3%A0_L%E1%BA%A1t.JPG","CC-BY-SA-4.0","https://creativecommons.org/licenses/by-sa/4.0/","","Quảng Trường Lâm Viên"
"Royal Garden","landmark","Diem tham quan","Check-in points, tourist areas, parks, entertainment places","","Lâm Đồng","Đà Lạt","Royal Garden Cafe, 1, Trần Thái Tông, Phường Xuân Hương - Đà Lạt, Phường Lâm Viên - Đà Lạt, Tỉnh Lâm Đồng, 66117, Việt Nam","11.9449344","108.4699174","EXTERNAL_API","tour_places_v11","da_lat:royal_garden","","","","","","Royal Garden"
"Samten Hills","landmark","Diem tham quan","Check-in points, tourist areas, parks, entertainment places","","Lâm Đồng","Đơn Dương","Samten Hills, Bookabang, Xã Đơn Dương, Tỉnh Lâm Đồng, Việt Nam","11.6928693","108.4239200","EXTERNAL_API","tour_places_v11","da_lat:samten_hills","","","","","","Samten Hills"
"Thiền Viện Trúc Lâm","heritage","Di tich va van hoa","Heritage, architecture, museum, spiritual/cultural places","","Lâm Đồng","Đà Lạt","Đường Trúc Lâm Yên Tử, phường 3","11.9037000","108.4369000","EXTERNAL_API","tour_places_v11","da_lat:thien_vien_truc_lam","https://live.staticflickr.com/3781/12031089996_d21343fe21_b.jpg","https://www.flickr.com/photos/hucker/12031089996","CC-BY-2.0","https://creativecommons.org/licenses/by/2.0/","","Thiền Viện Trúc Lâm"
"Thiền Viện Vạn Hạnh","heritage","Di tich va van hoa","Heritage, architecture, museum, spiritual/cultural places","","Lâm Đồng","Đà Lạt","Thiền viện Vạn Hạnh, Phù Đổng Thiên Vương, Ấp Đa Thiện, Lâm Viên, Phường Lâm Viên - Đà Lạt, Tỉnh Lâm Đồng, 66100, Việt Nam","11.9640027","108.4436161","EXTERNAL_API","tour_places_v11","da_lat:thien_vien_van_hanh","","","","","","Thiền Viện Vạn Hạnh"
"Thung Lũng Tình Yêu","nature","Thien nhien","Beaches, mountains, waterfalls, islands, natural landscapes","","Lâm Đồng","Đà Lạt","Thung Lũng Tình Yêu, Mai Anh Đào, Phường Lâm Viên - Đà Lạt, Tỉnh Lâm Đồng, 66100, Việt Nam","11.9781853","108.4499229","EXTERNAL_API","tour_places_v11","da_lat:thung_lung_tinh_yeu","","","","","","Thung Lũng Tình Yêu"
"Thung Lũng Vàng","nature","Thien nhien","Beaches, mountains, waterfalls, islands, natural landscapes","","Lâm Đồng","Đà Lạt","Thung Lũng Vàng, Đường Trường Sơn Đông, Phường Lang Biang - Đà Lạt, Lán Tranh, Xã Đam Rông 4, Tỉnh Lâm Đồng, 66200, Việt Nam","12.0067009","108.3827889","EXTERNAL_API","tour_places_v11","da_lat:thung_lung_vang","","","","","","Thung Lũng Vàng"
"Thác Bobla","nature","Thien nhien","Beaches, mountains, waterfalls, islands, natural landscapes","","Lâm Đồng","Di Linh","Thác Bobla, Thôn 2, Xã Di Linh, Tỉnh Lâm Đồng, Việt Nam","11.5741267","108.0204695","EXTERNAL_API","tour_places_v11","da_lat:thac_bobla","","","","","","Thác Bobla"
"Thác Cam Ly","nature","Thien nhien","Beaches, mountains, waterfalls, islands, natural landscapes","","Lâm Đồng","Đà Lạt","Thác Cam Ly, Phường Cam Ly - Đà Lạt, Tỉnh Lâm Đồng, 66113, Việt Nam","11.9418516","108.4204763","EXTERNAL_API","tour_places_v11","da_lat:thac_cam_ly","","","","","","Thác Cam Ly"
"Thác Datanla","nature","Thien nhien","Beaches, mountains, waterfalls, islands, natural landscapes","","Lâm Đồng","Đà Lạt","Thác Datanla, Phường Xuân Hương - Đà Lạt, Đà Lạt, Tỉnh Lâm Đồng, 66116, Việt Nam","11.9011774","108.4488444","EXTERNAL_API","tour_places_v11","da_lat:thac_datanla","","","","","","Thác Datanla"
"Thác Pongour","nature","Thien nhien","Beaches, mountains, waterfalls, islands, natural landscapes","","Tỉnh Lâm Đồng","Xã Tân Hội","Thác Pongour, Xã Tân Hội, Tỉnh Lâm Đồng, Việt Nam","11.6874998","108.2654399","EXTERNAL_API","tour_places_v11","da_lat:thac_pongour","","","","","","Thác Pongour"
"Thác Prenn","nature","Thien nhien","Beaches, mountains, waterfalls, islands, natural landscapes","","Lâm Đồng","Đà Lạt","Thác Prenn, Phường Xuân Hương - Đà Lạt, Đà Lạt, Tỉnh Lâm Đồng, Việt Nam","11.8765192","108.4701041","EXTERNAL_API","tour_places_v11","da_lat:thac_prenn","","","","","","Thác Prenn"
"Thác Voi","nature","Thien nhien","Beaches, mountains, waterfalls, islands, natural landscapes","","Lâm Đồng","Lâm Hà","Thác Voi, Nam Ban, Xã Nam Ban Lâm Hà, Tỉnh Lâm Đồng, 66300, Việt Nam","11.8235094","108.3349037","EXTERNAL_API","tour_places_v11","da_lat:thac_voi","","","","","","Thác Voi"
"Trại Mát","landmark","Diem tham quan","Check-in points, tourist areas, parks, entertainment places","","Lâm Đồng","Đà Lạt","Trại Mát, Tự Phước, Lộc Quý, Phường Xuân Trường - Đà Lạt, Tỉnh Lâm Đồng, Việt Nam","11.9461160","108.5014597","EXTERNAL_API","tour_places_v11","da_lat:trai_mat","","","","","","Trại Mát"
"Vườn Dâu Đà Lạt","landmark","Diem tham quan","Check-in points, tourist areas, parks, entertainment places","","Lâm Đồng","Đà Lạt","Vườn dâu Công nghệ cao Bình Yên, 19A, Phường Cam Ly - Đà Lạt, Đà Lạt, Tỉnh Lâm Đồng, Việt Nam","11.9488370","108.4271406","EXTERNAL_API","tour_places_v11","da_lat:vuon_dau_da_lat","","","","","","Vườn Dâu Đà Lạt"
"Vườn Hoa Thành Phố","landmark","Diem tham quan","Check-in points, tourist areas, parks, entertainment places","","Lâm Đồng","Đà Lạt","Vườn hoa Thành phố Đà Lạt, Lâm Viên, Phường Lâm Viên - Đà Lạt, Tỉnh Lâm Đồng, Việt Nam","11.9518163","108.4494401","EXTERNAL_API","tour_places_v11","da_lat:vuon_hoa_thanh_pho","","","","","","Vườn Hoa Thành Phố"
"Xưởng Tơ Lụa","landmark","Diem tham quan","Check-in points, tourist areas, parks, entertainment places","","Tỉnh Lâm Đồng","Phường Lâm Viên - Đà Lạt","XQ Da Lat Historical Village, 258, Mai Anh Đào, Phường Lâm Viên - Đà Lạt, Tỉnh Lâm Đồng, 66100, Việt Nam","11.9772623","108.4474339","EXTERNAL_API","tour_places_v11","da_lat:xuong_to_lua","","","","","","Xưởng Tơ Lụa"
"Đường Hầm Đất Sét","landmark","Diem tham quan","Check-in points, tourist areas, parks, entertainment places","","Lâm Đồng","Đà Lạt","Đường hầm điêu khắc, Hoa Hồng, Phường Xuân Hương - Đà Lạt, Đà Lạt, Tỉnh Lâm Đồng, 66115, Việt Nam","11.8828709","108.4112222","EXTERNAL_API","tour_places_v11","da_lat:duong_ham_dat_set","","","","","","Đường Hầm Đất Sét"
"Đồi Chè Cầu Đất","nature","Thien nhien","Beaches, mountains, waterfalls, islands, natural landscapes","","Lâm Đồng","Đà Lạt","đồi chè cầu đất, Quốc lộ 20, Phát Chi, Phường Xuân Trường - Đà Lạt, Tỉnh Lâm Đồng, Việt Nam","11.8777526","108.5603366","EXTERNAL_API","tour_places_v11","da_lat:doi_che_cau_dat","","","","","","Đồi Chè Cầu Đất"
"Đồi Mộng Mơ","landmark","Diem tham quan","Check-in points, tourist areas, parks, entertainment places","","Lâm Đồng","Đà Lạt","Khu du lịch Đồi Mộng Mơ, Mai Anh Đào, Phường Lâm Viên - Đà Lạt, Tỉnh Lâm Đồng, 66100, Việt Nam","11.9792995","108.4452972","EXTERNAL_API","tour_places_v11","da_lat:doi_mong_mo","","","","","","Đồi Mộng Mơ"
"Biển Hồ Cốc","lake","Ho va canh quan","Lakes, rivers, water landscapes","","Bà Rịa - Vũng Tàu","Thành phố Hồ Chí Minh","Ho Coc Beach resort, Xã Xuyên Mộc, Thành phố Hồ Chí Minh, Việt Nam","10.4994215","107.4774059","EXTERNAL_API","tour_places_v11","vung_tau:bien_ho_coc","","","","","","Biển Hồ Cốc"
"Biển Hồ Tràm","lake","Ho va canh quan","Lakes, rivers, water landscapes","","Bà Rịa - Vũng Tàu","Thành phố Hồ Chí Minh","Biển Hồ Tràm, Đường ven biển Vũng Tàu - Bình Thuận, Xã Hồ Tràm, Thành phố Hồ Chí Minh, 78507, Việt Nam","10.4705074","107.4357091","EXTERNAL_API","tour_places_v11","vung_tau:bien_ho_tram","","","","","","Biển Hồ Tràm"
"Biển Long Hải","nature","Thien nhien","Beaches, mountains, waterfalls, islands, natural landscapes","","Thành phố Hồ Chí Minh","Thành phố Hồ Chí Minh","Bãi tắm Long Hải, Xã Long Hải, Thành phố Hồ Chí Minh, Việt Nam","10.3850453","107.2350623","EXTERNAL_API","tour_places_v11","vung_tau:bien_long_hai","","","","","","Biển Long Hải"
"Bãi Biển 298","nature","Thien nhien","Beaches, mountains, waterfalls, islands, natural landscapes","","Thành phố Hồ Chí Minh","Thành phố Hồ Chí Minh","Bãi tắm Biển Đông, Thùy Vân, Bãi Sau, Phường Vũng Tàu, Thành phố Hồ Chí Minh, 78207, Việt Nam","10.3438580","107.0969514","EXTERNAL_API","tour_places_v11","vung_tau:bai_bien_298","","","","","","Bãi Biển 298"
"Bãi Dâu","nature","Thien nhien","Beaches, mountains, waterfalls, islands, natural landscapes","","Bà Rịa - Vũng Tàu","Thành phố Hồ Chí Minh","Bãi Dâu, Phường Vũng Tàu, Thành phố Hồ Chí Minh, 78223, Việt Nam","10.3681426","107.0630205","EXTERNAL_API","tour_places_v11","vung_tau:bai_dau","","","","","","Bãi Dâu"
"Bãi Sau","nature","Thien nhien","Beaches, mountains, waterfalls, islands, natural landscapes","","Bà Rịa - Vũng Tàu","Thành phố Hồ Chí Minh","Bãi Sau, Phường Vũng Tàu, Thành phố Hồ Chí Minh, Việt Nam","10.3425579","107.0958939","EXTERNAL_API","tour_places_v11","vung_tau:bai_sau","","","","","","Bãi Sau"
"Bãi Trước","nature","Thien nhien","Beaches, mountains, waterfalls, islands, natural landscapes","","Bà Rịa - Vũng Tàu","Thành phố Hồ Chí Minh","Bãi Trước, Phường Vũng Tàu, Thành phố Hồ Chí Minh, 78223, Việt Nam","10.3449566","107.0754709","EXTERNAL_API","tour_places_v11","vung_tau:bai_truoc","","","","","","Bãi Trước"
"Bạch Dinh","heritage","Di tich va van hoa","Heritage, architecture, museum, spiritual/cultural places","","Bà Rịa - Vũng Tàu","Thành phố Hồ Chí Minh","Bạch Dinh, 4, Trần Phú, Bãi Dâu, Phường Vũng Tàu, Thành phố Hồ Chí Minh, 78860, Việt Nam","10.3507372","107.0686418","EXTERNAL_API","tour_places_v11","vung_tau:bach_dinh","","","","","","Bạch Dinh"
"Công Viên Rừng Minera","nature","Thien nhien","Beaches, mountains, waterfalls, islands, natural landscapes","","Bà Rịa - Vũng Tàu","Thành phố Hồ Chí Minh","Minera Hot Springs Bình Châu, Hòa Hội-Bình Châu, Xã Bình Châu, Thành phố Hồ Chí Minh, 78510, Việt Nam","10.6030998","107.5584397","EXTERNAL_API","tour_places_v11","vung_tau:cong_vien_rung_minera","","","","","","Công Viên Rừng Minera"
"Dinh Cô","heritage","Di tich va van hoa","Heritage, architecture, museum, spiritual/cultural places","","Bà Rịa - Vũng Tàu","Thành phố Hồ Chí Minh","Dinh Cô, Đường Hai Bà Trưng, Ấp Hải Sơn, Xã Long Hải, Thành phố Hồ Chí Minh, 78412, Việt Nam","10.3866753","107.2342459","EXTERNAL_API","tour_places_v11","vung_tau:dinh_co","","","","","","Dinh Cô"
"Hòn Bà","nature","Thien nhien","Beaches, mountains, waterfalls, islands, natural landscapes","","Bà Rịa - Vũng Tàu","Thành phố Hồ Chí Minh","Hòn Bà, Phường Vũng Tàu, Thành phố Hồ Chí Minh, Việt Nam","10.3238724","107.0892665","EXTERNAL_API","tour_places_v11","vung_tau:hon_ba","","","","","","Hòn Bà"
"Hồ Mây","lake","Ho va canh quan","Lakes, rivers, water landscapes","","Bà Rịa - Vũng Tàu","Thành phố Hồ Chí Minh","Hồ Mây Park, Vi Ba, Phường Vũng Tàu, Thành phố Hồ Chí Minh, 78860, Việt Nam","10.3594711","107.0676503","EXTERNAL_API","tour_places_v11","vung_tau:ho_may","","","","","","Hồ Mây"
"Marina Vũng Tàu","landmark","Diem tham quan","Check-in points, tourist areas, parks, entertainment places","","Thành phố Hồ Chí Minh","Thành phố Hồ Chí Minh","Marina Bay Vung Tau Resort, Trần Phú, Bãi Dâu, Phường Vũng Tàu, Thành phố Hồ Chí Minh, 76666, Việt Nam","10.3792310","107.0554207","EXTERNAL_API","tour_places_v11","vung_tau:marina_vung_tau","","","","","","Marina Vũng Tàu"
"Mũi Nghinh Phong","nature","Thien nhien","Beaches, mountains, waterfalls, islands, natural landscapes","","Bà Rịa - Vũng Tàu","Thành phố Hồ Chí Minh","Mũi Nghinh Phong, Phường Vũng Tàu, Thành phố Hồ Chí Minh, 78225, Việt Nam","10.3204661","107.0837210","EXTERNAL_API","tour_places_v11","vung_tau:mui_nghinh_phong","","","","","","Mũi Nghinh Phong"
"Ngọn Hải Đăng Vũng Tàu","landmark","Diem tham quan","Check-in points, tourist areas, parks, entertainment places","","Bà Rịa - Vũng Tàu","Thành phố Hồ Chí Minh","Hải đăng Vũng Tàu, Hải Đăng, Phường Vũng Tàu, Thành phố Hồ Chí Minh, 78207, Việt Nam","10.3341077","107.0776554","EXTERNAL_API","tour_places_v11","vung_tau:ngon_hai_dang_vung_tau","","","","","","Ngọn Hải Đăng Vũng Tàu"
"Nhà Lớn Long Sơn","heritage","Di tich va van hoa","Heritage, architecture, museum, spiritual/cultural places","","Bà Rịa - Vũng Tàu","Thành phố Hồ Chí Minh","Nhà Lớn Long Sơn, 28 Tháng 4, Thôn 2, Xã Long Sơn, Thành phố Hồ Chí Minh, 78222, Việt Nam","10.4543214","107.0962087","EXTERNAL_API","tour_places_v11","vung_tau:nha_lon_long_son","","","","","","Nhà Lớn Long Sơn"
"Niết Bàn Tịnh Xá","heritage","Di tich va van hoa","Heritage, architecture, museum, spiritual/cultural places","","Bà Rịa - Vũng Tàu","Thành phố Hồ Chí Minh","Niết Bàn Tịnh Xá, 66/7, Hạ Long, Bãi Dứa, Phường Vũng Tàu, Thành phố Hồ Chí Minh, 78225, Việt Nam","10.3306105","107.0767970","EXTERNAL_API","tour_places_v11","vung_tau:niet_ban_tinh_xa","","","","","","Niết Bàn Tịnh Xá"
"Suối Nước Nóng Bình Châu","nature","Thien nhien","Beaches, mountains, waterfalls, islands, natural landscapes","","Bà Rịa - Vũng Tàu","Thành phố Hồ Chí Minh","Suối nước nóng Bình Châu, Xã Bình Châu, Thành phố Hồ Chí Minh, 78510, Việt Nam","10.5869991","107.5587977","EXTERNAL_API","tour_places_v11","vung_tau:suoi_nuoc_nong_binh_chau","","","","","","Suối Nước Nóng Bình Châu"
"Suối Đá","nature","Thien nhien","Beaches, mountains, waterfalls, islands, natural landscapes","","Bà Rịa - Vũng Tàu","Thành phố Hồ Chí Minh","Suối Đá, Xã Bình Châu, Thành phố Hồ Chí Minh, 78510, Việt Nam","10.5725872","107.5539570","EXTERNAL_API","tour_places_v11","vung_tau:suoi_da","","","","","","Suối Đá"
"Thiền Viện Thường Chiếu","heritage","Di tich va van hoa","Heritage, architecture, museum, spiritual/cultural places","","Thành phố Đồng Nai","Xã Phước Thái","Thiền viện Thường Chiếu, Ấp 3, Xã Phước Thái, Thành phố Đồng Nai, 76214, Việt Nam","10.6841664","107.0264405","EXTERNAL_API","tour_places_v11","vung_tau:thien_vien_thuong_chieu","","","","","","Thiền Viện Thường Chiếu"
"Thiền Viện Trúc Lâm Chân Nguyên","heritage","Di tich va van hoa","Heritage, architecture, museum, spiritual/cultural places","","Bà Rịa - Vũng Tàu","Thành phố Hồ Chí Minh","Thiền viện Trúc Lâm Chân Nguyên, Đường vào Thiền viện Trúc Lâm Chân Nguyên, Xã Phước Hải, Thành phố Hồ Chí Minh, Việt Nam","10.3973306","107.2634222","EXTERNAL_API","tour_places_v11","vung_tau:thien_vien_truc_lam_chan_nguyen","","","","","","Thiền Viện Trúc Lâm Chân Nguyên"
"Tháp Tam Thắng","heritage","Di tich va van hoa","Heritage, architecture, museum, spiritual/cultural places","","Bà Rịa - Vũng Tàu","Thành phố Hồ Chí Minh","Tháp Tam Thắng, Thùy Vân, Phường Vũng Tàu, Thành phố Hồ Chí Minh, 76666, Việt Nam","10.3456066","107.0974283","EXTERNAL_API","tour_places_v11","vung_tau:thap_tam_thang","","","","","","Tháp Tam Thắng"
"Thích Ca Phật Đài","landmark","Diem tham quan","Check-in points, tourist areas, parks, entertainment places","","Bà Rịa - Vũng Tàu","Thành phố Hồ Chí Minh","Thích ca Phật Đài, Trần Phú, Bãi Dâu, Phường Vũng Tàu, Thành phố Hồ Chí Minh, 76666, Việt Nam","10.3746285","107.0705354","EXTERNAL_API","tour_places_v11","vung_tau:thich_ca_phat_dai","","","","","","Thích Ca Phật Đài"
"Tượng Chúa Kitô","heritage","Di tich va van hoa","Heritage, architecture, museum, spiritual/cultural places","","Bà Rịa - Vũng Tàu","Thành phố Hồ Chí Minh","Tượng Chúa Kitô Vua, Hẻm 222 Phan Chu Trinh, Khu phố 2, Phường Vũng Tàu, Thành phố Hồ Chí Minh, 78225, Việt Nam","10.3265017","107.0845208","EXTERNAL_API","tour_places_v11","vung_tau:tuong_chua_kito","","","","","","Tượng Chúa Kitô"
"Đèo Nước Ngọt","nature","Thien nhien","Beaches, mountains, waterfalls, islands, natural landscapes","","Bà Rịa - Vũng Tàu","Thành phố Hồ Chí Minh","Đèo Nước Ngọt, Xã Phước Hải, Thành phố Hồ Chí Minh, Việt Nam","10.3800403","107.2553044","EXTERNAL_API","tour_places_v11","vung_tau:deo_nuoc_ngot","","","","","","Đèo Nước Ngọt"
"Đại Tòng Lâm","heritage","Di tich va van hoa","Heritage, architecture, museum, spiritual/cultural places","","Thành phố Hồ Chí Minh","Thành phố Hồ Chí Minh","Vạn Phật Quang Đại Tòng Lâm Tự, Đào Duy Anh, Mỹ Thạnh, Phường Phú Mỹ, Thành phố Hồ Chí Minh, 78706, Việt Nam","10.6034797","107.0580998","EXTERNAL_API","tour_places_v11","vung_tau:dai_tong_lam","","","","","","Đại Tòng Lâm"
"Đảo Long Sơn","nature","Thien nhien","Beaches, mountains, waterfalls, islands, natural landscapes","","Thành phố Hồ Chí Minh","Thành phố Hồ Chí Minh","Đường cao tốc Biên Hòa – Vũng Tàu, Phường Long Hương, Xã Châu Pha, Thành phố Hồ Chí Minh, 78712, Việt Nam","10.5645758","107.1580026","EXTERNAL_API","tour_places_v11","vung_tau:dao_long_son","","","","","","Đảo Long Sơn"
"Đồi Cừu Suối Nghệ","nature","Thien nhien","Beaches, mountains, waterfalls, islands, natural landscapes","","Thành phố Hồ Chí Minh","Thành phố Hồ Chí Minh","đồi cừu suối nghệ, Đường số 31, Xã Nghĩa Thành, Thành phố Hồ Chí Minh, 78617, Việt Nam","10.5866589","107.1793147","EXTERNAL_API","tour_places_v11","vung_tau:doi_cuu_suoi_nghe","","","","","","Đồi Cừu Suối Nghệ"
"Bản Cát Cát","landmark","Diem tham quan","Check-in points, tourist areas, parks, entertainment places","","Phường Sa Pa","Phường Sa Pa","Không Gian Văn Hóa - Sapa Tinh Hoa Hội Tụ, 001, Phường Sa Pa, Tỉnh Lào Cai, 33300, Việt Nam","22.3356942","103.8408604","EXTERNAL_API","tour_places_v11","ha_noi:ban_cat_cat","","","","","","Bản Cát Cát"
"Bản Lác","landmark","Diem tham quan","Check-in points, tourist areas, parks, entertainment places","","Tỉnh Phú Thọ","Mai Châu","mai chau hostel lounge bar restaurant, bản, Quốc lộ 15, Bản Lác, Mai Châu, Xã Mai Hạ, Tỉnh Phú Thọ, 36400, Việt Nam","20.6537082","105.0722738","EXTERNAL_API","tour_places_v11","ha_noi:ban_lac","","","","","","Bản Lác"
"Bảo Tàng Dân Tộc Học","heritage","Di tich va van hoa","Heritage, architecture, museum, spiritual/cultural places","","Thành phố Hà Nội","Thành phố Hà Nội","Bảo tàng Dân tộc học Việt Nam, Đường Nguyễn Văn Huyên, Dịch Vọng Tiền, Làng Nghĩa Đô, Phường Nghĩa Đô, Thành phố Hà Nội, 11307, Việt Nam","21.0400774","105.7988403","EXTERNAL_API","tour_places_v11","ha_noi:bao_tang_dan_toc_hoc","","","","","","Bảo Tàng Dân Tộc Học"
"Chùa Bái Đính","heritage","Di tich va van hoa","Heritage, architecture, museum, spiritual/cultural places","","Tỉnh Ninh Bình","Phường Tây Hoa Lư","Chùa Bái Đính, Lối đi xuống, Phường Tây Hoa Lư, Tỉnh Ninh Bình, 08251, Việt Nam","20.2728394","105.8640252","EXTERNAL_API","tour_places_v11","ha_noi:chua_bai_dinh","","","","","","Chùa Bái Đính"
"Chùa Hương","heritage","Di tich va van hoa","Heritage, architecture, museum, spiritual/cultural places","","Thành phố Hà Nội","Thành phố Hà Nội","Cáp treo Chùa Hương, Đường Hùng Tiến, Xã Hương Sơn, Thành phố Hà Nội, Việt Nam","20.6161556","105.7402252","EXTERNAL_API","tour_places_v11","ha_noi:chua_huong","","","","","","Chùa Hương"
"Chùa Một Cột","heritage","Di tich va van hoa","Heritage, architecture, museum, spiritual/cultural places","","Thành phố Hà Nội","Thành phố Hà Nội","Chùa Một Cột, Phố Ông Ích Khiêm, Xuân Biểu, Phường Ba Đình, Thành phố Hà Nội, 11120, Việt Nam","21.0358555","105.8336143","EXTERNAL_API","tour_places_v11","ha_noi:chua_mot_cot","","","","","","Chùa Một Cột"
"Chùa Trấn Quốc","heritage","Di tich va van hoa","Heritage, architecture, museum, spiritual/cultural places","","Thành phố Hà Nội","Thành phố Hà Nội","Chùa Trấn Quốc, Đường Thanh Niên, Yên Phụ, Phường Tây Hồ, Thành phố Hà Nội, 11214, Việt Nam","21.0478837","105.8368375","EXTERNAL_API","tour_places_v11","ha_noi:chua_tran_quoc","","","","","","Chùa Trấn Quốc"
"Cầu Thê Húc","landmark","Diem tham quan","Check-in points, tourist areas, parks, entertainment places","","Thành phố Hà Nội","Thành phố Hà Nội","Cầu Thê Húc, Khu phố cổ, Phường Hoàn Kiếm, Thành phố Hà Nội, 11024, Việt Nam","21.0307694","105.8527822","EXTERNAL_API","tour_places_v11","ha_noi:cau_the_huc","","","","","","Cầu Thê Húc"
"Fansipan","landmark","Diem tham quan","Check-in points, tourist areas, parks, entertainment places","","Phường Sa Pa","Phường Sa Pa","Đường Fansipan, Sapa, Phường Sa Pa, Tỉnh Lào Cai, 33300, Việt Nam","22.3354356","103.8411280","EXTERNAL_API","tour_places_v11","ha_noi:fansipan","","","","","","Fansipan"
"Hang Múa","nature","Thien nhien","Beaches, mountains, waterfalls, islands, natural landscapes","","Thành phố Hà Nội","Thành phố Hà Nội","Cửa Hàng Mua Bán Sửa Chữa Chuyên Nghiệp ĐTDĐ Nokia, Đường 69 P. Lê Văn Hiến, Đông Ngạc, Quận Từ Liêm, Hà Nội, Việt Nam, Đường Lê Văn Hiến, Phường Đông Ngạc, Thành phố Hà Nội, 11909, Việt Nam","21.0747196","105.7730577","EXTERNAL_API","tour_places_v11","ha_noi:hang_mua","","","","","","Hang Múa"
"Hang Sửng Sốt","nature","Thien nhien","Beaches, mountains, waterfalls, islands, natural landscapes","","Thành phố Quảng Ninh","Thành phố Quảng Ninh","Hang Sửng Sốt, Phường Hồng Gai, Thành phố Quảng Ninh, Việt Nam","20.8436135","107.0912853","EXTERNAL_API","tour_places_v11","ha_noi:hang_sung_sot","","","","","","Hang Sửng Sốt"
"Hoa Lư","heritage","Di tich va van hoa","Heritage, architecture, museum, spiritual/cultural places","","Thành phố Hà Nội","Thành phố Hà Nội","Phố Hoa Lư, Vân Hồ, Phường Hai Bà Trưng, Thành phố Hà Nội, 11626, Việt Nam","21.0100868","105.8478024","EXTERNAL_API","tour_places_v11","ha_noi:hoa_lu","","","","","","Hoa Lư"
"Hồ Hoàn Kiếm","lake","Ho va canh quan","Lakes, rivers, water landscapes","","Thành phố Hà Nội","Thành phố Hà Nội","Hồ Hoàn Kiếm, Phường Hoàn Kiếm, Thành phố Hà Nội, 11024, Việt Nam","21.0288313","105.8525357","EXTERNAL_API","tour_places_v11","ha_noi:ho_hoan_kiem","","","","","","Hồ Hoàn Kiếm"
"Hồ Tây","lake","Ho va canh quan","Lakes, rivers, water landscapes","","Thành phố Hà Nội","Thành phố Hà Nội","Hồ Tây, Thành phố Hà Nội, 11214, Việt Nam","21.0580419","105.8139655","EXTERNAL_API","tour_places_v11","ha_noi:ho_tay","https://live.staticflickr.com/5159/7060828915_f40b91635e_b.jpg","https://www.flickr.com/photos/94735786@N00/7060828915","CC-BY-2.0","https://creativecommons.org/licenses/by/2.0/","David McKelvey / Flickr / CC-BY-2.0","David McKelvey / Flickr / CC-BY-2.0"
"Hồ Đại Lải","lake","Ho va canh quan","Lakes, rivers, water landscapes","","Tỉnh Phú Thọ","Bá Hiến","Hồ Đại Lải, Bá Hiến, Tỉnh Phú Thọ, Việt Nam","21.3260377","105.7127130","EXTERNAL_API","tour_places_v11","ha_noi:ho_dai_lai","","","","","","Hồ Đại Lải"
"Làng Gốm Bát Tràng","heritage","Di tich va van hoa","Heritage, architecture, museum, spiritual/cultural places","","Tỉnh Hưng Yên","Xã Phụng Công","Trung tâm Tinh hoa làng nghề Việt, 28, Đường Bát Tràng, Gốm Bát Tràng, Thôn Tháp, Xã Phụng Công, Tỉnh Hưng Yên, 17659, Việt Nam","20.9730809","105.9162670","EXTERNAL_API","tour_places_v11","ha_noi:lang_gom_bat_trang","","","","","","Làng Gốm Bát Tràng"
"Lăng Chủ Tịch Hồ Chí Minh","lake","Ho va canh quan","Lakes, rivers, water landscapes","","Thành phố Hà Nội","Thành phố Hà Nội","Lăng Chủ tịch Hồ Chí Minh, 1, Đường Hùng Vương, Phường Ba Đình, Thành phố Hà Nội, 11120, Việt Nam","21.0367831","105.8346888","EXTERNAL_API","tour_places_v11","ha_noi:lang_chu_tich_ho_chi_minh","","","","","","Lăng Chủ Tịch Hồ Chí Minh"
"Mai Châu","landmark","Diem tham quan","Check-in points, tourist areas, parks, entertainment places","","Thành phố Hà Nội","Thành phố Hà Nội","Nghĩa Trang Thôn Mai Châu, Xã Thiên Lộc, Thành phố Hà Nội, Việt Nam","21.1114171","105.7525638","EXTERNAL_API","tour_places_v11","ha_noi:mai_chau","","","","","","Mai Châu"
"Moana Sapa","landmark","Diem tham quan","Check-in points, tourist areas, parks, entertainment places","","Phường Sa Pa","Phường Sa Pa","Moana Sapa - Checkin, Coffe and BBQ, Đường Violet, Sapa, Phường Sa Pa, Tỉnh Lào Cai, 33300, Việt Nam","22.3273625","103.8462808","EXTERNAL_API","tour_places_v11","ha_noi:moana_sapa","","","","","","Moana Sapa"
"Nhà Hát Lớn Hà Nội","heritage","Di tich va van hoa","Heritage, architecture, museum, spiritual/cultural places","","Thành phố Hà Nội","Thành phố Hà Nội","Thành phố Hà Nội, Việt Nam","21.0283334","105.8540410","EXTERNAL_API","tour_places_v11","ha_noi:nha_hat_lon_ha_noi","","","","","","Nhà Hát Lớn Hà Nội"
"Nhà Tù Hỏa Lò","heritage","Di tich va van hoa","Heritage, architecture, museum, spiritual/cultural places","","Thành phố Hà Nội","Thành phố Hà Nội","Nhà tù Hỏa Lò, 1, Phố Hỏa Lò, Phường Cửa Nam, Thành phố Hà Nội, 11018, Việt Nam","21.0254222","105.8465093","EXTERNAL_API","tour_places_v11","ha_noi:nha_tu_hoa_lo","","","","","","Nhà Tù Hỏa Lò"
"Phố Cổ Hà Nội","lake","Ho va canh quan","Lakes, rivers, water landscapes","","Thành phố Hà Nội","Thành phố Hà Nội","Phở Cồ, 77, Phố Phạm Tuấn Tài, Phường Nghĩa Đô, Thành phố Hà Nội, 11307, Việt Nam","21.0456914","105.7862359","EXTERNAL_API","tour_places_v11","ha_noi:pho_co_ha_noi","","","","","","Phố Cổ Hà Nội"
"Tam Cốc","nature","Thien nhien","Beaches, mountains, waterfalls, islands, natural landscapes","","Tỉnh Ninh Bình","Phường Hoa Lư","Tam Coc Amanda Villas, Tam Coc, Đường tỉnh 478B, Đam Khê, Phường Nam Hoa Lư, Phường Hoa Lư, Tỉnh Ninh Bình, 08213, Việt Nam","20.2176747","105.9294811","EXTERNAL_API","tour_places_v11","ha_noi:tam_coc","","","","","","Tam Cốc"
"Tràng An","nature","Thien nhien","Beaches, mountains, waterfalls, islands, natural landscapes","","Thành phố Hà Nội","Thành phố Hà Nội","Trang An, Phố Hàng Gai, Khu phố cổ, Phường Hoàn Kiếm, Thành phố Hà Nội, 11024, Việt Nam","21.0321562","105.8502600","EXTERNAL_API","tour_places_v11","ha_noi:trang_an","","","","","","Tràng An"
"Tuần Châu","landmark","Diem tham quan","Check-in points, tourist areas, parks, entertainment places","","Thành phố Quảng Ninh","Thành phố Quảng Ninh","Đi Hạ Long, Phường Tuần Châu, Thành phố Quảng Ninh, Việt Nam","20.9602109","106.9448247","EXTERNAL_API","tour_places_v11","ha_noi:tuan_chau","","","","","","Tuần Châu"
"Văn Miếu Quốc Tử Giám","heritage","Di tich va van hoa","Heritage, architecture, museum, spiritual/cultural places","","Thành phố Hà Nội","Thành phố Hà Nội","Văn Miếu - Quốc Tử Giám, Phường Văn Miếu - Quốc Tử Giám, Thành phố Hà Nội, 11508, Việt Nam","21.0287903","105.8359533","EXTERNAL_API","tour_places_v11","ha_noi:van_mieu_quoc_tu_giam","","","","","","Văn Miếu Quốc Tử Giám"
"Vườn Quốc Gia Ba Vì","nature","Thien nhien","Beaches, mountains, waterfalls, islands, natural landscapes","","Thành phố Hà Nội","Thành phố Hà Nội","Vườn quốc gia Ba Vì, Phường Kỳ Sơn, Thành phố Hà Nội, Xã Thịnh Minh, Tỉnh Phú Thọ, Việt Nam","21.0184475","105.3930256","EXTERNAL_API","tour_places_v11","ha_noi:vuon_quoc_gia_ba_vi","","","","","","Vườn Quốc Gia Ba Vì"
"Vịnh Hạ Long","nature","Thien nhien","Beaches, mountains, waterfalls, islands, natural landscapes","","Thành phố Quảng Ninh","Thành phố Quảng Ninh","Vịnh Hạ Long, Thành phố Quảng Ninh, Việt Nam","20.9084384","107.0682782","EXTERNAL_API","tour_places_v11","ha_noi:vinh_ha_long","","","","","","Vịnh Hạ Long"
"Yên Tử","landmark","Diem tham quan","Check-in points, tourist areas, parks, entertainment places","","Thành phố Quảng Ninh","Thành phố Quảng Ninh","Phường Yên Tử, Tân Lập, Thành phố Quảng Ninh, Việt Nam","21.0420805","106.7178343","EXTERNAL_API","tour_places_v11","ha_noi:yen_tu","","","","","","Yên Tử"
"Đền Ngọc Sơn","heritage","Di tich va van hoa","Heritage, architecture, museum, spiritual/cultural places","","Thành phố Hà Nội","Thành phố Hà Nội","Đền Ngọc Sơn, Cầu Thê Húc, Khu phố cổ, Phường Hoàn Kiếm, Thành phố Hà Nội, 11024, Việt Nam","21.0307272","105.8523763","EXTERNAL_API","tour_places_v11","ha_noi:den_ngoc_son","","","","","","Đền Ngọc Sơn"
"Động Thiên Cung","nature","Thien nhien","Beaches, mountains, waterfalls, islands, natural landscapes","","Tỉnh Ninh Bình","Phường Nam Hoa Lư","Dộng Thiên Cung, Buffalo Cave, Phường Nam Hoa Lư, Ninh Hải, Tỉnh Ninh Bình, 08213, Việt Nam","20.2159541","105.9141871","EXTERNAL_API","tour_places_v11","ha_noi:dong_thien_cung","","","","","","Động Thiên Cung"
"Biển Cửa Đại","nature","Thien nhien","Beaches, mountains, waterfalls, islands, natural landscapes","","Hội An","Hội An","Cua Dai, Phường Hội An Đông, Hội An, Thành phố Đà Nẵng, 51313, Việt Nam","15.8980583","108.3662256","EXTERNAL_API","tour_places_v11","da_nang_hue_hoi_an:bien_cua_dai","","","","","","Biển Cửa Đại"
"Biển Mỹ Khê","nature","Thien nhien","Beaches, mountains, waterfalls, islands, natural landscapes","","Thành phố Đà Nẵng","Thành phố Đà Nẵng","Bãi biển Mỹ Khê, Phường An Hải, Thành phố Đà Nẵng, 50413, Việt Nam","16.0756254","108.2468784","EXTERNAL_API","tour_places_v11","da_nang_hue_hoi_an:bien_my_khe","","","","","","Biển Mỹ Khê"
"Bà Nà Hills","landmark","Diem tham quan","Check-in points, tourist areas, parks, entertainment places","","Thành phố Đà Nẵng","Thành phố Đà Nẵng","Sun World Bà Nà Hills, Wine Cellar, Xã Bà Nà, Thành phố Đà Nẵng, Việt Nam","15.9958569","107.9890712","EXTERNAL_API","tour_places_v11","da_nang_hue_hoi_an:ba_na_hills","","","","","","Bà Nà Hills"
"Bán Đảo Sơn Trà","nature","Thien nhien","Beaches, mountains, waterfalls, islands, natural landscapes","","Thành phố Đà Nẵng","Thành phố Đà Nẵng","Bán đảo Sơn Trà, Phường Sơn Trà, Thành phố Đà Nẵng, 50414, Việt Nam","16.1204900","108.2647075","EXTERNAL_API","tour_places_v11","da_nang_hue_hoi_an:ban_dao_son_tra","","","","","","Bán Đảo Sơn Trà"
"Chùa Cầu Hội An","heritage","Di tich va van hoa","Heritage, architecture, museum, spiritual/cultural places","","Hội An","Hội An","Chùa Cầu, Nguyễn Thị Minh Khai, Hoi An Old Town, Phường Hội An, Hội An, Thành phố Đà Nẵng, 51309, Việt Nam","15.8771541","108.3260034","EXTERNAL_API","tour_places_v11","da_nang_hue_hoi_an:chua_cau_hoi_an","","","","","","Chùa Cầu Hội An"
"Chùa Linh Ứng Sơn Trà","heritage","Di tich va van hoa","Heritage, architecture, museum, spiritual/cultural places","","Thành phố Đà Nẵng","Thành phố Đà Nẵng","Chùa Linh Ứng, Đường Hoàng Sa, Phường Sơn Trà, Thành phố Đà Nẵng, 50408, Việt Nam","16.1001567","108.2784112","EXTERNAL_API","tour_places_v11","da_nang_hue_hoi_an:chua_linh_ung_son_tra","","","","","","Chùa Linh Ứng Sơn Trà"
"Chùa Thiên Mụ","heritage","Di tich va van hoa","Heritage, architecture, museum, spiritual/cultural places","","Thừa Thiên Huế","Phường Kim Long","Chùa Thiên Mụ, Đường Văn Thánh, Tổ dân phố Xuân Hòa, Kim Long, Phường Kim Long, Thành phố Huế, 54000, Việt Nam","16.4537195","107.5445808","EXTERNAL_API","tour_places_v11","da_nang_hue_hoi_an:chua_thien_mu","","","","","","Chùa Thiên Mụ"
"Chợ Đông Ba","market","Cho va mua sam","Markets, shopping, local specialties","","Thừa Thiên Huế","Hương Thuỷ","Chợ Đông Ba, Trần Hưng Đạo, Tổ dân phố Đông Ba, Phường Phú Xuân, Hương Thuỷ, Thành phố Huế, 54000, Việt Nam","16.4724474","107.5886452","EXTERNAL_API","tour_places_v11","da_nang_hue_hoi_an:cho_dong_ba","","","","","","Chợ Đông Ba"
"Cù Lao Chàm","nature","Thien nhien","Beaches, mountains, waterfalls, islands, natural landscapes","","Thành phố Đà Nẵng","Thành phố Đà Nẵng","Cù Lao Chàm, Thành phố Đà Nẵng, Việt Nam","15.9508587","108.5227203","EXTERNAL_API","tour_places_v11","da_nang_hue_hoi_an:cu_lao_cham","","","","","","Cù Lao Chàm"
"Cầu Rồng","landmark","Diem tham quan","Check-in points, tourist areas, parks, entertainment places","","Thành phố Đà Nẵng","Thành phố Đà Nẵng","Cầu Rồng, Tổ dân phố 39 Phước Ninh, Phường Hải Châu, Thành phố Đà Nẵng, 02363, Việt Nam","16.0611682","108.2278968","EXTERNAL_API","tour_places_v11","da_nang_hue_hoi_an:cau_rong","","","","","","Cầu Rồng"
"Cầu Tình Yêu Đà Nẵng","landmark","Diem tham quan","Check-in points, tourist areas, parks, entertainment places","","Thành phố Đà Nẵng","Thành phố Đà Nẵng","Love Bridge, Cầu Nguyễn Văn Trỗi, Tổ dân phố 4, Phường Ngũ Hành Sơn, Thành phố Đà Nẵng, 02363, Việt Nam","16.0513135","108.2309046","EXTERNAL_API","tour_places_v11","da_nang_hue_hoi_an:cau_tinh_yeu_da_nang","","","","","","Cầu Tình Yêu Đà Nẵng"
"Cầu Vàng","landmark","Diem tham quan","Check-in points, tourist areas, parks, entertainment places","","Thành phố Đà Nẵng","Thành phố Đà Nẵng","Cầu Vàng, Xã Bà Nà, Thành phố Đà Nẵng, Việt Nam","15.9950915","107.9964120","EXTERNAL_API","tour_places_v11","da_nang_hue_hoi_an:cau_vang","","","","","","Cầu Vàng"
"Hội Quán Phúc Kiến","heritage","Di tich va van hoa","Heritage, architecture, museum, spiritual/cultural places","","Hội An","Hội An","Hội quán Phúc Kiến, 46, Trần Phú, An Hội, Phố cổ Hội An, Phường Hội An, Hội An, Thành phố Đà Nẵng, 64000, Việt Nam","15.8781389","108.3309922","EXTERNAL_API","tour_places_v11","da_nang_hue_hoi_an:hoi_quan_phuc_kien","","","","","","Hội Quán Phúc Kiến"
"Làng Hương Thủy Xuân","heritage","Di tich va van hoa","Heritage, architecture, museum, spiritual/cultural places","","Thừa Thiên Huế","Phường Thủy Xuân","Làng hương Thủy Xuân, Thủy Xuân, Phường Thủy Xuân, Thành phố Huế, 54000, Việt Nam","16.4339974","107.5626698","EXTERNAL_API","tour_places_v11","da_nang_hue_hoi_an:lang_huong_thuy_xuan","","","","","","Làng Hương Thủy Xuân"
"Lăng Khải Định","heritage","Di tich va van hoa","Heritage, architecture, museum, spiritual/cultural places","","Thừa Thiên Huế","Phường Thủy Xuân","Lăng Khải Định, Đường Đại Nam, Thủy Bằng, Thủy Xuân, Phường Thủy Xuân, Thành phố Huế, Việt Nam","16.3990174","107.5903393","EXTERNAL_API","tour_places_v11","da_nang_hue_hoi_an:lang_khai_dinh","","","","","","Lăng Khải Định"
"Lăng Minh Mạng","heritage","Di tich va van hoa","Heritage, architecture, museum, spiritual/cultural places","","Thừa Thiên Huế","Phường Kim Long","Lăng Minh Mạng, Minh Mang, Tổ dân phố Hương Thọ Bắc, Phường Kim Long, Thành phố Huế, Việt Nam","16.3877545","107.5677832","EXTERNAL_API","tour_places_v11","da_nang_hue_hoi_an:lang_minh_mang","","","","","","Lăng Minh Mạng"
"Lăng Tự Đức","heritage","Di tich va van hoa","Heritage, architecture, museum, spiritual/cultural places","","Thừa Thiên Huế","Phường Thủy Xuân","Lăng Tự Đức, Đoàn Nhữ Hài, Thủy Xuân, Phường Thủy Xuân, Thành phố Huế, 54000, Việt Nam","16.4330399","107.5655159","EXTERNAL_API","tour_places_v11","da_nang_hue_hoi_an:lang_tu_duc","","","","","","Lăng Tự Đức"
"Ngũ Hành Sơn","landmark","Diem tham quan","Check-in points, tourist areas, parks, entertainment places","","Hội An","Hội An","Phường Ngũ Hành Sơn, Hội An, Thành phố Đà Nẵng, 50510, Việt Nam","16.0107980","108.2531780","EXTERNAL_API","tour_places_v11","da_nang_hue_hoi_an:ngu_hanh_son","","","","","","Ngũ Hành Sơn"
"Nhà Cổ Tấn Ký","landmark","Diem tham quan","Check-in points, tourist areas, parks, entertainment places","","Hội An","Hội An","Tan Ky, Nguyễn Thái Học, Hoi An Old Town, Phường Hội An, Hội An, Thành phố Đà Nẵng, 64000, Việt Nam","15.8764553","108.3278311","EXTERNAL_API","tour_places_v11","da_nang_hue_hoi_an:nha_co_tan_ky","","","","","","Nhà Cổ Tấn Ký"
"Núi Thần Tài","nature","Thien nhien","Beaches, mountains, waterfalls, islands, natural landscapes","","Thành phố Đà Nẵng","Thành phố Đà Nẵng","Núi Thần Tài, Quốc lộ 14G, Xã Hòa Vang, Thành phố Đà Nẵng, Việt Nam","15.9681262","108.0196301","EXTERNAL_API","tour_places_v11","da_nang_hue_hoi_an:nui_than_tai","","","","","","Núi Thần Tài"
"Phá Tam Giang","lake","Ho va canh quan","Lakes, rivers, water landscapes","","Thành phố Huế","Thành phố Huế","Phá Tam Giang, Thành phố Huế, Việt Nam","16.6014643","107.5431820","EXTERNAL_API","tour_places_v11","da_nang_hue_hoi_an:pha_tam_giang","","","","","","Phá Tam Giang"
"Phố Cổ Hội An","lake","Ho va canh quan","Lakes, rivers, water landscapes","","Hội An","Hội An","Hoi An Old Town, Phường Hội An, Hội An, Thành phố Đà Nẵng, 51319, Việt Nam","15.8771291","108.3286631","EXTERNAL_API","tour_places_v11","da_nang_hue_hoi_an:pho_co_hoi_an","","","","","","Phố Cổ Hội An"
"Rừng Dừa Bảy Mẫu","nature","Thien nhien","Beaches, mountains, waterfalls, islands, natural landscapes","","Hội An","Hội An","Đường Rừng Dừa Bảy Mẫu, Phường Hội An Đông, Hội An, Thành phố Đà Nẵng, 51313, Việt Nam","15.8855608","108.3678833","EXTERNAL_API","tour_places_v11","da_nang_hue_hoi_an:rung_dua_bay_mau","","","","","","Rừng Dừa Bảy Mẫu"
"Sông Hoài","lake","Ho va canh quan","Lakes, rivers, water landscapes","","Hội An","Hội An","Quảng trường Sông Hoài, An Hội, Phường Hội An, Hội An, Thành phố Đà Nẵng, 51309, Việt Nam","15.8775030","108.3235110","EXTERNAL_API","tour_places_v11","da_nang_hue_hoi_an:song_hoai","","","","","","Sông Hoài"
"Sông Hương","lake","Ho va canh quan","Lakes, rivers, water landscapes","","Thành phố Huế","Thành phố Huế","Sông Hương, Tổ dân phố 9, Phường Hóa Châu, Thành phố Huế, Việt Nam","16.5143937","107.5785697","EXTERNAL_API","tour_places_v11","da_nang_hue_hoi_an:song_huong","","","","","","Sông Hương"
"Thánh Địa Mỹ Sơn","heritage","Di tich va van hoa","Heritage, architecture, museum, spiritual/cultural places","","Thành phố Đà Nẵng","Thành phố Đà Nẵng","Thánh địa Mỹ Sơn, Cầu Thẻ - Mỹ Sơn, Xã Thu Bồn, Thành phố Đà Nẵng, Việt Nam","15.7655202","108.1234531","EXTERNAL_API","tour_places_v11","da_nang_hue_hoi_an:thanh_dia_my_son","","","","","","Thánh Địa Mỹ Sơn"
"Đèo Hải Vân","nature","Thien nhien","Beaches, mountains, waterfalls, islands, natural landscapes","","Thành phố Đà Nẵng","Thành phố Đà Nẵng","Đèo Hải Vân, Tổ dân phố Kim Liên 3, Phường Hải Vân, Xã Chân Mây - Lăng Cô, Thành phố Đà Nẵng, Việt Nam","16.1691434","108.1262622","EXTERNAL_API","tour_places_v11","da_nang_hue_hoi_an:deo_hai_van","","","","","","Đèo Hải Vân"
"Đại Nội Huế","heritage","Di tich va van hoa","Heritage, architecture, museum, spiritual/cultural places","","Thừa Thiên Huế","Phường Phú Xuân","Hoàng Thành Huế, Road 2, Kinh thành Huế, Đông Ba, Tổ dân phố Thành Nội, Phường Phú Xuân, Thành phố Huế, 54000, Việt Nam","16.4689726","107.5781266","EXTERNAL_API","tour_places_v11","da_nang_hue_hoi_an:dai_noi_hue","","","","","","Đại Nội Huế"
"Đồi Vọng Cảnh","nature","Thien nhien","Beaches, mountains, waterfalls, islands, natural landscapes","","Thừa Thiên Huế","Hương Thuỷ","Vong Canh Hill, Phường Thủy Xuân, Hương Thuỷ, Thành phố Huế, Việt Nam","16.4283613","107.5639447","EXTERNAL_API","tour_places_v11","da_nang_hue_hoi_an:doi_vong_canh","","","","","","Đồi Vọng Cảnh"
"Biển Mũi Né","nature","Thien nhien","Beaches, mountains, waterfalls, islands, natural landscapes","","Phan Thiết","Phan Thiết","Central Beach, Phường Mũi Né, Phan Thiết, Tỉnh Lâm Đồng, Việt Nam","10.9404976","108.1931338","EXTERNAL_API","tour_places_v11","phan_thiet:bien_mui_ne","","","","","","Biển Mũi Né"
"Bàu Trắng","lake","Ho va canh quan","Lakes, rivers, water landscapes","","Tỉnh Lâm Đồng","Xã Hòa Thắng","Bàu Trắng, Xã Hòa Thắng, Tỉnh Lâm Đồng, Việt Nam","11.0679312","108.4163598","EXTERNAL_API","tour_places_v11","phan_thiet:bau_trang","","","","","","Bàu Trắng"
"Bãi Đá Ông Địa","nature","Thien nhien","Beaches, mountains, waterfalls, islands, natural landscapes","","Phan Thiết","Phan Thiết","Bãi Đá Ông Địa, Nguyễn Thông, Phường Phú Thủy, Phan Thiết, Tỉnh Lâm Đồng, Việt Nam","10.9368487","108.1842521","EXTERNAL_API","tour_places_v11","phan_thiet:bai_da_ong_dia","","","","","","Bãi Đá Ông Địa"
"Chợ Phan Thiết","market","Cho va mua sam","Markets, shopping, local specialties","","Bình Thuận","Phường Minh Xuân","Chợ Phan Thiết, Phố Hồng Thái, Minh Xuân, Phường Minh Xuân, Tỉnh Tuyên Quang, Việt Nam","21.8235729","105.2028463","EXTERNAL_API","tour_places_v11","phan_thiet:cho_phan_thiet","","","","","","Chợ Phan Thiết"
"Dinh Vạn Thủy Tú","heritage","Di tich va van hoa","Heritage, architecture, museum, spiritual/cultural places","","Phan Thiết","Phan Thiết","Vạn Thủy Tú, 231, Ngư Ông, Phường Phan Thiết, Phan Thiết, Tỉnh Lâm Đồng, 77120, Việt Nam","10.9231943","108.1000501","EXTERNAL_API","tour_places_v11","phan_thiet:dinh_van_thuy_tu","","","","","","Dinh Vạn Thủy Tú"
"Hòn Rơm","nature","Thien nhien","Beaches, mountains, waterfalls, islands, natural landscapes","","Bình Thuận","Phường Mũi Né","Hòn Rơm, Phường Mũi Né, Tỉnh Lâm Đồng, Việt Nam","10.9549065","108.3352589","EXTERNAL_API","tour_places_v11","phan_thiet:hon_rom","","","","","","Hòn Rơm"
"Làng Chài Mũi Né","heritage","Di tich va van hoa","Heritage, architecture, museum, spiritual/cultural places","","Bình Thuận","Phường Mũi Né","Làng Chài Mũi Né, Huỳnh Thúc Kháng, Phường Mũi Né, Tỉnh Lâm Đồng, Việt Nam","10.9409844","108.2793613","EXTERNAL_API","tour_places_v11","phan_thiet:lang_chai_mui_ne","","","","","","Làng Chài Mũi Né"
"Lâu Đài Rượu Vang","landmark","Diem tham quan","Check-in points, tourist areas, parks, entertainment places","","Phan Thiết","Phan Thiết","Lâu đài Rượu Vang, Võ Nguyên Giáp, Phường Phú Thủy, Phan Thiết, Tỉnh Lâm Đồng, Việt Nam","10.9474383","108.1819949","EXTERNAL_API","tour_places_v11","phan_thiet:lau_dai_ruou_vang","","","","","","Lâu Đài Rượu Vang"
"Lầu Ông Hoàng","heritage","Di tich va van hoa","Heritage, architecture, museum, spiritual/cultural places","","Phan Thiết","Phan Thiết","Lầu Ông Hoàng, Hàn Mặc Tử, Phường Phú Thủy, Phan Thiết, Tỉnh Lâm Đồng, 77120, Việt Nam","10.9347126","108.1449820","EXTERNAL_API","tour_places_v11","phan_thiet:lau_ong_hoang","","","","","","Lầu Ông Hoàng"
"Mũi Kê Gà","nature","Thien nhien","Beaches, mountains, waterfalls, islands, natural landscapes","","Bình Thuận","Xã Tân Thành","Mũi Kê Gà, Kê Gà, Xã Tân Thành, Tỉnh Lâm Đồng, Việt Nam","10.6998411","107.9931295","EXTERNAL_API","tour_places_v11","phan_thiet:mui_ke_ga","https://live.staticflickr.com/1580/23847012240_5bc193bb6d_b.jpg","https://www.flickr.com/photos/17352537@N00/23847012240","CC-BY-2.0","https://creativecommons.org/licenses/by/2.0/","Prince Roy / Flickr / CC-BY-2.0","Prince Roy / Flickr / CC-BY-2.0"
"NovaWorld Phan Thiết","landmark","Diem tham quan","Check-in points, tourist areas, parks, entertainment places","","Phan Thiết","Phan Thiết","NovaWorld Phan Thiết Golf Club, Đường bộ ven biển Bình Thuận, Phường Tiến Thành, Phan Thiết, Tỉnh Lâm Đồng, Việt Nam","10.8211417","108.0288826","EXTERNAL_API","tour_places_v11","phan_thiet:novaworld_phan_thiet","","","","","","NovaWorld Phan Thiết"
"Núi Tà Cú","nature","Thien nhien","Beaches, mountains, waterfalls, islands, natural landscapes","","Tỉnh Lâm Đồng","Thuận Nam","Núi Tà Kóu, Thuận Nam, Xã Hàm Thuận Nam, Tỉnh Lâm Đồng, 77706, Việt Nam","10.8150648","107.9000974","EXTERNAL_API","tour_places_v11","phan_thiet:nui_ta_cu","","","","","","Núi Tà Cú"
"Sea Links City","landmark","Diem tham quan","Check-in points, tourist areas, parks, entertainment places","","Phan Thiết","Phan Thiết","Sea Links Beach Villa - Sea Links City, Phạm Thanh Tùng, Phường Phú Thủy, Phan Thiết, Tỉnh Lâm Đồng, Việt Nam","10.9437289","108.1772723","EXTERNAL_API","tour_places_v11","phan_thiet:sea_links_city","","","","","","Sea Links City"
"Sea Links Golf","landmark","Diem tham quan","Check-in points, tourist areas, parks, entertainment places","","Phan Thiết","Phan Thiết","Sea Links Golf Country Club, Phạm Thanh Tùng, Phường Phú Thủy, Phan Thiết, Tỉnh Lâm Đồng, Việt Nam","10.9439507","108.1833294","EXTERNAL_API","tour_places_v11","phan_thiet:sea_links_golf","","","","","","Sea Links Golf"
"Suối Tiên","lake","Ho va canh quan","Lakes, rivers, water landscapes","","Bình Thuận","Phường Mũi Né","Suối Tiên, Phường Mũi Né, Tỉnh Lâm Đồng, Việt Nam","10.9538145","108.2577244","EXTERNAL_API","tour_places_v11","phan_thiet:suoi_tien","","","","","","Suối Tiên"
"Trường Dục Thanh","heritage","Di tich va van hoa","Heritage, architecture, museum, spiritual/cultural places","","Phan Thiết","Phan Thiết","Trường Dục Thanh, Trưng Nhị, Phường Phan Thiết, Phan Thiết, Tỉnh Lâm Đồng, 77120, Việt Nam","10.9282469","108.0960510","EXTERNAL_API","tour_places_v11","phan_thiet:truong_duc_thanh","","","","","","Trường Dục Thanh"
"Đồi Cát Bay","nature","Thien nhien","Beaches, mountains, waterfalls, islands, natural landscapes","","Bình Thuận","Phường Mũi Né","Đồi Cát Bay, Xuân Thủy, Phường Mũi Né, Tỉnh Lâm Đồng, Việt Nam","10.9488830","108.2978477","EXTERNAL_API","tour_places_v11","phan_thiet:doi_cat_bay","","","","","","Đồi Cát Bay"
