"external_id","destination_key","canonical_name","status","image_source_url","image_source_page","image_license","image_license_url","image_author","image_attribution","matched_query","matched_title","match_score","manual_reason"
"da_lat:cafe_me_linh","da_lat","Cafe Mê Linh","MANUAL_MEDIA_REVIEW","","","","","","","","","","NO_LICENSED_IMAGE"
"da_lat:chua_linh_phuoc","da_lat","Chùa Linh Phước","MANUAL_MEDIA_REVIEW","","","","","","","","","","WIKIMEDIA_403_MANUAL_REVIEW"
"da_lat:chua_linh_an","da_lat","Chùa Linh Ẩn","MANUAL_MEDIA_REVIEW","","","","","","","","","","NO_LICENSED_IMAGE"
"da_lat:chua_thien_vuong_co_sat","da_lat","Chùa Thiên Vương Cổ Sát","MANUAL_MEDIA_REVIEW","","","","","","","","","","NO_LICENSED_IMAGE"
"da_lat:cho_da_lat","da_lat","Chợ Đà Lạt","MANUAL_MEDIA_REVIEW","","","","","","","","","","NO_LICENSED_IMAGE"
"da_lat:crazy_house","da_lat","Crazy House","MANUAL_MEDIA_REVIEW","","","","","","","","","","NO_LICENSED_IMAGE"
"da_lat:dinh_bao_dai","da_lat","Dinh Bảo Đại","REPLACE_RECOMMENDED","https://live.staticflickr.com/2486/3973584939_b570fee7fe_z.jpg","https://www.flickr.com/photos/88931401@N00/3973584939","CC-BY-NC-2.0","","","","","","","Existing media uses NC license; kept in DB but flagged for review."
"da_lat:dinh_i","da_lat","Dinh I","MANUAL_MEDIA_REVIEW","","","","","","","","","","NO_LICENSED_IMAGE"
"da_lat:happy_hill","da_lat","Happy Hill","MANUAL_MEDIA_REVIEW","","","","","","","","","","NO_LICENSED_IMAGE"
"da_lat:ho_tuyen_lam","da_lat","Hồ Tuyền Lâm","VERIFIED_READY","https://live.staticflickr.com/7010/6658404239_3ffc540d37_b.jpg","https://www.flickr.com/photos/8324583@N03/6658404239","CC-BY-2.0","https://creativecommons.org/licenses/by/2.0/","","","","","","Existing media uses NC license; kept in DB but flagged for review."
"da_lat:ho_vo_cuc","da_lat","Hồ Vô Cực","MANUAL_MEDIA_REVIEW","","","","","","","","","","NO_LICENSED_IMAGE"
"da_lat:ho_xuan_huong","da_lat","Hồ Xuân Hương","VERIFIED_READY","https://live.staticflickr.com/32/55062127_2e5edcd30b_b.jpg","https://www.flickr.com/photos/21168473@N00/55062127","CC-BY-2.0","https://creativecommons.org/licenses/by/2.0/","","","","","","Existing media uses NC license; kept in DB but flagged for review."
"da_lat:langbiang","da_lat","Langbiang","MANUAL_MEDIA_REVIEW","","","","","","","","","","NO_LICENSED_IMAGE"
"da_lat:lang_cu_lan","da_lat","Làng Cù Lần","MANUAL_MEDIA_REVIEW","","","","","","","","","","NO_LICENSED_IMAGE"
"da_lat:lang_hoa_van_thanh","da_lat","Làng Hoa Vạn Thành","MANUAL_MEDIA_REVIEW","","","","","","","","","","WIKIMEDIA_403_MANUAL_REVIEW"
"da_lat:mongo_land","da_lat","Mongo Land","MANUAL_MEDIA_REVIEW","","","","","","","","","","NO_LICENSED_IMAGE"
"da_lat:nha_ga_da_lat","da_lat","Nhà Ga Đà Lạt","MANUAL_MEDIA_REVIEW","","","","","","","","","","NO_LICENSED_IMAGE"
"da_lat:nha_tho_con_ga","da_lat","Nhà Thờ Con Gà","MANUAL_MEDIA_REVIEW","","","","","","","","","","NO_LICENSED_IMAGE"
"da_lat:nha_tho_domain_de_marie","da_lat","Nhà Thờ Domain De Marie","MANUAL_MEDIA_REVIEW","","","","","","","","","","NO_LICENSED_IMAGE"
"da_lat:nac_thang_thien_duong","da_lat","Nấc Thang Thiên Đường","MANUAL_MEDIA_REVIEW","","","","","","","","","","NO_LICENSED_IMAGE"
"da_lat:puppy_farm","da_lat","Puppy Farm","MANUAL_MEDIA_REVIEW","","","","","","","","","","NO_LICENSED_IMAGE"
"da_lat:quang_truong_lam_vien","da_lat","Quảng Trường Lâm Viên","VERIFIED_READY","https://upload.wikimedia.org/wikipedia/commons/6/60/L%C3%A2m_Vi%C3%AAn_%C4%90%C3%A0_L%E1%BA%A1t.JPG","https://commons.wikimedia.org/wiki/File:L%C3%A2m_Vi%C3%AAn_%C4%90%C3%A0_L%E1%BA%A1t.JPG","CC-BY-SA-4.0","https://creativecommons.org/licenses/by-sa/4.0/","","","","","","Existing media uses NC license; kept in DB but flagged for review."
"da_lat:royal_garden","da_lat","Royal Garden","MANUAL_MEDIA_REVIEW","","","","","","","","","","NO_LICENSED_IMAGE"
"da_lat:samten_hills","da_lat","Samten Hills","MANUAL_MEDIA_REVIEW","","","","","","","","","","NO_LICENSED_IMAGE"
"da_lat:thien_vien_truc_lam","da_lat","Thiền Viện Trúc Lâm","VERIFIED_READY","https://live.staticflickr.com/3781/12031089996_d21343fe21_b.jpg","https://www.flickr.com/photos/hucker/12031089996","CC-BY-2.0","https://creativecommons.org/licenses/by/2.0/","","","","","","Existing media uses NC license; kept in DB but flagged for review."
"da_lat:thien_vien_van_hanh","da_lat","Thiền Viện Vạn Hạnh","MANUAL_MEDIA_REVIEW","","","","","","","","","","NO_LICENSED_IMAGE"
"da_lat:thung_lung_tinh_yeu","da_lat","Thung Lũng Tình Yêu","MANUAL_MEDIA_REVIEW","","","","","","","","","","NO_LICENSED_IMAGE"
"da_lat:thung_lung_vang","da_lat","Thung Lũng Vàng","MANUAL_MEDIA_REVIEW","","","","","","","","","","NO_LICENSED_IMAGE"
"da_lat:thac_bobla","da_lat","Thác Bobla","MANUAL_MEDIA_REVIEW","","","","","","","","","","NO_LICENSED_IMAGE"
"da_lat:thac_cam_ly","da_lat","Thác Cam Ly","MANUAL_MEDIA_REVIEW","","","","","","","","","","NO_LICENSED_IMAGE"
"da_lat:thac_datanla","da_lat","Thác Datanla","MANUAL_MEDIA_REVIEW","","","","","","","","","","NO_LICENSED_IMAGE"
"da_lat:thac_pongour","da_lat","Thác Pongour","MANUAL_MEDIA_REVIEW","","","","","","","","","","NO_LICENSED_IMAGE"
"da_lat:thac_prenn","da_lat","Thác Prenn","MANUAL_MEDIA_REVIEW","","","","","","","","","","NO_LICENSED_IMAGE"
"da_lat:thac_voi","da_lat","Thác Voi","MANUAL_MEDIA_REVIEW","","","","","","","","","","NO_LICENSED_IMAGE"
"da_lat:trai_mat","da_lat","Trại Mát","MANUAL_MEDIA_REVIEW","","","","","","","","","","NO_LICENSED_IMAGE"
"da_lat:vuon_dau_da_lat","da_lat","Vườn Dâu Đà Lạt","MANUAL_MEDIA_REVIEW","","","","","","","","","","NO_LICENSED_IMAGE"
"da_lat:vuon_hoa_thanh_pho","da_lat","Vườn Hoa Thành Phố","MANUAL_MEDIA_REVIEW","","","","","","","","","","NO_LICENSED_IMAGE"
"da_lat:xuong_to_lua","da_lat","Xưởng Tơ Lụa","MANUAL_MEDIA_REVIEW","","","","","","","","","","NO_LICENSED_IMAGE"
"da_lat:duong_ham_dat_set","da_lat","Đường Hầm Đất Sét","MANUAL_MEDIA_REVIEW","","","","","","","","","","NO_LICENSED_IMAGE"
"da_lat:doi_che_cau_dat","da_lat","Đồi Chè Cầu Đất","MANUAL_MEDIA_REVIEW","","","","","","","","","","NO_LICENSED_IMAGE"
"da_lat:doi_mong_mo","da_lat","Đồi Mộng Mơ","MANUAL_MEDIA_REVIEW","","","","","","","","","","NO_LICENSED_IMAGE"
"vung_tau:bien_ho_coc","vung_tau","Biển Hồ Cốc","MANUAL_MEDIA_REVIEW","","","","","","","","","","NO_LICENSED_IMAGE"
"vung_tau:bien_ho_tram","vung_tau","Biển Hồ Tràm","MANUAL_MEDIA_REVIEW","","","","","","","","","","NO_LICENSED_IMAGE"
"vung_tau:bien_long_hai","vung_tau","Biển Long Hải","MANUAL_MEDIA_REVIEW","","","","","","","","","","NO_LICENSED_IMAGE"
"vung_tau:bai_bien_298","vung_tau","Bãi Biển 298","MANUAL_MEDIA_REVIEW","","","","","","","","","","NO_LICENSED_IMAGE"
"vung_tau:bai_dau","vung_tau","Bãi Dâu","MANUAL_MEDIA_REVIEW","","","","","","","","","","NO_LICENSED_IMAGE"
"vung_tau:bai_sau","vung_tau","Bãi Sau","MANUAL_MEDIA_REVIEW","","","","","","","","","","NO_LICENSED_IMAGE"
"vung_tau:bai_truoc","vung_tau","Bãi Trước","MANUAL_MEDIA_REVIEW","","","","","","","","","","NO_LICENSED_IMAGE"
"vung_tau:bach_dinh","vung_tau","Bạch Dinh","MANUAL_MEDIA_REVIEW","","","","","","","","","","WIKIMEDIA_403_MANUAL_REVIEW"
"vung_tau:cong_vien_rung_minera","vung_tau","Công Viên Rừng Minera","MANUAL_MEDIA_REVIEW","","","","","","","","","","NO_LICENSED_IMAGE"
"vung_tau:dinh_co","vung_tau","Dinh Cô","MANUAL_MEDIA_REVIEW","","","","","","","","","","WIKIMEDIA_403_MANUAL_REVIEW"
"vung_tau:hon_ba","vung_tau","Hòn Bà","MANUAL_MEDIA_REVIEW","","","","","","","","","","NO_LICENSED_IMAGE"
"vung_tau:ho_may","vung_tau","Hồ Mây","MANUAL_MEDIA_REVIEW","","","","","","","","","","NO_LICENSED_IMAGE"
"vung_tau:marina_vung_tau","vung_tau","Marina Vũng Tàu","MANUAL_MEDIA_REVIEW","","","","","","","","","","NO_LICENSED_IMAGE"
"vung_tau:mui_nghinh_phong","vung_tau","Mũi Nghinh Phong","MANUAL_MEDIA_REVIEW","","","","","","","","","","NO_LICENSED_IMAGE"
"vung_tau:ngon_hai_dang_vung_tau","vung_tau","Ngọn Hải Đăng Vũng Tàu","MANUAL_MEDIA_REVIEW","","","","","","","","","","NO_LICENSED_IMAGE"
"vung_tau:nha_lon_long_son","vung_tau","Nhà Lớn Long Sơn","MANUAL_MEDIA_REVIEW","","","","","","","","","","NO_LICENSED_IMAGE"
"vung_tau:niet_ban_tinh_xa","vung_tau","Niết Bàn Tịnh Xá","MANUAL_MEDIA_REVIEW","","","","","","","","","","NO_LICENSED_IMAGE"
"vung_tau:suoi_nuoc_nong_binh_chau","vung_tau","Suối Nước Nóng Bình Châu","MANUAL_MEDIA_REVIEW","","","","","","","","","","NO_LICENSED_IMAGE"
"vung_tau:suoi_da","vung_tau","Suối Đá","MANUAL_MEDIA_REVIEW","","","","","","","","","","NO_LICENSED_IMAGE"
"vung_tau:thien_vien_thuong_chieu","vung_tau","Thiền Viện Thường Chiếu","MANUAL_MEDIA_REVIEW","","","","","","","","","","NO_LICENSED_IMAGE"
"vung_tau:thien_vien_truc_lam_chan_nguyen","vung_tau","Thiền Viện Trúc Lâm Chân Nguyên","MANUAL_MEDIA_REVIEW","","","","","","","","","","NO_LICENSED_IMAGE"
"vung_tau:thap_tam_thang","vung_tau","Tháp Tam Thắng","MANUAL_MEDIA_REVIEW","","","","","","","","","","NO_LICENSED_IMAGE"
"vung_tau:thich_ca_phat_dai","vung_tau","Thích Ca Phật Đài","MANUAL_MEDIA_REVIEW","","","","","","","","","","NO_LICENSED_IMAGE"
"vung_tau:tuong_chua_kito","vung_tau","Tượng Chúa Kitô","MANUAL_MEDIA_REVIEW","","","","","","","","","","NO_LICENSED_IMAGE"
"vung_tau:deo_nuoc_ngot","vung_tau","Đèo Nước Ngọt","MANUAL_MEDIA_REVIEW","","","","","","","","","","NO_LICENSED_IMAGE"
"vung_tau:dai_tong_lam","vung_tau","Đại Tòng Lâm","MANUAL_MEDIA_REVIEW","","","","","","","","","","NO_LICENSED_IMAGE"
"vung_tau:dao_long_son","vung_tau","Đảo Long Sơn","MANUAL_MEDIA_REVIEW","","","","","","","","","","NO_LICENSED_IMAGE"
"vung_tau:doi_cuu_suoi_nghe","vung_tau","Đồi Cừu Suối Nghệ","MANUAL_MEDIA_REVIEW","","","","","","","","","","NO_LICENSED_IMAGE"
"ha_noi:ban_cat_cat","ha_noi","Bản Cát Cát","MANUAL_MEDIA_REVIEW","","","","","","","","","","NO_LICENSED_IMAGE"
"ha_noi:ban_lac","ha_noi","Bản Lác","MANUAL_MEDIA_REVIEW","","","","","","","","","","NO_LICENSED_IMAGE"
"ha_noi:bao_tang_dan_toc_hoc","ha_noi","Bảo Tàng Dân Tộc Học","MANUAL_MEDIA_REVIEW","","","","","","","","","","NO_LICENSED_IMAGE"
"ha_noi:chua_bai_dinh","ha_noi","Chùa Bái Đính","MANUAL_MEDIA_REVIEW","","","","","","","","","","NO_LICENSED_IMAGE"
"ha_noi:chua_huong","ha_noi","Chùa Hương","MANUAL_MEDIA_REVIEW","","","","","","","","","","NO_LICENSED_IMAGE"
"ha_noi:chua_mot_cot","ha_noi","Chùa Một Cột","MANUAL_MEDIA_REVIEW","","","","","","","","","","NO_LICENSED_IMAGE"
"ha_noi:chua_tran_quoc","ha_noi","Chùa Trấn Quốc","MANUAL_MEDIA_REVIEW","","","","","","","","","","NO_LICENSED_IMAGE"
"ha_noi:cau_the_huc","ha_noi","Cầu Thê Húc","MANUAL_MEDIA_REVIEW","","","","","","","","","","NO_LICENSED_IMAGE"
"ha_noi:fansipan","ha_noi","Fansipan","MANUAL_MEDIA_REVIEW","","","","","","","","","","NO_LICENSED_IMAGE"
"ha_noi:hang_mua","ha_noi","Hang Múa","MANUAL_MEDIA_REVIEW","","","","","","","","","","NO_LICENSED_IMAGE"
"ha_noi:hang_sung_sot","ha_noi","Hang Sửng Sốt","MANUAL_MEDIA_REVIEW","","","","","","","","","","NO_LICENSED_IMAGE"
"ha_noi:hoa_lu","ha_noi","Hoa Lư","MANUAL_MEDIA_REVIEW","","","","","","","","","","NO_LICENSED_IMAGE"
"ha_noi:ho_hoan_kiem","ha_noi","Hồ Hoàn Kiếm","MANUAL_MEDIA_REVIEW","","","","","","","","","","NO_LICENSED_IMAGE"
"ha_noi:ho_tay","ha_noi","Hồ Tây","VERIFIED_READY","https://live.staticflickr.com/5159/7060828915_f40b91635e_b.jpg","https://www.flickr.com/photos/94735786@N00/7060828915","CC-BY-2.0","https://creativecommons.org/licenses/by/2.0/","David McKelvey","David McKelvey / Flickr / CC-BY-2.0","Openverse replacement","West Lake, Hanoi, Vietnam","manual_verified",""
"ha_noi:ho_dai_lai","ha_noi","Hồ Đại Lải","MANUAL_MEDIA_REVIEW","","","","","","","","","","WIKIMEDIA_403_MANUAL_REVIEW"
"ha_noi:lang_gom_bat_trang","ha_noi","Làng Gốm Bát Tràng","MANUAL_MEDIA_REVIEW","","","","","","","","","","NO_LICENSED_IMAGE"
"ha_noi:lang_chu_tich_ho_chi_minh","ha_noi","Lăng Chủ Tịch Hồ Chí Minh","MANUAL_MEDIA_REVIEW","","","","","","","","","","NO_LICENSED_IMAGE"
"ha_noi:mai_chau","ha_noi","Mai Châu","MANUAL_MEDIA_REVIEW","","","","","","","","","","NO_LICENSED_IMAGE"
"ha_noi:moana_sapa","ha_noi","Moana Sapa","MANUAL_MEDIA_REVIEW","","","","","","","","","","NO_LICENSED_IMAGE"
"ha_noi:nha_hat_lon_ha_noi","ha_noi","Nhà Hát Lớn Hà Nội","MANUAL_MEDIA_REVIEW","","","","","","","","","","NO_LICENSED_IMAGE"
"ha_noi:nha_tu_hoa_lo","ha_noi","Nhà Tù Hỏa Lò","MANUAL_MEDIA_REVIEW","","","","","","","","","","NO_LICENSED_IMAGE"
"ha_noi:pho_co_ha_noi","ha_noi","Phố Cổ Hà Nội","MANUAL_MEDIA_REVIEW","","","","","","","","","","NO_LICENSED_IMAGE"
"ha_noi:tam_coc","ha_noi","Tam Cốc","MANUAL_MEDIA_REVIEW","","","","","","","","","","NO_LICENSED_IMAGE"
"ha_noi:trang_an","ha_noi","Tràng An","MANUAL_MEDIA_REVIEW","","","","","","","","","","NO_LICENSED_IMAGE"
"ha_noi:tuan_chau","ha_noi","Tuần Châu","MANUAL_MEDIA_REVIEW","","","","","","","","","","NO_LICENSED_IMAGE"
"ha_noi:van_mieu_quoc_tu_giam","ha_noi","Văn Miếu Quốc Tử Giám","MANUAL_MEDIA_REVIEW","","","","","","","","","","NO_LICENSED_IMAGE"
"ha_noi:vuon_quoc_gia_ba_vi","ha_noi","Vườn Quốc Gia Ba Vì","MANUAL_MEDIA_REVIEW","","","","","","","","","","NO_LICENSED_IMAGE"
"ha_noi:vinh_ha_long","ha_noi","Vịnh Hạ Long","MANUAL_MEDIA_REVIEW","","","","","","","","","","NO_LICENSED_IMAGE"
"ha_noi:yen_tu","ha_noi","Yên Tử","MANUAL_MEDIA_REVIEW","","","","","","","","","","NO_LICENSED_IMAGE"
"ha_noi:den_ngoc_son","ha_noi","Đền Ngọc Sơn","MANUAL_MEDIA_REVIEW","","","","","","","","","","NO_LICENSED_IMAGE"
"ha_noi:dong_thien_cung","ha_noi","Động Thiên Cung","MANUAL_MEDIA_REVIEW","","","","","","","","","","NO_LICENSED_IMAGE"
"da_nang_hue_hoi_an:bien_cua_dai","da_nang_hue_hoi_an","Biển Cửa Đại","MANUAL_MEDIA_REVIEW","","","","","","","","","","NO_LICENSED_IMAGE"
"da_nang_hue_hoi_an:bien_my_khe","da_nang_hue_hoi_an","Biển Mỹ Khê","MANUAL_MEDIA_REVIEW","","","","","","","","","","NO_LICENSED_IMAGE"
"da_nang_hue_hoi_an:ba_na_hills","da_nang_hue_hoi_an","Bà Nà Hills","MANUAL_MEDIA_REVIEW","","","","","","","","","","NO_LICENSED_IMAGE"
"da_nang_hue_hoi_an:ban_dao_son_tra","da_nang_hue_hoi_an","Bán Đảo Sơn Trà","MANUAL_MEDIA_REVIEW","","","","","","","","","","NO_LICENSED_IMAGE"
"da_nang_hue_hoi_an:chua_cau_hoi_an","da_nang_hue_hoi_an","Chùa Cầu Hội An","MANUAL_MEDIA_REVIEW","","","","","","","","","","NO_LICENSED_IMAGE"
"da_nang_hue_hoi_an:chua_linh_ung_son_tra","da_nang_hue_hoi_an","Chùa Linh Ứng Sơn Trà","MANUAL_MEDIA_REVIEW","","","","","","","","","","NO_LICENSED_IMAGE"
"da_nang_hue_hoi_an:chua_thien_mu","da_nang_hue_hoi_an","Chùa Thiên Mụ","MANUAL_MEDIA_REVIEW","","","","","","","","","","NO_LICENSED_IMAGE"
"da_nang_hue_hoi_an:cho_dong_ba","da_nang_hue_hoi_an","Chợ Đông Ba","MANUAL_MEDIA_REVIEW","","","","","","","","","","NO_LICENSED_IMAGE"
"da_nang_hue_hoi_an:cu_lao_cham","da_nang_hue_hoi_an","Cù Lao Chàm","MANUAL_MEDIA_REVIEW","","","","","","","","","","NO_LICENSED_IMAGE"
"da_nang_hue_hoi_an:cau_rong","da_nang_hue_hoi_an","Cầu Rồng","MANUAL_MEDIA_REVIEW","","","","","","","","","","NO_LICENSED_IMAGE"
"da_nang_hue_hoi_an:cau_tinh_yeu_da_nang","da_nang_hue_hoi_an","Cầu Tình Yêu Đà Nẵng","MANUAL_MEDIA_REVIEW","","","","","","","","","","NO_LICENSED_IMAGE"
"da_nang_hue_hoi_an:cau_vang","da_nang_hue_hoi_an","Cầu Vàng","MANUAL_MEDIA_REVIEW","","","","","","","","","","NO_LICENSED_IMAGE"
"da_nang_hue_hoi_an:hoi_quan_phuc_kien","da_nang_hue_hoi_an","Hội Quán Phúc Kiến","MANUAL_MEDIA_REVIEW","","","","","","","","","","NO_LICENSED_IMAGE"
"da_nang_hue_hoi_an:lang_huong_thuy_xuan","da_nang_hue_hoi_an","Làng Hương Thủy Xuân","MANUAL_MEDIA_REVIEW","","","","","","","","","","NO_LICENSED_IMAGE"
"da_nang_hue_hoi_an:lang_khai_dinh","da_nang_hue_hoi_an","Lăng Khải Định","MANUAL_MEDIA_REVIEW","","","","","","","","","","NO_LICENSED_IMAGE"
"da_nang_hue_hoi_an:lang_minh_mang","da_nang_hue_hoi_an","Lăng Minh Mạng","MANUAL_MEDIA_REVIEW","","","","","","","","","","NO_LICENSED_IMAGE"
"da_nang_hue_hoi_an:lang_tu_duc","da_nang_hue_hoi_an","Lăng Tự Đức","MANUAL_MEDIA_REVIEW","","","","","","","","","","NO_LICENSED_IMAGE"
"da_nang_hue_hoi_an:ngu_hanh_son","da_nang_hue_hoi_an","Ngũ Hành Sơn","MANUAL_MEDIA_REVIEW","","","","","","","","","","NO_LICENSED_IMAGE"
"da_nang_hue_hoi_an:nha_co_tan_ky","da_nang_hue_hoi_an","Nhà Cổ Tấn Ký","MANUAL_MEDIA_REVIEW","","","","","","","","","","NO_LICENSED_IMAGE"
"da_nang_hue_hoi_an:nui_than_tai","da_nang_hue_hoi_an","Núi Thần Tài","MANUAL_MEDIA_REVIEW","","","","","","","","","","NO_LICENSED_IMAGE"
"da_nang_hue_hoi_an:pha_tam_giang","da_nang_hue_hoi_an","Phá Tam Giang","MANUAL_MEDIA_REVIEW","","","","","","","","","","NO_LICENSED_IMAGE"
"da_nang_hue_hoi_an:pho_co_hoi_an","da_nang_hue_hoi_an","Phố Cổ Hội An","MANUAL_MEDIA_REVIEW","","","","","","","","","","NO_LICENSED_IMAGE"
"da_nang_hue_hoi_an:rung_dua_bay_mau","da_nang_hue_hoi_an","Rừng Dừa Bảy Mẫu","MANUAL_MEDIA_REVIEW","","","","","","","","","","NO_LICENSED_IMAGE"
"da_nang_hue_hoi_an:song_hoai","da_nang_hue_hoi_an","Sông Hoài","MANUAL_MEDIA_REVIEW","","","","","","","","","","NO_LICENSED_IMAGE"
"da_nang_hue_hoi_an:song_huong","da_nang_hue_hoi_an","Sông Hương","MANUAL_MEDIA_REVIEW","","","","","","","","","","NO_LICENSED_IMAGE"
"da_nang_hue_hoi_an:thanh_dia_my_son","da_nang_hue_hoi_an","Thánh Địa Mỹ Sơn","MANUAL_MEDIA_REVIEW","","","","","","","","","","NO_LICENSED_IMAGE"
"da_nang_hue_hoi_an:deo_hai_van","da_nang_hue_hoi_an","Đèo Hải Vân","MANUAL_MEDIA_REVIEW","","","","","","","","","","NO_LICENSED_IMAGE"
"da_nang_hue_hoi_an:dai_noi_hue","da_nang_hue_hoi_an","Đại Nội Huế","MANUAL_MEDIA_REVIEW","","","","","","","","","","NO_LICENSED_IMAGE"
"da_nang_hue_hoi_an:doi_vong_canh","da_nang_hue_hoi_an","Đồi Vọng Cảnh","MANUAL_MEDIA_REVIEW","","","","","","","","","","NO_LICENSED_IMAGE"
"phan_thiet:bien_mui_ne","phan_thiet","Biển Mũi Né","MANUAL_MEDIA_REVIEW","","","","","","","","","","NO_LICENSED_IMAGE"
"phan_thiet:bau_trang","phan_thiet","Bàu Trắng","MANUAL_MEDIA_REVIEW","","","","","","","","","","NO_LICENSED_IMAGE"
"phan_thiet:bai_da_ong_dia","phan_thiet","Bãi Đá Ông Địa","MANUAL_MEDIA_REVIEW","","","","","","","","","","NO_LICENSED_IMAGE"
"phan_thiet:cho_phan_thiet","phan_thiet","Chợ Phan Thiết","MANUAL_MEDIA_REVIEW","","","","","","","","","","NO_LICENSED_IMAGE"
"phan_thiet:dinh_van_thuy_tu","phan_thiet","Dinh Vạn Thủy Tú","MANUAL_MEDIA_REVIEW","","","","","","","","","","NO_LICENSED_IMAGE"
"phan_thiet:hon_rom","phan_thiet","Hòn Rơm","MANUAL_MEDIA_REVIEW","","","","","","","","","","NO_LICENSED_IMAGE"
"phan_thiet:lang_chai_mui_ne","phan_thiet","Làng Chài Mũi Né","MANUAL_MEDIA_REVIEW","","","","","","","","","","NO_LICENSED_IMAGE"
"phan_thiet:lau_dai_ruou_vang","phan_thiet","Lâu Đài Rượu Vang","MANUAL_MEDIA_REVIEW","","","","","","","","","","NO_LICENSED_IMAGE"
"phan_thiet:lau_ong_hoang","phan_thiet","Lầu Ông Hoàng","MANUAL_MEDIA_REVIEW","","","","","","","","","","NO_LICENSED_IMAGE"
"phan_thiet:mui_ke_ga","phan_thiet","Mũi Kê Gà","VERIFIED_READY","https://live.staticflickr.com/1580/23847012240_5bc193bb6d_b.jpg","https://www.flickr.com/photos/17352537@N00/23847012240","CC-BY-2.0","https://creativecommons.org/licenses/by/2.0/","Prince Roy","Prince Roy / Flickr / CC-BY-2.0","Openverse replacement","Ke Ga Lighthouse","manual_verified",""
"phan_thiet:novaworld_phan_thiet","phan_thiet","NovaWorld Phan Thiết","MANUAL_MEDIA_REVIEW","","","","","","","","","","NO_LICENSED_IMAGE"
"phan_thiet:nui_ta_cu","phan_thiet","Núi Tà Cú","MANUAL_MEDIA_REVIEW","","","","","","","","","","NO_LICENSED_IMAGE"
"phan_thiet:sea_links_city","phan_thiet","Sea Links City","MANUAL_MEDIA_REVIEW","","","","","","","","","","NO_LICENSED_IMAGE"
"phan_thiet:sea_links_golf","phan_thiet","Sea Links Golf","MANUAL_MEDIA_REVIEW","","","","","","","","","","NO_LICENSED_IMAGE"
"phan_thiet:suoi_tien","phan_thiet","Suối Tiên","MANUAL_MEDIA_REVIEW","","","","","","","","","","NO_LICENSED_IMAGE"
"phan_thiet:truong_duc_thanh","phan_thiet","Trường Dục Thanh","MANUAL_MEDIA_REVIEW","","","","","","","","","","NO_LICENSED_IMAGE"
"phan_thiet:doi_cat_bay","phan_thiet","Đồi Cát Bay","MANUAL_MEDIA_REVIEW","","","","","","","","","","NO_LICENSED_IMAGE"
