"action","existing_place_id","existing_external_source","existing_external_id","existing_media_count","external_source","external_id","canonical_name","category","latitude","longitude","geocode_status","geocode_source","review_note"
"HOLD_MANUAL_REVIEW","","","","","tour_places_v11","da_lat:bao_tang_madame_de","Bảo Tàng Madame De","","","","unresolved","nominatim_openstreetmap","missing verified coordinate; not importable because places.latitude/longitude are NOT NULL"
"INSERT_NEW","","","","","tour_places_v11","da_lat:cafe_me_linh","Cafe Mê Linh","food","11.9001444","108.3467469","geocoded_region_match","nominatim_openstreetmap",""
"HOLD_MANUAL_REVIEW","","","","","tour_places_v11","da_lat:cafe_mien_du_muc","Cafe Miền Du Mục","","","","unresolved","nominatim_openstreetmap","missing verified coordinate; not importable because places.latitude/longitude are NOT NULL"
"HOLD_MANUAL_REVIEW","","","","","tour_places_v11","da_lat:canh_dong_hoa_cam_tu_cau","Cánh Đồng Hoa Cẩm Tú Cầu","","","","unresolved","nominatim_openstreetmap","missing verified coordinate; not importable because places.latitude/longitude are NOT NULL"
"INSERT_NEW","","","","","tour_places_v11","da_lat:cho_da_lat","Chợ Đà Lạt","market","11.9434358","108.4371779","geocoded_region_match","nominatim_openstreetmap",""
"INSERT_NEW","","","","","tour_places_v11","da_lat:chua_linh_an","Chùa Linh Ẩn","heritage","11.8244076","108.3336066","alias_region_match","nominatim_openstreetmap_alias",""
"INSERT_NEW","","","","","tour_places_v11","da_lat:chua_linh_phuoc","Chùa Linh Phước","heritage","11.9442799","108.4993994","geocoded_region_match","nominatim_openstreetmap",""
"INSERT_NEW","","","","","tour_places_v11","da_lat:chua_thien_vuong_co_sat","Chùa Thiên Vương Cổ Sát","heritage","11.9259429","108.4595900","geocoded_region_match","nominatim_openstreetmap",""
"HOLD_MANUAL_REVIEW","","","","","tour_places_v11","da_lat:cong_troi_bali_green_hill","Cổng Trời Bali Green Hill","","","","unresolved","nominatim_openstreetmap","missing verified coordinate; not importable because places.latitude/longitude are NOT NULL"
"INSERT_NEW","","","","","tour_places_v11","da_lat:crazy_house","Crazy House","heritage","11.9345622","108.4305116","geocoded_region_match","nominatim_openstreetmap",""
"HOLD_MANUAL_REVIEW","","","","","tour_places_v11","da_lat:dai_bao_thap_kinh_luan","Đại Bảo Tháp Kinh Luân","","","","unresolved","nominatim_openstreetmap","missing verified coordinate; not importable because places.latitude/longitude are NOT NULL"
"HOLD_MANUAL_REVIEW","","","","","tour_places_v11","da_lat:dapa_hill","Dapa Hill","","","","unresolved","nominatim_openstreetmap","missing verified coordinate; not importable because places.latitude/longitude are NOT NULL"
"ALIGN_EXISTING","6","kpdl_candidate_v11","da-lat-dinh-bao-dai","1","tour_places_v11","da_lat:dinh_bao_dai","Dinh Bảo Đại","heritage","11.9289000","108.4239000","verified_existing","existing_seed",""
"INSERT_NEW","","","","","tour_places_v11","da_lat:dinh_i","Dinh I","heritage","11.9648364","108.4317751","geocoded_region_match","nominatim_openstreetmap",""
"INSERT_NEW","","","","","tour_places_v11","da_lat:doi_che_cau_dat","Đồi Chè Cầu Đất","nature","11.8777526","108.5603366","geocoded_region_match","nominatim_openstreetmap",""
"INSERT_NEW","","","","","tour_places_v11","da_lat:doi_mong_mo","Đồi Mộng Mơ","landmark","11.9792995","108.4452972","geocoded_region_match","nominatim_openstreetmap",""
"HOLD_MANUAL_REVIEW","","","","","tour_places_v11","da_lat:doi_robin","Đồi Robin","","","","unresolved","nominatim_openstreetmap","missing verified coordinate; not importable because places.latitude/longitude are NOT NULL"
"INSERT_NEW","","","","","tour_places_v11","da_lat:duong_ham_dat_set","Đường Hầm Đất Sét","landmark","11.8828709","108.4112222","alias_region_match","nominatim_openstreetmap_alias",""
"HOLD_MANUAL_REVIEW","","","","","tour_places_v11","da_lat:fresh_garden","Fresh Garden","","","","unresolved","nominatim_openstreetmap","missing verified coordinate; not importable because places.latitude/longitude are NOT NULL"
"HOLD_MANUAL_REVIEW","","","","","tour_places_v11","da_lat:gallery_la_chocotea","Gallery La Chocotea","","","","unresolved","nominatim_openstreetmap","missing verified coordinate; not importable because places.latitude/longitude are NOT NULL"
"INSERT_NEW","","","","","tour_places_v11","da_lat:happy_hill","Happy Hill","food","11.8833803","108.4179266","geocoded_region_match","nominatim_openstreetmap",""
"ALIGN_EXISTING","8","kpdl_candidate_v11","da-lat-ho-tuyen-lam","1","tour_places_v11","da_lat:ho_tuyen_lam","Hồ Tuyền Lâm","lake","11.9000000","108.4390000","verified_existing","existing_seed",""
"HOLD_MANUAL_REVIEW","","","","","tour_places_v11","da_lat:ho_vo_cuc","Hồ Vô Cực","","","","unresolved","nominatim_openstreetmap","missing verified coordinate; not importable because places.latitude/longitude are NOT NULL"
"ALIGN_EXISTING","3","kpdl_candidate_v11","da-lat-ho-xuan-huong","1","tour_places_v11","da_lat:ho_xuan_huong","Hồ Xuân Hương","lake","11.9419000","108.4483000","verified_existing","existing_seed",""
"HOLD_MANUAL_REVIEW","","","","","tour_places_v11","da_lat:hoa_son_dien_trang","Hoa Sơn Điền Trang","","","","unresolved","nominatim_openstreetmap","missing verified coordinate; not importable because places.latitude/longitude are NOT NULL"
"HOLD_MANUAL_REVIEW","","","","","tour_places_v11","da_lat:kdl_suoi_binh_yen","KDL Suối Bình Yên","","","","unresolved","nominatim_openstreetmap","missing verified coordinate; not importable because places.latitude/longitude are NOT NULL"
"HOLD_MANUAL_REVIEW","","","","","tour_places_v11","da_lat:kombi_land","Kombi Land","","","","unresolved","nominatim_openstreetmap","missing verified coordinate; not importable because places.latitude/longitude are NOT NULL"
"HOLD_MANUAL_REVIEW","","","","","tour_places_v11","da_lat:lac_hu_co_tran","Lạc Hư Cổ Trấn","","","","unresolved","nominatim_openstreetmap","missing verified coordinate; not importable because places.latitude/longitude are NOT NULL"
"HOLD_MANUAL_REVIEW","","","","","tour_places_v11","da_lat:lang_art_cafe","Lặng Art Café","","","","unresolved","nominatim_openstreetmap","missing verified coordinate; not importable because places.latitude/longitude are NOT NULL"
"INSERT_NEW","","","","","tour_places_v11","da_lat:lang_cu_lan","Làng Cù Lần","nature","12.0265094","108.3626621","geocoded_region_match","nominatim_openstreetmap",""
"INSERT_NEW","","","","","tour_places_v11","da_lat:lang_hoa_van_thanh","Làng Hoa Vạn Thành","landmark","11.9473417","108.4144729","geocoded_region_match","nominatim_openstreetmap",""
"INSERT_NEW","","","","","tour_places_v11","da_lat:langbiang","Langbiang","nature","12.0472573","108.4405826","geocoded_region_match","nominatim_openstreetmap",""
"INSERT_NEW","","","","","tour_places_v11","da_lat:mongo_land","Mongo Land","landmark","11.9156425","108.3392258","geocoded_region_match","nominatim_openstreetmap",""
"HOLD_MANUAL_REVIEW","","","","","tour_places_v11","da_lat:nac_thang_thien_duong","Nấc Thang Thiên Đường","","","","unresolved","nominatim_openstreetmap","missing verified coordinate; not importable because places.latitude/longitude are NOT NULL"
"INSERT_NEW","","","","","tour_places_v11","da_lat:nha_ga_da_lat","Nhà Ga Đà Lạt","landmark","11.9415998","108.4544331","geocoded_region_match","nominatim_openstreetmap",""
"HOLD_MANUAL_REVIEW","","","","","tour_places_v11","da_lat:nha_tho_con_ga","Nhà Thờ Con Gà","","","","unresolved","nominatim_openstreetmap","missing verified coordinate; not importable because places.latitude/longitude are NOT NULL"
"INSERT_NEW","","","","","tour_places_v11","da_lat:nha_tho_domain_de_marie","Nhà Thờ Domain De Marie","heritage","11.9496625","108.4301370","alias_region_match","nominatim_openstreetmap_alias",""
"HOLD_MANUAL_REVIEW","","","","","tour_places_v11","da_lat:nong_trai_co_tich","Nông Trại Cổ Tích","","","","unresolved","nominatim_openstreetmap","missing verified coordinate; not importable because places.latitude/longitude are NOT NULL"
"INSERT_NEW","","","","","tour_places_v11","da_lat:puppy_farm","Puppy Farm","food","11.9626641","108.3890720","geocoded_region_match","nominatim_openstreetmap",""
"ALIGN_EXISTING","2","kpdl_candidate_v11","da-lat-quang-truong-lam-vien","1","tour_places_v11","da_lat:quang_truong_lam_vien","Quảng Trường Lâm Viên","landmark","11.9387500","108.4445280","verified_existing","existing_seed",""
"HOLD_MANUAL_REVIEW","","","","","tour_places_v11","da_lat:que_garden","Que Garden","","","","unresolved","nominatim_openstreetmap","missing verified coordinate; not importable because places.latitude/longitude are NOT NULL"
"INSERT_NEW","","","","","tour_places_v11","da_lat:royal_garden","Royal Garden","landmark","11.9449344","108.4699174","geocoded_region_match","nominatim_openstreetmap",""
"HOLD_MANUAL_REVIEW","","","","","tour_places_v11","da_lat:rung_hoa_kho","Rừng Hoa Khô","","","","unresolved","nominatim_openstreetmap","missing verified coordinate; not importable because places.latitude/longitude are NOT NULL"
"INSERT_NEW","","","","","tour_places_v11","da_lat:samten_hills","Samten Hills","landmark","11.6928693","108.4239200","alias_region_match","nominatim_openstreetmap_alias",""
"INSERT_NEW","","","","","tour_places_v11","da_lat:thac_bobla","Thác Bobla","nature","11.5741267","108.0204695","alias_region_match","nominatim_openstreetmap_alias",""
"INSERT_NEW","","","","","tour_places_v11","da_lat:thac_cam_ly","Thác Cam Ly","nature","11.9418516","108.4204763","geocoded_region_match","nominatim_openstreetmap",""
"INSERT_NEW","","","","","tour_places_v11","da_lat:thac_datanla","Thác Datanla","nature","11.9011774","108.4488444","geocoded_region_match","nominatim_openstreetmap",""
"HOLD_MANUAL_REVIEW","","","","","tour_places_v11","da_lat:thac_pongour","Thác Pongour","","","","unresolved","nominatim_openstreetmap","missing verified coordinate; not importable because places.latitude/longitude are NOT NULL"
"INSERT_NEW","","","","","tour_places_v11","da_lat:thac_prenn","Thác Prenn","nature","11.8765192","108.4701041","geocoded_region_match","nominatim_openstreetmap",""
"INSERT_NEW","","","","","tour_places_v11","da_lat:thac_voi","Thác Voi","nature","11.8235094","108.3349037","alias_region_match","nominatim_openstreetmap_alias",""
"HOLD_MANUAL_REVIEW","","","","","tour_places_v11","da_lat:thi_tran_iyashi","Thị Trấn Iyashi","","","","unresolved","nominatim_openstreetmap","missing verified coordinate; not importable because places.latitude/longitude are NOT NULL"
"ALIGN_EXISTING","7","kpdl_candidate_v11","da-lat-thien-vien-truc-lam","1","tour_places_v11","da_lat:thien_vien_truc_lam","Thiền Viện Trúc Lâm","heritage","11.9037000","108.4369000","verified_existing","existing_seed",""
"INSERT_NEW","","","","","tour_places_v11","da_lat:thien_vien_van_hanh","Thiền Viện Vạn Hạnh","heritage","11.9640027","108.4436161","geocoded_region_match","nominatim_openstreetmap",""
"INSERT_NEW","","","","","tour_places_v11","da_lat:thung_lung_tinh_yeu","Thung Lũng Tình Yêu","nature","11.9781853","108.4499229","geocoded_region_match","nominatim_openstreetmap",""
"INSERT_NEW","","","","","tour_places_v11","da_lat:thung_lung_vang","Thung Lũng Vàng","nature","12.0067009","108.3827889","geocoded_region_match","nominatim_openstreetmap",""
"HOLD_MANUAL_REVIEW","","","","","tour_places_v11","da_lat:tiem_nuong_chuyen_tau_hoang_hon","Tiệm Nướng Chuyến Tàu Hoàng Hôn","","","","unresolved","nominatim_openstreetmap","missing verified coordinate; not importable because places.latitude/longitude are NOT NULL"
"INSERT_NEW","","","","","tour_places_v11","da_lat:trai_mat","Trại Mát","landmark","11.9461160","108.5014597","geocoded_region_match","nominatim_openstreetmap",""
"HOLD_MANUAL_REVIEW","","","","","tour_places_v11","da_lat:tu_vien_bat_nha","Tu Viện Bát Nhã","","","","unresolved","nominatim_openstreetmap","missing verified coordinate; not importable because places.latitude/longitude are NOT NULL"
"HOLD_MANUAL_REVIEW","","","","","tour_places_v11","da_lat:vuon_chau_au","Vườn Châu Âu","","","","unresolved","nominatim_openstreetmap","missing verified coordinate; not importable because places.latitude/longitude are NOT NULL"
"INSERT_NEW","","","","","tour_places_v11","da_lat:vuon_dau_da_lat","Vườn Dâu Đà Lạt","landmark","11.9488370","108.4271406","geocoded_region_match","nominatim_openstreetmap",""
"HOLD_MANUAL_REVIEW","","","","","tour_places_v11","da_lat:vuon_dia_dang","Vườn Địa Đàng","","","","unresolved","nominatim_openstreetmap","missing verified coordinate; not importable because places.latitude/longitude are NOT NULL"
"INSERT_NEW","","","","","tour_places_v11","da_lat:vuon_hoa_thanh_pho","Vườn Hoa Thành Phố","landmark","11.9518163","108.4494401","geocoded_region_match","nominatim_openstreetmap",""
"HOLD_MANUAL_REVIEW","","","","","tour_places_v11","da_lat:xuong_to_lua","Xưởng Tơ Lụa","","","","unresolved","nominatim_openstreetmap","missing verified coordinate; not importable because places.latitude/longitude are NOT NULL"
