"name","category_code","category_name","category_description","description","province","district","address","latitude","longitude","source_type","external_source","external_id","image_source_url","image_source_page","image_license","image_attribution","image_caption"
"Cafe Mê Linh","food","Ăn uống","Quán ăn, cà phê và điểm dừng chân","","Lâm Đồng","Đà Lạt","Mê Linh Coffee Garden, Đường tỉnh 725, Phường Cam Ly - Đà Lạt, Thôn 5, Tỉnh Lâm Đồng, 66200, Việt Nam","11.9001444","108.3467469","EXTERNAL_API","tour_places_v11","da_lat:cafe_me_linh","","","","",""
"Chợ Đà Lạt","market","Chợ và mua sắm","Chợ, khu mua sắm và đặc sản địa phương","","Lâm Đồng","Đà Lạt","Chợ Đà Lạt, Nguyễn Thị Minh Khai, Đồi Petrus Ký, Phường Xuân Hương - Đà Lạt, Đà Lạt, Tỉnh Lâm Đồng, 02633, Việt Nam","11.9434358","108.4371779","EXTERNAL_API","tour_places_v11","da_lat:cho_da_lat","","","","",""
"Chùa Linh Ẩn","heritage","Di tích và văn hóa","Di tích, kiến trúc, bảo tàng và không gian tâm linh","","Lâm Đồng","Lâm Hà","Linh Ẩn Tự, Đường tỉnh 725, Ba Đình, Thôn 3, Xã Nam Ban Lâm Hà, Tỉnh Lâm Đồng, 66300, Việt Nam","11.8244076","108.3336066","EXTERNAL_API","tour_places_v11","da_lat:chua_linh_an","","","","",""
"Chùa Linh Phước","heritage","Di tích và văn hóa","Di tích, kiến trúc, bảo tàng và không gian tâm linh","","Lâm Đồng","Đà Lạt","Chùa Linh Phước, Xuân Thành, Phường Xuân Trường - Đà Lạt, Tỉnh Lâm Đồng, Việt Nam","11.9442799","108.4993994","EXTERNAL_API","tour_places_v11","da_lat:chua_linh_phuoc","","","","",""
"Chùa Thiên Vương Cổ Sát","heritage","Di tích và văn hóa","Di tích, kiến trúc, bảo tàng và không gian tâm linh","","Lâm Đồng","Đà Lạt","Thiên Vương Cổ Sát (Chùa Tàu), Đèo Mimosa, Đà Lạt, Phường Xuân Hương - Đà Lạt, Tỉnh Lâm Đồng, 66116, Việt Nam","11.9259429","108.4595900","EXTERNAL_API","tour_places_v11","da_lat:chua_thien_vuong_co_sat","","","","",""
"Crazy House","heritage","Di tích và văn hóa","Di tích, kiến trúc, bảo tàng và không gian tâm linh","","Lâm Đồng","Đà Lạt","Ngôi nhà quái dị, 3, Huỳnh Thúc Kháng, Ấp Nam Thiên, Phường Xuân Hương - Đà Lạt, Đà Lạt, Tỉnh Lâm Đồng, 66115, Việt Nam","11.9345622","108.4305116","EXTERNAL_API","tour_places_v11","da_lat:crazy_house","","","","",""
"Dinh Bảo Đại","heritage","Di tích và văn hóa","Di tích, kiến trúc, bảo tàng và không gian tâm linh","","Lâm Đồng","Đà Lạt","Đường Triệu Việt Vương, phường 4","11.9289000","108.4239000","EXTERNAL_API","tour_places_v11","da_lat:dinh_bao_dai","","","","",""
"Dinh I","heritage","Di tích và văn hóa","Di tích, kiến trúc, bảo tàng và không gian tâm linh","","Lâm Đồng","Đà Lạt","Cư xá Decoux, Phường Lang Biang - Đà Lạt, Đà Lạt, Tỉnh Lâm Đồng, 66100, Việt Nam","11.9648364","108.4317751","EXTERNAL_API","tour_places_v11","da_lat:dinh_i","","","","",""
"Đồi Chè Cầu Đất","nature","Thiên nhiên","Cảnh quan thiên nhiên, hồ, thác, núi và khu sinh thái","","Lâm Đồng","Đà Lạt","đồi chè cầu đất, Quốc lộ 20, Phát Chi, Phường Xuân Trường - Đà Lạt, Tỉnh Lâm Đồng, Việt Nam","11.8777526","108.5603366","EXTERNAL_API","tour_places_v11","da_lat:doi_che_cau_dat","","","","",""
"Đồi Mộng Mơ","landmark","Điểm tham quan","Công trình, điểm check-in và địa danh nổi bật","","Lâm Đồng","Đà Lạt","Khu du lịch Đồi Mộng Mơ, Mai Anh Đào, Phường Lâm Viên - Đà Lạt, Tỉnh Lâm Đồng, 66100, Việt Nam","11.9792995","108.4452972","EXTERNAL_API","tour_places_v11","da_lat:doi_mong_mo","","","","",""
"Đường Hầm Đất Sét","landmark","Điểm tham quan","Công trình, điểm check-in và địa danh nổi bật","","Lâm Đồng","Đà Lạt","Đường hầm điêu khắc, Hoa Hồng, Phường Xuân Hương - Đà Lạt, Đà Lạt, Tỉnh Lâm Đồng, 66115, Việt Nam","11.8828709","108.4112222","EXTERNAL_API","tour_places_v11","da_lat:duong_ham_dat_set","","","","",""
"Happy Hill","food","Ăn uống","Quán ăn, cà phê và điểm dừng chân","","Lâm Đồng","Đà Lạt","Happy Hill, Hoa Phượng Tím, Đà Lạt, Phường Xuân Hương - Đà Lạt, Tỉnh Lâm Đồng, 66116, Việt Nam","11.8833803","108.4179266","EXTERNAL_API","tour_places_v11","da_lat:happy_hill","","","","",""
"Hồ Tuyền Lâm","lake","Điểm tham quan","Công trình, điểm check-in và địa danh nổi bật","","Lâm Đồng","Đà Lạt","Khu du lịch hồ Tuyền Lâm","11.9000000","108.4390000","EXTERNAL_API","tour_places_v11","da_lat:ho_tuyen_lam","","","","",""
"Hồ Xuân Hương","lake","Điểm tham quan","Công trình, điểm check-in và địa danh nổi bật","","Lâm Đồng","Đà Lạt","Trung tâm thành phố Đà Lạt","11.9419000","108.4483000","EXTERNAL_API","tour_places_v11","da_lat:ho_xuan_huong","","","","",""
"Làng Cù Lần","nature","Thiên nhiên","Cảnh quan thiên nhiên, hồ, thác, núi và khu sinh thái","","Lâm Đồng","Đà Lạt","Làng Cu Lần, Phường Lang Biang - Đà Lạt, Tỉnh Lâm Đồng, Việt Nam","12.0265094","108.3626621","EXTERNAL_API","tour_places_v11","da_lat:lang_cu_lan","","","","",""
"Làng Hoa Vạn Thành","landmark","Điểm tham quan","Công trình, điểm check-in và địa danh nổi bật","","Lâm Đồng","Đà Lạt","Làng Hoa Van Thành, Hoàng Văn Thụ, Phường Cam Ly - Đà Lạt, Đà Lạt, Tỉnh Lâm Đồng, 66113, Việt Nam","11.9473417","108.4144729","EXTERNAL_API","tour_places_v11","da_lat:lang_hoa_van_thanh","","","","",""
"Langbiang","nature","Thiên nhiên","Cảnh quan thiên nhiên, hồ, thác, núi và khu sinh thái","","Lâm Đồng","Đà Lạt","Núi Lang Biang, Phường Lang Biang - Đà Lạt, Tỉnh Lâm Đồng, Việt Nam","12.0472573","108.4405826","EXTERNAL_API","tour_places_v11","da_lat:langbiang","","","","",""
"Mongo Land","landmark","Điểm tham quan","Công trình, điểm check-in và địa danh nổi bật","","Lâm Đồng","Đà Lạt","Mongo Land Dalat, Đường tỉnh 725, Phường Cam Ly - Đà Lạt, Thôn 5, Tỉnh Lâm Đồng, 66200, Việt Nam","11.9156425","108.3392258","EXTERNAL_API","tour_places_v11","da_lat:mongo_land","","","","",""
"Nhà Ga Đà Lạt","landmark","Điểm tham quan","Công trình, điểm check-in và địa danh nổi bật","","Lâm Đồng","Đà Lạt","Ga Đà Lạt, Quang Trung, Ấp Cô Giang, Lâm Viên, Phường Xuân Hương - Đà Lạt, Phường Lâm Viên - Đà Lạt, Tỉnh Lâm Đồng, 66117, Việt Nam","11.9415998","108.4544331","EXTERNAL_API","tour_places_v11","da_lat:nha_ga_da_lat","","","","",""
"Nhà Thờ Domain De Marie","heritage","Di tích và văn hóa","Di tích, kiến trúc, bảo tàng và không gian tâm linh","","Lâm Đồng","Đà Lạt","Nhà thờ Domaine de Marie, Đồi Mai Anh, Ấp Đa Cát, Phường Cam Ly - Đà Lạt, Đà Lạt, Tỉnh Lâm Đồng, 66113, Việt Nam","11.9496625","108.4301370","EXTERNAL_API","tour_places_v11","da_lat:nha_tho_domain_de_marie","","","","",""
"Puppy Farm","food","Ăn uống","Quán ăn, cà phê và điểm dừng chân","","Lâm Đồng","Đà Lạt","Nông Trại Cún Puppy Farm, Cam Ly - Phước Thành, Phường Lang Biang - Đà Lạt, Đà Lạt, Tỉnh Lâm Đồng, 66200, Việt Nam","11.9626641","108.3890720","EXTERNAL_API","tour_places_v11","da_lat:puppy_farm","","","","",""
"Quảng Trường Lâm Viên","landmark","Điểm tham quan","Công trình, điểm check-in và địa danh nổi bật","","Lâm Đồng","Đà Lạt","Đường Trần Quốc Toản, phường Xuân Hương","11.9387500","108.4445280","EXTERNAL_API","tour_places_v11","da_lat:quang_truong_lam_vien","","","","",""
"Royal Garden","landmark","Điểm tham quan","Công trình, điểm check-in và địa danh nổi bật","","Lâm Đồng","Đà Lạt","Royal Garden Cafe, 1, Trần Thái Tông, Phường Xuân Hương - Đà Lạt, Phường Lâm Viên - Đà Lạt, Tỉnh Lâm Đồng, 66117, Việt Nam","11.9449344","108.4699174","EXTERNAL_API","tour_places_v11","da_lat:royal_garden","","","","",""
"Samten Hills","landmark","Điểm tham quan","Công trình, điểm check-in và địa danh nổi bật","","Lâm Đồng","Đơn Dương","Samten Hills, Bookabang, Xã Đơn Dương, Tỉnh Lâm Đồng, Việt Nam","11.6928693","108.4239200","EXTERNAL_API","tour_places_v11","da_lat:samten_hills","","","","",""
"Thác Bobla","nature","Thiên nhiên","Cảnh quan thiên nhiên, hồ, thác, núi và khu sinh thái","","Lâm Đồng","Di Linh","Thác Bobla, Thôn 2, Xã Di Linh, Tỉnh Lâm Đồng, Việt Nam","11.5741267","108.0204695","EXTERNAL_API","tour_places_v11","da_lat:thac_bobla","","","","",""
"Thác Cam Ly","nature","Thiên nhiên","Cảnh quan thiên nhiên, hồ, thác, núi và khu sinh thái","","Lâm Đồng","Đà Lạt","Thác Cam Ly, Phường Cam Ly - Đà Lạt, Tỉnh Lâm Đồng, 66113, Việt Nam","11.9418516","108.4204763","EXTERNAL_API","tour_places_v11","da_lat:thac_cam_ly","","","","",""
"Thác Datanla","nature","Thiên nhiên","Cảnh quan thiên nhiên, hồ, thác, núi và khu sinh thái","","Lâm Đồng","Đà Lạt","Thác Datanla, Phường Xuân Hương - Đà Lạt, Đà Lạt, Tỉnh Lâm Đồng, 66116, Việt Nam","11.9011774","108.4488444","EXTERNAL_API","tour_places_v11","da_lat:thac_datanla","","","","",""
"Thác Prenn","nature","Thiên nhiên","Cảnh quan thiên nhiên, hồ, thác, núi và khu sinh thái","","Lâm Đồng","Đà Lạt","Thác Prenn, Phường Xuân Hương - Đà Lạt, Đà Lạt, Tỉnh Lâm Đồng, Việt Nam","11.8765192","108.4701041","EXTERNAL_API","tour_places_v11","da_lat:thac_prenn","","","","",""
"Thác Voi","nature","Thiên nhiên","Cảnh quan thiên nhiên, hồ, thác, núi và khu sinh thái","","Lâm Đồng","Lâm Hà","Thác Voi, Nam Ban, Xã Nam Ban Lâm Hà, Tỉnh Lâm Đồng, 66300, Việt Nam","11.8235094","108.3349037","EXTERNAL_API","tour_places_v11","da_lat:thac_voi","","","","",""
"Thiền Viện Trúc Lâm","heritage","Di tích và văn hóa","Di tích, kiến trúc, bảo tàng và không gian tâm linh","","Lâm Đồng","Đà Lạt","Đường Trúc Lâm Yên Tử, phường 3","11.9037000","108.4369000","EXTERNAL_API","tour_places_v11","da_lat:thien_vien_truc_lam","","","","",""
"Thiền Viện Vạn Hạnh","heritage","Di tích và văn hóa","Di tích, kiến trúc, bảo tàng và không gian tâm linh","","Lâm Đồng","Đà Lạt","Thiền viện Vạn Hạnh, Phù Đổng Thiên Vương, Ấp Đa Thiện, Lâm Viên, Phường Lâm Viên - Đà Lạt, Tỉnh Lâm Đồng, 66100, Việt Nam","11.9640027","108.4436161","EXTERNAL_API","tour_places_v11","da_lat:thien_vien_van_hanh","","","","",""
"Thung Lũng Tình Yêu","nature","Thiên nhiên","Cảnh quan thiên nhiên, hồ, thác, núi và khu sinh thái","","Lâm Đồng","Đà Lạt","Thung Lũng Tình Yêu, Mai Anh Đào, Phường Lâm Viên - Đà Lạt, Tỉnh Lâm Đồng, 66100, Việt Nam","11.9781853","108.4499229","EXTERNAL_API","tour_places_v11","da_lat:thung_lung_tinh_yeu","","","","",""
"Thung Lũng Vàng","nature","Thiên nhiên","Cảnh quan thiên nhiên, hồ, thác, núi và khu sinh thái","","Lâm Đồng","Đà Lạt","Thung Lũng Vàng, Đường Trường Sơn Đông, Phường Lang Biang - Đà Lạt, Lán Tranh, Xã Đam Rông 4, Tỉnh Lâm Đồng, 66200, Việt Nam","12.0067009","108.3827889","EXTERNAL_API","tour_places_v11","da_lat:thung_lung_vang","","","","",""
"Trại Mát","landmark","Điểm tham quan","Công trình, điểm check-in và địa danh nổi bật","","Lâm Đồng","Đà Lạt","Trại Mát, Tự Phước, Lộc Quý, Phường Xuân Trường - Đà Lạt, Tỉnh Lâm Đồng, Việt Nam","11.9461160","108.5014597","EXTERNAL_API","tour_places_v11","da_lat:trai_mat","","","","",""
"Vườn Dâu Đà Lạt","landmark","Điểm tham quan","Công trình, điểm check-in và địa danh nổi bật","","Lâm Đồng","Đà Lạt","Vườn dâu Công nghệ cao Bình Yên, 19A, Phường Cam Ly - Đà Lạt, Đà Lạt, Tỉnh Lâm Đồng, Việt Nam","11.9488370","108.4271406","EXTERNAL_API","tour_places_v11","da_lat:vuon_dau_da_lat","","","","",""
"Vườn Hoa Thành Phố","landmark","Điểm tham quan","Công trình, điểm check-in và địa danh nổi bật","","Lâm Đồng","Đà Lạt","Vườn hoa Thành phố Đà Lạt, Lâm Viên, Phường Lâm Viên - Đà Lạt, Tỉnh Lâm Đồng, Việt Nam","11.9518163","108.4494401","EXTERNAL_API","tour_places_v11","da_lat:vuon_hoa_thanh_pho","","","","",""
