"external_source","external_id","destination_key","canonical_name","category","latitude","longitude","db_place_id","action","geocode_status","source","reference","review_note"
"tour_places_v11","da_lat:bao_tang_madame_de","da_lat","Bảo Tàng Madame De","heritage","","","","HOLD_MANUAL_REVIEW","unresolved","","","missing verified coordinate; do not import while places.latitude/longitude are NOT NULL"
"tour_places_v11","da_lat:cafe_me_linh","da_lat","Cafe Mê Linh","food","11.9001444","108.3467469","29","UPDATE_EXISTING","verified_existing","existing_catalog","",""
"tour_places_v11","da_lat:cafe_mien_du_muc","da_lat","Cafe Miền Du Mục","food","","","","HOLD_MANUAL_REVIEW","unresolved","","","missing verified coordinate; do not import while places.latitude/longitude are NOT NULL"
"tour_places_v11","da_lat:canh_dong_hoa_cam_tu_cau","da_lat","Cánh Đồng Hoa Cẩm Tú Cầu","nature","","","","HOLD_MANUAL_REVIEW","unresolved","","","missing verified coordinate; do not import while places.latitude/longitude are NOT NULL"
"tour_places_v11","da_lat:cho_da_lat","da_lat","Chợ Đà Lạt","market","11.9434358","108.4371779","30","UPDATE_EXISTING","verified_existing","existing_catalog","",""
"tour_places_v11","da_lat:chua_linh_an","da_lat","Chùa Linh Ẩn","heritage","11.8244076","108.3336066","31","UPDATE_EXISTING","verified_existing","existing_catalog","",""
"tour_places_v11","da_lat:chua_linh_phuoc","da_lat","Chùa Linh Phước","heritage","11.9442799","108.4993994","32","UPDATE_EXISTING","verified_existing","existing_catalog","",""
"tour_places_v11","da_lat:chua_thien_vuong_co_sat","da_lat","Chùa Thiên Vương Cổ Sát","heritage","11.9259429","108.4595900","33","UPDATE_EXISTING","verified_existing","existing_catalog","",""
"tour_places_v11","da_lat:cong_troi_bali_green_hill","da_lat","Cổng Trời Bali Green Hill","landmark","","","","HOLD_MANUAL_REVIEW","unresolved","","","missing verified coordinate; do not import while places.latitude/longitude are NOT NULL"
"tour_places_v11","da_lat:crazy_house","da_lat","Crazy House","heritage","11.9345622","108.4305116","34","UPDATE_EXISTING","verified_existing","existing_catalog","",""
"tour_places_v11","da_lat:dai_bao_thap_kinh_luan","da_lat","Đại Bảo Tháp Kinh Luân","heritage","","","","HOLD_MANUAL_REVIEW","unresolved","","","missing verified coordinate; do not import while places.latitude/longitude are NOT NULL"
"tour_places_v11","da_lat:dapa_hill","da_lat","Dapa Hill","landmark","","","","HOLD_MANUAL_REVIEW","unresolved","","","missing verified coordinate; do not import while places.latitude/longitude are NOT NULL"
"tour_places_v11","da_lat:dinh_bao_dai","da_lat","Dinh Bảo Đại","heritage","11.9289000","108.4239000","6","UPDATE_EXISTING","verified_existing","existing_catalog","",""
"tour_places_v11","da_lat:dinh_i","da_lat","Dinh I","heritage","11.9648364","108.4317751","36","UPDATE_EXISTING","verified_existing","existing_catalog","",""
"tour_places_v11","da_lat:doi_che_cau_dat","da_lat","Đồi Chè Cầu Đất","nature","11.8777526","108.5603366","37","UPDATE_EXISTING","verified_existing","existing_catalog","",""
"tour_places_v11","da_lat:doi_mong_mo","da_lat","Đồi Mộng Mơ","landmark","11.9792995","108.4452972","38","UPDATE_EXISTING","verified_existing","existing_catalog","",""
"tour_places_v11","da_lat:doi_robin","da_lat","Đồi Robin","nature","","","","HOLD_MANUAL_REVIEW","unresolved","","","missing verified coordinate; do not import while places.latitude/longitude are NOT NULL"
"tour_places_v11","da_lat:duong_ham_dat_set","da_lat","Đường Hầm Đất Sét","landmark","11.8828709","108.4112222","39","UPDATE_EXISTING","verified_existing","existing_catalog","",""
"tour_places_v11","da_lat:fresh_garden","da_lat","Fresh Garden","landmark","","","","HOLD_MANUAL_REVIEW","unresolved","","","missing verified coordinate; do not import while places.latitude/longitude are NOT NULL"
"tour_places_v11","da_lat:gallery_la_chocotea","da_lat","Gallery La Chocotea","landmark","","","","HOLD_MANUAL_REVIEW","unresolved","","","missing verified coordinate; do not import while places.latitude/longitude are NOT NULL"
"tour_places_v11","da_lat:happy_hill","da_lat","Happy Hill","food","11.8833803","108.4179266","40","UPDATE_EXISTING","verified_existing","existing_catalog","",""
"tour_places_v11","da_lat:ho_tuyen_lam","da_lat","Hồ Tuyền Lâm","lake","11.9000000","108.4390000","8","UPDATE_EXISTING","verified_existing","existing_catalog","",""
"tour_places_v11","da_lat:ho_vo_cuc","da_lat","Hồ Vô Cực","lake","11.8836192","108.4099704","","INSERT_NEW","verified_existing","existing_catalog","",""
"tour_places_v11","da_lat:ho_xuan_huong","da_lat","Hồ Xuân Hương","lake","11.9419000","108.4483000","3","UPDATE_EXISTING","verified_existing","existing_catalog","",""
"tour_places_v11","da_lat:hoa_son_dien_trang","da_lat","Hoa Sơn Điền Trang","landmark","","","","HOLD_MANUAL_REVIEW","unresolved","","","missing verified coordinate; do not import while places.latitude/longitude are NOT NULL"
"tour_places_v11","da_lat:kdl_suoi_binh_yen","da_lat","KDL Suối Bình Yên","nature","","","","HOLD_MANUAL_REVIEW","unresolved","","","missing verified coordinate; do not import while places.latitude/longitude are NOT NULL"
"tour_places_v11","da_lat:kombi_land","da_lat","Kombi Land","landmark","","","","HOLD_MANUAL_REVIEW","unresolved","","","missing verified coordinate; do not import while places.latitude/longitude are NOT NULL"
"tour_places_v11","da_lat:lac_hu_co_tran","da_lat","Lạc Hư Cổ Trấn","landmark","","","","HOLD_MANUAL_REVIEW","unresolved","","","missing verified coordinate; do not import while places.latitude/longitude are NOT NULL"
"tour_places_v11","da_lat:lang_art_cafe","da_lat","Lặng Art Café","food","","","","HOLD_MANUAL_REVIEW","unresolved","","","missing verified coordinate; do not import while places.latitude/longitude are NOT NULL"
"tour_places_v11","da_lat:lang_cu_lan","da_lat","Làng Cù Lần","nature","12.0265094","108.3626621","55","UPDATE_EXISTING","verified_existing","existing_catalog","",""
"tour_places_v11","da_lat:lang_hoa_van_thanh","da_lat","Làng Hoa Vạn Thành","landmark","11.9473417","108.4144729","56","UPDATE_EXISTING","verified_existing","existing_catalog","",""
"tour_places_v11","da_lat:langbiang","da_lat","Langbiang","nature","12.0472573","108.4405826","57","UPDATE_EXISTING","verified_existing","existing_catalog","",""
"tour_places_v11","da_lat:mongo_land","da_lat","Mongo Land","landmark","11.9156425","108.3392258","58","UPDATE_EXISTING","verified_existing","existing_catalog","",""
"tour_places_v11","da_lat:nac_thang_thien_duong","da_lat","Nấc Thang Thiên Đường","nature","11.9441516","108.4884062","","INSERT_NEW","verified_existing","existing_catalog","",""
"tour_places_v11","da_lat:nha_ga_da_lat","da_lat","Nhà Ga Đà Lạt","landmark","11.9415998","108.4544331","59","UPDATE_EXISTING","verified_existing","existing_catalog","",""
"tour_places_v11","da_lat:nha_tho_con_ga","da_lat","Nhà Thờ Con Gà","lake","11.9362368","108.4376882","","INSERT_NEW","verified_existing","existing_catalog","",""
"tour_places_v11","da_lat:nha_tho_domain_de_marie","da_lat","Nhà Thờ Domain De Marie","heritage","11.9496625","108.4301370","60","UPDATE_EXISTING","verified_existing","existing_catalog","",""
"tour_places_v11","da_lat:nong_trai_co_tich","da_lat","Nông Trại Cổ Tích","landmark","","","","HOLD_MANUAL_REVIEW","unresolved","","","missing verified coordinate; do not import while places.latitude/longitude are NOT NULL"
"tour_places_v11","da_lat:puppy_farm","da_lat","Puppy Farm","food","11.9626641","108.3890720","61","UPDATE_EXISTING","verified_existing","existing_catalog","",""
"tour_places_v11","da_lat:quang_truong_lam_vien","da_lat","Quảng Trường Lâm Viên","landmark","11.9387500","108.4445280","2","UPDATE_EXISTING","verified_existing","existing_catalog","",""
"tour_places_v11","da_lat:que_garden","da_lat","Que Garden","landmark","","","","HOLD_MANUAL_REVIEW","unresolved","","","missing verified coordinate; do not import while places.latitude/longitude are NOT NULL"
"tour_places_v11","da_lat:royal_garden","da_lat","Royal Garden","landmark","11.9449344","108.4699174","63","UPDATE_EXISTING","verified_existing","existing_catalog","",""
"tour_places_v11","da_lat:rung_hoa_kho","da_lat","Rừng Hoa Khô","nature","","","","HOLD_MANUAL_REVIEW","unresolved","","","missing verified coordinate; do not import while places.latitude/longitude are NOT NULL"
"tour_places_v11","da_lat:samten_hills","da_lat","Samten Hills","landmark","11.6928693","108.4239200","64","UPDATE_EXISTING","verified_existing","existing_catalog","",""
"tour_places_v11","da_lat:thac_bobla","da_lat","Thác Bobla","nature","11.5741267","108.0204695","65","UPDATE_EXISTING","verified_existing","existing_catalog","",""
"tour_places_v11","da_lat:thac_cam_ly","da_lat","Thác Cam Ly","nature","11.9418516","108.4204763","66","UPDATE_EXISTING","verified_existing","existing_catalog","",""
"tour_places_v11","da_lat:thac_datanla","da_lat","Thác Datanla","nature","11.9011774","108.4488444","67","UPDATE_EXISTING","verified_existing","existing_catalog","",""
"tour_places_v11","da_lat:thac_pongour","da_lat","Thác Pongour","nature","11.6874998","108.2654399","","INSERT_NEW","verified_existing","existing_catalog","",""
"tour_places_v11","da_lat:thac_prenn","da_lat","Thác Prenn","nature","11.8765192","108.4701041","68","UPDATE_EXISTING","verified_existing","existing_catalog","",""
"tour_places_v11","da_lat:thac_voi","da_lat","Thác Voi","nature","11.8235094","108.3349037","69","UPDATE_EXISTING","verified_existing","existing_catalog","",""
"tour_places_v11","da_lat:thi_tran_iyashi","da_lat","Thị Trấn Iyashi","landmark","","","","HOLD_MANUAL_REVIEW","unresolved","","","missing verified coordinate; do not import while places.latitude/longitude are NOT NULL"
"tour_places_v11","da_lat:thien_vien_truc_lam","da_lat","Thiền Viện Trúc Lâm","heritage","11.9037000","108.4369000","7","UPDATE_EXISTING","verified_existing","existing_catalog","",""
"tour_places_v11","da_lat:thien_vien_van_hanh","da_lat","Thiền Viện Vạn Hạnh","heritage","11.9640027","108.4436161","71","UPDATE_EXISTING","verified_existing","existing_catalog","",""
"tour_places_v11","da_lat:thung_lung_tinh_yeu","da_lat","Thung Lũng Tình Yêu","nature","11.9781853","108.4499229","72","UPDATE_EXISTING","verified_existing","existing_catalog","",""
"tour_places_v11","da_lat:thung_lung_vang","da_lat","Thung Lũng Vàng","nature","12.0067009","108.3827889","73","UPDATE_EXISTING","verified_existing","existing_catalog","",""
"tour_places_v11","da_lat:tiem_nuong_chuyen_tau_hoang_hon","da_lat","Tiệm Nướng Chuyến Tàu Hoàng Hôn","food","","","","HOLD_MANUAL_REVIEW","unresolved","","","missing verified coordinate; do not import while places.latitude/longitude are NOT NULL"
"tour_places_v11","da_lat:trai_mat","da_lat","Trại Mát","landmark","11.9461160","108.5014597","74","UPDATE_EXISTING","verified_existing","existing_catalog","",""
"tour_places_v11","da_lat:tu_vien_bat_nha","da_lat","Tu Viện Bát Nhã","landmark","","","","HOLD_MANUAL_REVIEW","unresolved","","","missing verified coordinate; do not import while places.latitude/longitude are NOT NULL"
"tour_places_v11","da_lat:vuon_chau_au","da_lat","Vườn Châu Âu","landmark","","","","HOLD_MANUAL_REVIEW","unresolved","","","missing verified coordinate; do not import while places.latitude/longitude are NOT NULL"
"tour_places_v11","da_lat:vuon_dau_da_lat","da_lat","Vườn Dâu Đà Lạt","landmark","11.9488370","108.4271406","75","UPDATE_EXISTING","verified_existing","existing_catalog","",""
"tour_places_v11","da_lat:vuon_dia_dang","da_lat","Vườn Địa Đàng","landmark","","","","HOLD_MANUAL_REVIEW","unresolved","","","missing verified coordinate; do not import while places.latitude/longitude are NOT NULL"
"tour_places_v11","da_lat:vuon_hoa_thanh_pho","da_lat","Vườn Hoa Thành Phố","landmark","11.9518163","108.4494401","76","UPDATE_EXISTING","verified_existing","existing_catalog","",""
"tour_places_v11","da_lat:xuong_to_lua","da_lat","Xưởng Tơ Lụa","landmark","11.9772623","108.4474339","","INSERT_NEW","verified_existing","existing_catalog","",""
"tour_places_v11","da_nang_hue_hoi_an:ba_na_hills","da_nang_hue_hoi_an","Bà Nà Hills","landmark","15.9958569","107.9890712","","INSERT_NEW","verified_existing","existing_catalog","",""
"tour_places_v11","da_nang_hue_hoi_an:ban_dao_son_tra","da_nang_hue_hoi_an","Bán Đảo Sơn Trà","nature","16.1204900","108.2647075","","INSERT_NEW","verified_existing","existing_catalog","",""
"tour_places_v11","da_nang_hue_hoi_an:bien_an_bang","da_nang_hue_hoi_an","Biển An Bàng","nature","","","","HOLD_MANUAL_REVIEW","unresolved","","","missing verified coordinate; do not import while places.latitude/longitude are NOT NULL"
"tour_places_v11","da_nang_hue_hoi_an:bien_cua_dai","da_nang_hue_hoi_an","Biển Cửa Đại","nature","15.8980583","108.3662256","","INSERT_NEW","verified_existing","existing_catalog","",""
"tour_places_v11","da_nang_hue_hoi_an:bien_my_khe","da_nang_hue_hoi_an","Biển Mỹ Khê","nature","16.0756254","108.2468784","","INSERT_NEW","verified_existing","existing_catalog","",""
"tour_places_v11","da_nang_hue_hoi_an:cau_rong","da_nang_hue_hoi_an","Cầu Rồng","landmark","16.0611682","108.2278968","","INSERT_NEW","verified_existing","existing_catalog","",""
"tour_places_v11","da_nang_hue_hoi_an:cau_tinh_yeu_da_nang","da_nang_hue_hoi_an","Cầu Tình Yêu Đà Nẵng","landmark","16.0513135","108.2309046","","INSERT_NEW","verified_existing","existing_catalog","",""
"tour_places_v11","da_nang_hue_hoi_an:cau_vang","da_nang_hue_hoi_an","Cầu Vàng","landmark","15.9950915","107.9964120","","INSERT_NEW","verified_existing","existing_catalog","",""
"tour_places_v11","da_nang_hue_hoi_an:cho_dong_ba","da_nang_hue_hoi_an","Chợ Đông Ba","market","16.4724474","107.5886452","","INSERT_NEW","verified_existing","existing_catalog","",""
"tour_places_v11","da_nang_hue_hoi_an:chua_cau_hoi_an","da_nang_hue_hoi_an","Chùa Cầu Hội An","heritage","15.8771541","108.3260034","","INSERT_NEW","verified_existing","existing_catalog","",""
"tour_places_v11","da_nang_hue_hoi_an:chua_linh_ung_son_tra","da_nang_hue_hoi_an","Chùa Linh Ứng Sơn Trà","heritage","16.1001567","108.2784112","","INSERT_NEW","verified_existing","existing_catalog","",""
"tour_places_v11","da_nang_hue_hoi_an:chua_thien_mu","da_nang_hue_hoi_an","Chùa Thiên Mụ","heritage","16.4537195","107.5445808","","INSERT_NEW","verified_existing","existing_catalog","",""
"tour_places_v11","da_nang_hue_hoi_an:cu_lao_cham","da_nang_hue_hoi_an","Cù Lao Chàm","nature","15.9508587","108.5227203","","INSERT_NEW","verified_existing","existing_catalog","",""
"tour_places_v11","da_nang_hue_hoi_an:dai_noi_hue","da_nang_hue_hoi_an","Đại Nội Huế","heritage","16.4689726","107.5781266","","INSERT_NEW","verified_nominatim","OpenStreetMap/Nominatim","https://www.openstreetmap.org/node/5182931945",""
"tour_places_v11","da_nang_hue_hoi_an:deo_hai_van","da_nang_hue_hoi_an","Đèo Hải Vân","nature","16.1691434","108.1262622","","INSERT_NEW","verified_existing","existing_catalog","",""
"tour_places_v11","da_nang_hue_hoi_an:doi_vong_canh","da_nang_hue_hoi_an","Đồi Vọng Cảnh","nature","16.4283613","107.5639447","","INSERT_NEW","verified_existing","existing_catalog","",""
"tour_places_v11","da_nang_hue_hoi_an:hoi_quan_phuc_kien","da_nang_hue_hoi_an","Hội Quán Phúc Kiến","heritage","15.8781389","108.3309922","","INSERT_NEW","verified_existing","existing_catalog","",""
"tour_places_v11","da_nang_hue_hoi_an:lang_huong_thuy_xuan","da_nang_hue_hoi_an","Làng Hương Thủy Xuân","heritage","16.4339974","107.5626698","","INSERT_NEW","verified_existing","existing_catalog","",""
"tour_places_v11","da_nang_hue_hoi_an:lang_khai_dinh","da_nang_hue_hoi_an","Lăng Khải Định","heritage","16.3990174","107.5903393","","INSERT_NEW","verified_existing","existing_catalog","",""
"tour_places_v11","da_nang_hue_hoi_an:lang_minh_mang","da_nang_hue_hoi_an","Lăng Minh Mạng","heritage","16.3877545","107.5677832","","INSERT_NEW","verified_existing","existing_catalog","",""
"tour_places_v11","da_nang_hue_hoi_an:lang_tu_duc","da_nang_hue_hoi_an","Lăng Tự Đức","heritage","16.4330399","107.5655159","","INSERT_NEW","verified_existing","existing_catalog","",""
"tour_places_v11","da_nang_hue_hoi_an:ngu_hanh_son","da_nang_hue_hoi_an","Ngũ Hành Sơn","landmark","16.0107980","108.2531780","","INSERT_NEW","verified_existing","existing_catalog","",""
"tour_places_v11","da_nang_hue_hoi_an:nha_co_tan_ky","da_nang_hue_hoi_an","Nhà Cổ Tấn Ký","landmark","15.8764553","108.3278311","","INSERT_NEW","verified_nominatim","OpenStreetMap/Nominatim","https://www.openstreetmap.org/way/595299310",""
"tour_places_v11","da_nang_hue_hoi_an:nui_than_tai","da_nang_hue_hoi_an","Núi Thần Tài","nature","15.9681262","108.0196301","","INSERT_NEW","verified_existing","existing_catalog","",""
"tour_places_v11","da_nang_hue_hoi_an:pha_tam_giang","da_nang_hue_hoi_an","Phá Tam Giang","lake","16.6014643","107.5431820","","INSERT_NEW","verified_existing","existing_catalog","",""
"tour_places_v11","da_nang_hue_hoi_an:pho_co_hoi_an","da_nang_hue_hoi_an","Phố Cổ Hội An","lake","15.8771291","108.3286631","","INSERT_NEW","verified_existing","existing_catalog","",""
"tour_places_v11","da_nang_hue_hoi_an:rung_dua_bay_mau","da_nang_hue_hoi_an","Rừng Dừa Bảy Mẫu","nature","15.8855608","108.3678833","","INSERT_NEW","verified_existing","existing_catalog","",""
"tour_places_v11","da_nang_hue_hoi_an:song_hoai","da_nang_hue_hoi_an","Sông Hoài","lake","15.8775030","108.3235110","","INSERT_NEW","verified_existing","existing_catalog","",""
"tour_places_v11","da_nang_hue_hoi_an:song_huong","da_nang_hue_hoi_an","Sông Hương","lake","16.5143937","107.5785697","","INSERT_NEW","verified_existing","existing_catalog","",""
"tour_places_v11","da_nang_hue_hoi_an:thanh_dia_la_vang","da_nang_hue_hoi_an","Thánh Địa La Vang","heritage","","","","HOLD_MANUAL_REVIEW","unresolved","","","missing verified coordinate; do not import while places.latitude/longitude are NOT NULL"
"tour_places_v11","da_nang_hue_hoi_an:thanh_dia_my_son","da_nang_hue_hoi_an","Thánh Địa Mỹ Sơn","heritage","15.7655202","108.1234531","","INSERT_NEW","verified_existing","existing_catalog","",""
"tour_places_v11","ha_noi:ban_cat_cat","ha_noi","Bản Cát Cát","landmark","22.3356942","103.8408604","","INSERT_NEW","verified_nominatim","OpenStreetMap/Nominatim","https://www.openstreetmap.org/way/1324773443",""
"tour_places_v11","ha_noi:ban_lac","ha_noi","Bản Lác","landmark","20.6537082","105.0722738","","INSERT_NEW","verified_existing","existing_catalog","",""
"tour_places_v11","ha_noi:bao_tang_dan_toc_hoc","ha_noi","Bảo Tàng Dân Tộc Học","heritage","21.0400774","105.7988403","","INSERT_NEW","verified_existing","existing_catalog","",""
"tour_places_v11","ha_noi:cau_the_huc","ha_noi","Cầu Thê Húc","landmark","21.0307694","105.8527822","","INSERT_NEW","verified_existing","existing_catalog","",""
"tour_places_v11","ha_noi:chua_bai_dinh","ha_noi","Chùa Bái Đính","heritage","20.2728394","105.8640252","","INSERT_NEW","verified_existing","existing_catalog","",""
"tour_places_v11","ha_noi:chua_huong","ha_noi","Chùa Hương","heritage","20.6161556","105.7402252","","INSERT_NEW","verified_existing","existing_catalog","",""
"tour_places_v11","ha_noi:chua_mot_cot","ha_noi","Chùa Một Cột","heritage","21.0358555","105.8336143","","INSERT_NEW","verified_existing","existing_catalog","",""
"tour_places_v11","ha_noi:chua_tran_quoc","ha_noi","Chùa Trấn Quốc","heritage","21.0478837","105.8368375","","INSERT_NEW","verified_existing","existing_catalog","",""
"tour_places_v11","ha_noi:den_ngoc_son","ha_noi","Đền Ngọc Sơn","heritage","21.0307272","105.8523763","","INSERT_NEW","verified_existing","existing_catalog","",""
"tour_places_v11","ha_noi:dong_thien_cung","ha_noi","Động Thiên Cung","nature","20.2159541","105.9141871","","INSERT_NEW","verified_existing","existing_catalog","",""
"tour_places_v11","ha_noi:fansipan","ha_noi","Fansipan","landmark","22.3354356","103.8411280","","INSERT_NEW","verified_existing","existing_catalog","",""
"tour_places_v11","ha_noi:hang_mua","ha_noi","Hang Múa","nature","21.0747196","105.7730577","","INSERT_NEW","verified_existing","existing_catalog","",""
"tour_places_v11","ha_noi:hang_sung_sot","ha_noi","Hang Sửng Sốt","nature","20.8436135","107.0912853","","INSERT_NEW","verified_existing","existing_catalog","",""
"tour_places_v11","ha_noi:ho_dai_lai","ha_noi","Hồ Đại Lải","lake","21.3260377","105.7127130","","INSERT_NEW","verified_existing","existing_catalog","",""
"tour_places_v11","ha_noi:ho_hoan_kiem","ha_noi","Hồ Hoàn Kiếm","lake","21.0288313","105.8525357","","INSERT_NEW","verified_existing","existing_catalog","",""
"tour_places_v11","ha_noi:ho_tay","ha_noi","Hồ Tây","lake","21.0580419","105.8139655","","INSERT_NEW","verified_existing","existing_catalog","",""
"tour_places_v11","ha_noi:hoa_lu","ha_noi","Hoa Lư","heritage","21.0100868","105.8478024","","INSERT_NEW","verified_existing","existing_catalog","",""
"tour_places_v11","ha_noi:lang_chu_tich_ho_chi_minh","ha_noi","Lăng Chủ Tịch Hồ Chí Minh","lake","21.0367831","105.8346888","","INSERT_NEW","verified_existing","existing_catalog","",""
"tour_places_v11","ha_noi:lang_co_duong_lam","ha_noi","Làng Cổ Đường Lâm","heritage","","","","HOLD_MANUAL_REVIEW","unresolved","","","missing verified coordinate; do not import while places.latitude/longitude are NOT NULL"
"tour_places_v11","ha_noi:lang_gom_bat_trang","ha_noi","Làng Gốm Bát Tràng","heritage","20.9730809","105.9162670","","INSERT_NEW","verified_nominatim","OpenStreetMap/Nominatim","https://www.openstreetmap.org/node/9846898217",""
"tour_places_v11","ha_noi:mai_chau","ha_noi","Mai Châu","landmark","21.1114171","105.7525638","","INSERT_NEW","verified_existing","existing_catalog","",""
"tour_places_v11","ha_noi:moana_sapa","ha_noi","Moana Sapa","landmark","22.3273625","103.8462808","","INSERT_NEW","verified_existing","existing_catalog","",""
"tour_places_v11","ha_noi:nha_hat_lon_ha_noi","ha_noi","Nhà Hát Lớn Hà Nội","heritage","21.0283334","105.8540410","","INSERT_NEW","verified_existing","existing_catalog","",""
"tour_places_v11","ha_noi:nha_tho_da_sapa","ha_noi","Nhà Thờ Đá Sapa","lake","","","","HOLD_MANUAL_REVIEW","unresolved","","","missing verified coordinate; do not import while places.latitude/longitude are NOT NULL"
"tour_places_v11","ha_noi:nha_tu_hoa_lo","ha_noi","Nhà Tù Hỏa Lò","heritage","21.0254222","105.8465093","","INSERT_NEW","verified_existing","existing_catalog","",""
"tour_places_v11","ha_noi:pho_co_ha_noi","ha_noi","Phố Cổ Hà Nội","lake","21.0456914","105.7862359","","INSERT_NEW","verified_existing","existing_catalog","",""
"tour_places_v11","ha_noi:tam_coc","ha_noi","Tam Cốc","nature","20.2176747","105.9294811","","INSERT_NEW","verified_existing","existing_catalog","",""
"tour_places_v11","ha_noi:trang_an","ha_noi","Tràng An","nature","21.0321562","105.8502600","","INSERT_NEW","verified_existing","existing_catalog","",""
"tour_places_v11","ha_noi:tuan_chau","ha_noi","Tuần Châu","landmark","20.9602109","106.9448247","","INSERT_NEW","verified_existing","existing_catalog","",""
"tour_places_v11","ha_noi:van_mieu_quoc_tu_giam","ha_noi","Văn Miếu Quốc Tử Giám","heritage","21.0287903","105.8359533","","INSERT_NEW","verified_existing","existing_catalog","",""
"tour_places_v11","ha_noi:vinh_ha_long","ha_noi","Vịnh Hạ Long","nature","20.9084384","107.0682782","","INSERT_NEW","verified_existing","existing_catalog","",""
"tour_places_v11","ha_noi:vuon_quoc_gia_ba_vi","ha_noi","Vườn Quốc Gia Ba Vì","nature","21.0184475","105.3930256","","INSERT_NEW","verified_existing","existing_catalog","",""
"tour_places_v11","ha_noi:yen_tu","ha_noi","Yên Tử","landmark","21.0420805","106.7178343","","INSERT_NEW","verified_existing","existing_catalog","",""
"tour_places_v11","phan_thiet:bai_da_ong_dia","phan_thiet","Bãi Đá Ông Địa","nature","10.9368487","108.1842521","","INSERT_NEW","verified_existing","existing_catalog","",""
"tour_places_v11","phan_thiet:bao_tang_ngoc_trai","phan_thiet","Bảo Tàng Ngọc Trai","heritage","","","","HOLD_MANUAL_REVIEW","unresolved","","","missing verified coordinate; do not import while places.latitude/longitude are NOT NULL"
"tour_places_v11","phan_thiet:bau_sen","phan_thiet","Bàu Sen","lake","","","","HOLD_MANUAL_REVIEW","unresolved","","","missing verified coordinate; do not import while places.latitude/longitude are NOT NULL"
"tour_places_v11","phan_thiet:bau_trang","phan_thiet","Bàu Trắng","lake","11.0679312","108.4163598","","INSERT_NEW","verified_existing","existing_catalog","",""
"tour_places_v11","phan_thiet:bien_mui_ne","phan_thiet","Biển Mũi Né","nature","10.9404976","108.1931338","","INSERT_NEW","verified_existing","existing_catalog","",""
"tour_places_v11","phan_thiet:cho_phan_thiet","phan_thiet","Chợ Phan Thiết","market","21.8235729","105.2028463","","INSERT_NEW","verified_existing","existing_catalog","",""
"tour_places_v11","phan_thiet:circus_land","phan_thiet","Circus Land","landmark","","","","HOLD_MANUAL_REVIEW","unresolved","","","missing verified coordinate; do not import while places.latitude/longitude are NOT NULL"
"tour_places_v11","phan_thiet:cong_vien_bikini_beach","phan_thiet","Công Viên Bikini Beach","landmark","","","","HOLD_MANUAL_REVIEW","unresolved","","","missing verified coordinate; do not import while places.latitude/longitude are NOT NULL"
"tour_places_v11","phan_thiet:dinh_van_thuy_tu","phan_thiet","Dinh Vạn Thủy Tú","heritage","10.9231943","108.1000501","","INSERT_NEW","verified_existing","existing_catalog","",""
"tour_places_v11","phan_thiet:doi_cat_bay","phan_thiet","Đồi Cát Bay","nature","10.9488830","108.2978477","","INSERT_NEW","verified_existing","existing_catalog","",""
"tour_places_v11","phan_thiet:hon_rom","phan_thiet","Hòn Rơm","nature","10.9549065","108.3352589","","INSERT_NEW","verified_existing","existing_catalog","",""
"tour_places_v11","phan_thiet:lang_chai_mui_ne","phan_thiet","Làng Chài Mũi Né","heritage","10.9409844","108.2793613","","INSERT_NEW","verified_existing","existing_catalog","",""
"tour_places_v11","phan_thiet:lau_dai_ruou_vang","phan_thiet","Lâu Đài Rượu Vang","landmark","10.9474383","108.1819949","","INSERT_NEW","verified_existing","existing_catalog","",""
"tour_places_v11","phan_thiet:lau_ong_hoang","phan_thiet","Lầu Ông Hoàng","heritage","10.9347126","108.1449820","","INSERT_NEW","verified_existing","existing_catalog","",""
"tour_places_v11","phan_thiet:mui_ke_ga","phan_thiet","Mũi Kê Gà","nature","10.6998411","107.9931295","","INSERT_NEW","verified_existing","existing_catalog","",""
"tour_places_v11","phan_thiet:novaworld_phan_thiet","phan_thiet","NovaWorld Phan Thiết","landmark","10.8211417","108.0288826","","INSERT_NEW","verified_existing","existing_catalog","",""
"tour_places_v11","phan_thiet:nui_ta_cu","phan_thiet","Núi Tà Cú","nature","10.8150648","107.9000974","","INSERT_NEW","verified_nominatim","OpenStreetMap/Nominatim","https://www.openstreetmap.org/node/11495857319",""
"tour_places_v11","phan_thiet:sea_links_city","phan_thiet","Sea Links City","landmark","10.9437289","108.1772723","","INSERT_NEW","verified_existing","existing_catalog","",""
"tour_places_v11","phan_thiet:sea_links_golf","phan_thiet","Sea Links Golf","landmark","10.9439507","108.1833294","","INSERT_NEW","verified_existing","existing_catalog","",""
"tour_places_v11","phan_thiet:suoi_tien","phan_thiet","Suối Tiên","lake","10.9538145","108.2577244","","INSERT_NEW","verified_existing","existing_catalog","",""
"tour_places_v11","phan_thiet:thap_cham_poshanu","phan_thiet","Tháp Chàm Poshanu","heritage","","","","HOLD_MANUAL_REVIEW","unresolved","","","missing verified coordinate; do not import while places.latitude/longitude are NOT NULL"
"tour_places_v11","phan_thiet:truong_duc_thanh","phan_thiet","Trường Dục Thanh","heritage","10.9282469","108.0960510","","INSERT_NEW","verified_existing","existing_catalog","",""
"tour_places_v11","vung_tau:bach_dinh","vung_tau","Bạch Dinh","heritage","10.3507372","107.0686418","","INSERT_NEW","verified_existing","existing_catalog","",""
"tour_places_v11","vung_tau:bai_bien_298","vung_tau","Bãi Biển 298","nature","10.3438580","107.0969514","","INSERT_NEW","verified_existing","existing_catalog","",""
"tour_places_v11","vung_tau:bai_dau","vung_tau","Bãi Dâu","nature","10.3681426","107.0630205","","INSERT_NEW","verified_existing","existing_catalog","",""
"tour_places_v11","vung_tau:bai_sau","vung_tau","Bãi Sau","nature","10.3425579","107.0958939","","INSERT_NEW","verified_existing","existing_catalog","",""
"tour_places_v11","vung_tau:bai_truoc","vung_tau","Bãi Trước","nature","10.3449566","107.0754709","","INSERT_NEW","verified_existing","existing_catalog","",""
"tour_places_v11","vung_tau:bien_ho_coc","vung_tau","Biển Hồ Cốc","lake","10.4994215","107.4774059","","INSERT_NEW","verified_existing","existing_catalog","",""
"tour_places_v11","vung_tau:bien_ho_tram","vung_tau","Biển Hồ Tràm","lake","10.4705074","107.4357091","","INSERT_NEW","verified_existing","existing_catalog","",""
"tour_places_v11","vung_tau:bien_long_hai","vung_tau","Biển Long Hải","nature","10.3850453","107.2350623","","INSERT_NEW","verified_existing","existing_catalog","",""
"tour_places_v11","vung_tau:bien_tropicana","vung_tau","Biển Tropicana","nature","","","","HOLD_MANUAL_REVIEW","unresolved","","","missing verified coordinate; do not import while places.latitude/longitude are NOT NULL"
"tour_places_v11","vung_tau:cau_ngam_bien_hamptons","vung_tau","Cầu Ngắm Biển Hamptons","nature","","","","HOLD_MANUAL_REVIEW","unresolved","","","missing verified coordinate; do not import while places.latitude/longitude are NOT NULL"
"tour_places_v11","vung_tau:cau_tinh_yeu_long_hai","vung_tau","Cầu Tình Yêu Long Hải","landmark","","","","HOLD_MANUAL_REVIEW","unresolved","","","missing verified coordinate; do not import while places.latitude/longitude are NOT NULL"
"tour_places_v11","vung_tau:cong_vien_rung_minera","vung_tau","Công Viên Rừng Minera","nature","10.6030998","107.5584397","","INSERT_NEW","verified_existing","existing_catalog","",""
"tour_places_v11","vung_tau:dai_tong_lam","vung_tau","Đại Tòng Lâm","heritage","10.6034797","107.0580998","","INSERT_NEW","verified_existing","existing_catalog","",""
"tour_places_v11","vung_tau:dao_long_son","vung_tau","Đảo Long Sơn","nature","10.5645758","107.1580026","","INSERT_NEW","verified_nominatim","OpenStreetMap/Nominatim","https://www.openstreetmap.org/way/319505881",""
"tour_places_v11","vung_tau:deo_nuoc_ngot","vung_tau","Đèo Nước Ngọt","nature","10.3800403","107.2553044","","INSERT_NEW","verified_existing","existing_catalog","",""
"tour_places_v11","vung_tau:dinh_co","vung_tau","Dinh Cô","heritage","10.3866753","107.2342459","","INSERT_NEW","verified_existing","existing_catalog","",""
"tour_places_v11","vung_tau:doi_cuu_suoi_nghe","vung_tau","Đồi Cừu Suối Nghệ","nature","10.5866589","107.1793147","","INSERT_NEW","verified_existing","existing_catalog","",""
"tour_places_v11","vung_tau:ho_may","vung_tau","Hồ Mây","lake","10.3594711","107.0676503","","INSERT_NEW","verified_existing","existing_catalog","",""
"tour_places_v11","vung_tau:ho_suoi_mo_binh_chau","vung_tau","Hồ Suối Mơ Bình Châu","lake","","","","HOLD_MANUAL_REVIEW","unresolved","","","missing verified coordinate; do not import while places.latitude/longitude are NOT NULL"
"tour_places_v11","vung_tau:hon_ba","vung_tau","Hòn Bà","nature","10.3238724","107.0892665","","INSERT_NEW","verified_existing","existing_catalog","",""
"tour_places_v11","vung_tau:kdl_bien_dong","vung_tau","KDL Biển Đông","nature","","","","HOLD_MANUAL_REVIEW","unresolved","","","missing verified coordinate; do not import while places.latitude/longitude are NOT NULL"
"tour_places_v11","vung_tau:kdl_ngoc_xuong","vung_tau","KDL Ngọc Xương","landmark","","","","HOLD_MANUAL_REVIEW","unresolved","","","missing verified coordinate; do not import while places.latitude/longitude are NOT NULL"
"tour_places_v11","vung_tau:khu_gieng_troi_binh_chau","vung_tau","Khu Giếng Trời Bình Châu","landmark","","","","HOLD_MANUAL_REVIEW","unresolved","","","missing verified coordinate; do not import while places.latitude/longitude are NOT NULL"
"tour_places_v11","vung_tau:lang_ca_ong","vung_tau","Lăng Cá Ông","heritage","","","","HOLD_MANUAL_REVIEW","unresolved","","","missing verified coordinate; do not import while places.latitude/longitude are NOT NULL"
"tour_places_v11","vung_tau:marina_vung_tau","vung_tau","Marina Vũng Tàu","landmark","10.3792310","107.0554207","","INSERT_NEW","verified_nominatim","OpenStreetMap/Nominatim","https://www.openstreetmap.org/way/790529407",""
"tour_places_v11","vung_tau:mui_nghinh_phong","vung_tau","Mũi Nghinh Phong","nature","10.3204661","107.0837210","","INSERT_NEW","verified_existing","existing_catalog","",""
"tour_places_v11","vung_tau:ngon_hai_dang_vung_tau","vung_tau","Ngọn Hải Đăng Vũng Tàu","landmark","10.3341077","107.0776554","","INSERT_NEW","verified_existing","existing_catalog","",""
"tour_places_v11","vung_tau:nha_lon_long_son","vung_tau","Nhà Lớn Long Sơn","heritage","10.4543214","107.0962087","","INSERT_NEW","verified_existing","existing_catalog","",""
"tour_places_v11","vung_tau:niet_ban_tinh_xa","vung_tau","Niết Bàn Tịnh Xá","heritage","10.3306105","107.0767970","","INSERT_NEW","verified_existing","existing_catalog","",""
"tour_places_v11","vung_tau:nong_trai_cuu","vung_tau","Nông Trại Cừu","landmark","","","","HOLD_MANUAL_REVIEW","unresolved","","","missing verified coordinate; do not import while places.latitude/longitude are NOT NULL"
"tour_places_v11","vung_tau:nui_minh_dam","vung_tau","Núi Minh Đạm","nature","","","","HOLD_MANUAL_REVIEW","unresolved","","","missing verified coordinate; do not import while places.latitude/longitude are NOT NULL"
"tour_places_v11","vung_tau:suoi_da","vung_tau","Suối Đá","nature","10.5725872","107.5539570","","INSERT_NEW","verified_existing","existing_catalog","",""
"tour_places_v11","vung_tau:suoi_nuoc_nong_binh_chau","vung_tau","Suối Nước Nóng Bình Châu","nature","10.5869991","107.5587977","","INSERT_NEW","verified_existing","existing_catalog","",""
"tour_places_v11","vung_tau:thap_tam_thang","vung_tau","Tháp Tam Thắng","heritage","10.3456066","107.0974283","","INSERT_NEW","verified_existing","existing_catalog","",""
"tour_places_v11","vung_tau:thap_vong_thien","vung_tau","Tháp Vọng Thiên","heritage","","","","HOLD_MANUAL_REVIEW","unresolved","","","missing verified coordinate; do not import while places.latitude/longitude are NOT NULL"
"tour_places_v11","vung_tau:thich_ca_phat_dai","vung_tau","Thích Ca Phật Đài","landmark","10.3746285","107.0705354","","INSERT_NEW","verified_existing","existing_catalog","",""
"tour_places_v11","vung_tau:thien_vien_thuong_chieu","vung_tau","Thiền Viện Thường Chiếu","heritage","10.6841664","107.0264405","","INSERT_NEW","verified_existing","existing_catalog","",""
"tour_places_v11","vung_tau:thien_vien_truc_lam_chan_nguyen","vung_tau","Thiền Viện Trúc Lâm Chân Nguyên","heritage","10.3973306","107.2634222","","INSERT_NEW","verified_existing","existing_catalog","",""
"tour_places_v11","vung_tau:tuong_chua_kito","vung_tau","Tượng Chúa Kitô","heritage","10.3265017","107.0845208","","INSERT_NEW","verified_existing","existing_catalog","",""
