model,queries,precision_at_5,recall_at_5,ndcg_at_5,mrr,split
Random Forest v11,189,0.14497354497354492,0.7248677248677249,0.5914926351730506,0.5691562766593481,validation
Random Forest semantic,189,0.14497354497354498,0.7248677248677249,0.5955958790402702,0.5746857769369504,validation
Association Rules,189,0.12169312169312167,0.6084656084656085,0.44627225254034164,0.42761404771361833,validation
SVD,189,0.08042328042328042,0.4021164021164021,0.26789821166257294,0.27669650273016994,validation
Content-Based,189,0.033862433862433865,0.1693121693121693,0.10787950916387563,0.14334172659594607,validation
Hybrid cố định,189,0.13439153439153437,0.671957671957672,0.5208005102143116,0.4962680686376172,validation
Hybrid đề xuất có semantic coverage,189,0.14179894179894176,0.708994708994709,0.5464753937485699,0.51675507408815,validation
Random Forest v11,238,0.1672268907563025,0.8361344537815126,0.7056338116038552,0.6748030329482757,test
Random Forest semantic,238,0.16554621848739495,0.8277310924369747,0.7007152211527379,0.6750863156956557,test
Association Rules,238,0.153781512605042,0.7689075630252101,0.5895452820738336,0.5472064754935678,test
SVD,238,0.10252100840336134,0.5126050420168067,0.3403688829978659,0.3253818141904435,test
Content-Based,238,0.049579831932773114,0.24789915966386555,0.13108612307947706,0.1498474246042265,test
Hybrid cố định,238,0.15546218487394958,0.7773109243697479,0.627883095318185,0.5976725328826168,test
Hybrid đề xuất có semantic coverage,238,0.16050420168067225,0.8025210084033614,0.6288741509536431,0.5890343524401853,test
