destination_key,antecedent,consequent,support_count,support,confidence,lift,rule_level,source_transaction_count,transaction_quality,transaction_type,rule_score
da_lat,Hồ Tuyền Lâm,Thiền Viện Trúc Lâm,25,0.1562,0.8929,3.4843,manh,160,0.964,day_level,0.7712
da_lat,Thiền Viện Trúc Lâm,Hồ Tuyền Lâm,25,0.1562,0.6098,3.4843,manh,160,0.964,day_level,0.6863
da_lat,Đồi Robin,Thiền Viện Trúc Lâm,16,0.1,0.9412,3.6729,manh,160,0.9625,day_level,0.6599
da_lat,Đồi Mộng Mơ,Thung Lũng Tình Yêu,5,0.0312,1.0,20.0,manh,160,1.0,day_level,0.57
da_lat,Hồ Xuân Hương,Quảng Trường Lâm Viên,17,0.1062,0.5667,2.0606,manh,160,0.9824,day_level,0.5605
da_lat,Chùa Linh Ẩn,Thác Voi,8,0.05,0.8889,8.8889,manh,160,0.9625,day_level,0.5453
da_lat,Dinh Bảo Đại,Thiền Viện Trúc Lâm,11,0.0688,0.7857,3.0662,manh,160,0.9727,day_level,0.5433
da_lat,Đồi Mộng Mơ,Thiền Viện Trúc Lâm,5,0.0312,1.0,3.9024,manh,160,1.0,day_level,0.5298
da_lat,Thiền Viện Vạn Hạnh,Nhà Thờ Con Gà,3,0.0187,1.0,20.0,manh,160,0.9,day_level,0.527
da_lat,Đường Hầm Đất Sét,Hồ Tuyền Lâm,7,0.0437,0.875,5.0,manh,160,0.9571,day_level,0.5166
da_lat,Đường Hầm Đất Sét,Thiền Viện Trúc Lâm,7,0.0437,0.875,3.4146,manh,160,0.9571,day_level,0.5126
da_lat,Hồ Vô Cực,Thiền Viện Trúc Lâm,8,0.05,0.8,3.122,manh,160,1.0,day_level,0.5098
da_lat,Thung Lũng Vàng,Langbiang,4,0.025,1.0,5.5172,manh,160,0.925,day_level,0.5085
da_lat,Thiền Viện Vạn Hạnh,Vườn Hoa Thành Phố,3,0.0187,1.0,12.3077,manh,160,0.9,day_level,0.5078
da_lat,Thiền Viện Vạn Hạnh,Đồi Robin,3,0.0187,1.0,9.4118,manh,160,0.9,day_level,0.5005
da_lat,Đồi Robin,Hồ Tuyền Lâm,11,0.0688,0.6471,3.6975,manh,160,0.9455,day_level,0.4992
da_lat,Thiền Viện Vạn Hạnh,Thác Datanla,3,0.0187,1.0,6.6667,manh,160,0.9,day_level,0.4937
da_lat,Thiền Viện Vạn Hạnh,Hồ Tuyền Lâm,3,0.0187,1.0,5.7143,manh,160,0.9,day_level,0.4913
da_lat,Vườn Hoa Thành Phố,Hồ Tuyền Lâm,9,0.0563,0.6923,3.956,manh,160,0.9667,day_level,0.4886
da_lat,Thiền Viện Vạn Hạnh,Thiền Viện Trúc Lâm,3,0.0187,1.0,3.9024,manh,160,0.9,day_level,0.4868
da_lat,Vườn Hoa Thành Phố,Thiền Viện Trúc Lâm,9,0.0563,0.6923,2.7017,manh,160,0.9667,day_level,0.4854
da_lat,Nhà Ga Đà Lạt,Chùa Linh Phước,9,0.0563,0.6429,3.6735,manh,160,1.0,day_level,0.4781
da_lat,Đồi Mộng Mơ,Cổng Trời Bali Green Hill,4,0.025,0.8,12.8,manh,160,1.0,day_level,0.478
da_lat,Đồi Mộng Mơ,Hồ Vô Cực,4,0.025,0.8,12.8,manh,160,1.0,day_level,0.478
da_lat,Thung Lũng Tình Yêu,Vườn Hoa Thành Phố,6,0.0375,0.75,9.2308,manh,160,0.95,day_level,0.4746
da_lat,Dinh Bảo Đại,Hồ Tuyền Lâm,9,0.0563,0.6429,3.6735,manh,160,0.9667,day_level,0.4731
da_lat,Trại Mát,Chùa Linh Phước,5,0.0312,0.8333,4.7619,manh,160,0.94,day_level,0.4729
da_lat,Đồi Mộng Mơ,Vườn Hoa Thành Phố,4,0.025,0.8,9.8462,manh,160,1.0,day_level,0.4706
da_lat,Đồi Mộng Mơ,Dinh Bảo Đại,4,0.025,0.8,9.1429,manh,160,1.0,day_level,0.4689
da_lat,Hồ Vô Cực,Hồ Tuyền Lâm,7,0.0437,0.7,4.0,manh,160,1.0,day_level,0.468
da_lat,Thác Datanla,Thiền Viện Trúc Lâm,12,0.075,0.5,1.9512,manh,160,0.95,day_level,0.4654
da_lat,Cổng Trời Bali Green Hill,Thiền Viện Trúc Lâm,7,0.0437,0.7,2.7317,manh,160,1.0,day_level,0.4648
da_lat,Crazy House,Langbiang,6,0.0375,0.75,4.1379,manh,160,0.95,day_level,0.4618
da_lat,Đồi Mộng Mơ,Thác Datanla,4,0.025,0.8,5.3333,manh,160,1.0,day_level,0.4593
da_lat,Thung Lũng Tình Yêu,Đồi Mộng Mơ,5,0.0312,0.625,20.0,manh,160,1.0,day_level,0.4575
da_lat,Vườn Hoa Thành Phố,Thác Datanla,8,0.05,0.6154,4.1026,manh,160,0.9625,day_level,0.4513
da_lat,Đồi Chè Cầu Đất,Chùa Linh Phước,7,0.0437,0.5833,3.3333,manh,160,1.0,day_level,0.4313
da_lat,Cổng Trời Bali Green Hill,Dinh Bảo Đại,6,0.0375,0.6,6.8571,manh,160,1.0,day_level,0.4311
da_lat,Thác Voi,Chùa Linh Ẩn,8,0.05,0.5,8.8889,manh,160,0.9625,day_level,0.4286
da_lat,Thác Prenn,Quảng Trường Lâm Viên,3,0.0187,0.75,2.7273,manh,160,1.0,day_level,0.4238
da_lat,Que Garden,Quảng Trường Lâm Viên,3,0.0187,0.75,2.7273,manh,160,1.0,day_level,0.4238
da_lat,Cổng Trời Bali Green Hill,Hồ Tuyền Lâm,6,0.0375,0.6,3.4286,manh,160,1.0,day_level,0.4226
da_lat,Thung Lũng Tình Yêu,Thiền Viện Trúc Lâm,5,0.0312,0.625,2.439,manh,160,1.0,day_level,0.4136
da_lat,Chùa Thiên Vương Cổ Sát,Quảng Trường Lâm Viên,4,0.025,0.5714,2.0779,manh,160,1.0,day_level,0.3826
da_lat,Đồi Mộng Mơ,Hồ Tuyền Lâm,3,0.0187,0.6,3.4286,manh,160,1.0,day_level,0.3806
da_lat,Nhà Thờ Domain De Marie,Chùa Linh Phước,5,0.0312,0.5,2.8571,manh,160,1.0,day_level,0.3771
da_lat,Đường Hầm Đất Sét,Hồ Vô Cực,4,0.025,0.5,8.0,manh,160,1.0,day_level,0.376
da_lat,Thung Lũng Tình Yêu,Cổng Trời Bali Green Hill,4,0.025,0.5,8.0,manh,160,1.0,day_level,0.376
da_lat,Thung Lũng Tình Yêu,Hồ Vô Cực,4,0.025,0.5,8.0,manh,160,1.0,day_level,0.376
da_lat,Thung Lũng Tình Yêu,Dinh Bảo Đại,4,0.025,0.5,5.7143,manh,160,1.0,day_level,0.3703
da_lat,Crazy House,Vườn Dâu Đà Lạt,4,0.025,0.5,3.6364,manh,160,1.0,day_level,0.3651
da_lat,Crazy House,Thác Datanla,4,0.025,0.5,3.3333,manh,160,1.0,day_level,0.3643
da_lat,Thung Lũng Tình Yêu,Thác Datanla,4,0.025,0.5,3.3333,manh,160,1.0,day_level,0.3643
da_lat,Nhà Thờ Con Gà,Langbiang,4,0.025,0.5,2.7586,manh,160,1.0,day_level,0.3629
da_lat,Đường Hầm Đất Sét,Đồi Robin,4,0.025,0.5,4.7059,manh,160,0.925,day_level,0.3565
da_lat,Nhà Thờ Con Gà,Đồi Robin,4,0.025,0.5,4.7059,manh,160,0.925,day_level,0.3565
da_lat,Trại Mát,Nhà Ga Đà Lạt,3,0.0187,0.5,5.7143,manh,160,1.0,day_level,0.3563
da_lat,Nhà Thờ Con Gà,Thác Datanla,4,0.025,0.5,3.3333,manh,160,0.925,day_level,0.3531
da_lat,Đường Hầm Đất Sét,Chùa Linh Phước,4,0.025,0.5,2.8571,manh,160,0.925,day_level,0.3519
da_lat,Nhà Thờ Con Gà,Hồ Tuyền Lâm,4,0.025,0.5,2.8571,manh,160,0.925,day_level,0.3519
da_lat,Nhà Thờ Con Gà,Thiền Viện Trúc Lâm,4,0.025,0.5,1.9512,manh,160,0.925,day_level,0.3496
da_lat,Trại Mát,Thiền Viện Trúc Lâm,3,0.0187,0.5,1.9512,manh,160,1.0,day_level,0.3469
da_lat,Cafe Miền Du Mục,Fresh Garden,2,0.0125,1.0,80.0,tham_khao,160,1.0,day_level,0.678
da_lat,Fresh Garden,Cafe Miền Du Mục,2,0.0125,1.0,80.0,tham_khao,160,1.0,day_level,0.678
da_lat,Cafe Miền Du Mục,Tiệm Nướng Chuyến Tàu Hoàng Hôn,2,0.0125,1.0,80.0,tham_khao,160,1.0,day_level,0.678
da_lat,Tiệm Nướng Chuyến Tàu Hoàng Hôn,Cafe Miền Du Mục,2,0.0125,1.0,80.0,tham_khao,160,1.0,day_level,0.678
da_lat,Fresh Garden,Tiệm Nướng Chuyến Tàu Hoàng Hôn,2,0.0125,1.0,80.0,tham_khao,160,1.0,day_level,0.678
da_lat,Tiệm Nướng Chuyến Tàu Hoàng Hôn,Fresh Garden,2,0.0125,1.0,80.0,tham_khao,160,1.0,day_level,0.678
da_lat,Đại Bảo Tháp Kinh Luân,Samten Hills,2,0.0125,1.0,53.3333,tham_khao,160,1.0,day_level,0.6113
da_lat,Nấc Thang Thiên Đường,Dinh I,2,0.0125,1.0,40.0,tham_khao,160,1.0,day_level,0.578
da_lat,Xưởng Tơ Lụa,Cafe Mê Linh,2,0.0125,1.0,22.8571,tham_khao,160,1.0,day_level,0.5351
da_lat,Xưởng Tơ Lụa,Chùa Linh Ẩn,2,0.0125,1.0,17.7778,tham_khao,160,1.0,day_level,0.5224
da_lat,Cafe Miền Du Mục,Nhà Thờ Domain De Marie,2,0.0125,1.0,16.0,tham_khao,160,1.0,day_level,0.518
da_lat,Fresh Garden,Nhà Thờ Domain De Marie,2,0.0125,1.0,16.0,tham_khao,160,1.0,day_level,0.518
da_lat,Tiệm Nướng Chuyến Tàu Hoàng Hôn,Nhà Thờ Domain De Marie,2,0.0125,1.0,16.0,tham_khao,160,1.0,day_level,0.518
da_lat,Royal Garden,Đồi Chè Cầu Đất,2,0.0125,1.0,13.3333,tham_khao,160,1.0,day_level,0.5113
da_lat,Samten Hills,Đại Bảo Tháp Kinh Luân,2,0.0125,0.6667,53.3333,tham_khao,160,1.0,day_level,0.5113
da_lat,Nấc Thang Thiên Đường,Nhà Ga Đà Lạt,2,0.0125,1.0,11.4286,tham_khao,160,1.0,day_level,0.5066
da_lat,Xưởng Tơ Lụa,Thác Pongour,2,0.0125,1.0,10.0,tham_khao,160,1.0,day_level,0.503
da_lat,Xưởng Tơ Lụa,Thác Voi,2,0.0125,1.0,10.0,tham_khao,160,1.0,day_level,0.503
da_lat,Cafe Miền Du Mục,Chùa Linh Phước,2,0.0125,1.0,5.7143,tham_khao,160,1.0,day_level,0.4923
da_lat,Fresh Garden,Chùa Linh Phước,2,0.0125,1.0,5.7143,tham_khao,160,1.0,day_level,0.4923
da_lat,Tiệm Nướng Chuyến Tàu Hoàng Hôn,Chùa Linh Phước,2,0.0125,1.0,5.7143,tham_khao,160,1.0,day_level,0.4923
da_lat,Nấc Thang Thiên Đường,Chùa Linh Phước,2,0.0125,1.0,5.7143,tham_khao,160,1.0,day_level,0.4923
da_lat,Royal Garden,Chùa Linh Phước,2,0.0125,1.0,5.7143,tham_khao,160,1.0,day_level,0.4923
da_lat,Bảo Tàng Madame De,Chợ Đà Lạt,2,0.0125,1.0,5.7143,tham_khao,160,1.0,day_level,0.4923
da_lat,Thác Bobla,Hồ Xuân Hương,2,0.0125,1.0,5.3333,tham_khao,160,1.0,day_level,0.4913
da_lat,Lặng Art Café,Thiền Viện Trúc Lâm,2,0.0125,1.0,3.9024,tham_khao,160,1.0,day_level,0.4878
da_lat,Thác Bobla,Quảng Trường Lâm Viên,2,0.0125,1.0,3.6364,tham_khao,160,1.0,day_level,0.4871
da_lat,Bảo Tàng Madame De,Quảng Trường Lâm Viên,2,0.0125,1.0,3.6364,tham_khao,160,1.0,day_level,0.4871
da_lat,Làng Cù Lần,Langbiang,2,0.0125,1.0,5.5172,tham_khao,160,0.7,day_level,0.4468
da_lat,Dinh I,Nấc Thang Thiên Đường,2,0.0125,0.5,40.0,tham_khao,160,1.0,day_level,0.428
da_lat,Thiền Viện Vạn Hạnh,Cánh Đồng Hoa Cẩm Tú Cầu,2,0.0125,0.6667,4.6377,tham_khao,160,0.85,day_level,0.3671
da_lat,Que Garden,Chùa Thiên Vương Cổ Sát,2,0.0125,0.5,11.4286,tham_khao,160,1.0,day_level,0.3566
da_lat,Thung Lũng Vàng,Chùa Thiên Vương Cổ Sát,2,0.0125,0.5,11.4286,tham_khao,160,1.0,day_level,0.3566
da_lat,Que Garden,Puppy Farm,2,0.0125,0.5,5.7143,tham_khao,160,1.0,day_level,0.3423
da_lat,Dinh I,Nhà Ga Đà Lạt,2,0.0125,0.5,5.7143,tham_khao,160,1.0,day_level,0.3423
da_lat,Dinh I,Hồ Tuyền Lâm,2,0.0125,0.5,2.8571,tham_khao,160,1.0,day_level,0.3351
da_lat,Dinh I,Chùa Linh Phước,2,0.0125,0.5,2.8571,tham_khao,160,1.0,day_level,0.3351
da_lat,Thác Cam Ly,Chợ Đà Lạt,2,0.0125,0.5,2.8571,tham_khao,160,1.0,day_level,0.3351
da_lat,Thác Prenn,Hồ Xuân Hương,2,0.0125,0.5,2.6667,tham_khao,160,1.0,day_level,0.3347
da_lat,Thác Prenn,Thiền Viện Trúc Lâm,2,0.0125,0.5,1.9512,tham_khao,160,1.0,day_level,0.3329
da_lat,Dinh I,Thiền Viện Trúc Lâm,2,0.0125,0.5,1.9512,tham_khao,160,1.0,day_level,0.3329
da_lat,Thác Cam Ly,Quảng Trường Lâm Viên,2,0.0125,0.5,1.8182,tham_khao,160,1.0,day_level,0.3325
da_lat,Thác Cam Ly,Chùa Linh Ẩn,2,0.0125,0.5,8.8889,tham_khao,160,0.85,day_level,0.3277
da_lat,Thác Cam Ly,Thác Voi,2,0.0125,0.5,5.0,tham_khao,160,0.85,day_level,0.318
da_lat,Thác Prenn,Thác Datanla,2,0.0125,0.5,3.3333,tham_khao,160,0.85,day_level,0.3138
da_lat,Quảng Trường Lâm Viên,Thiền Viện Trúc Lâm,25,0.3472,0.641,1.1257,manh,72,0.976,tour_level,0.6815
da_lat,Thiền Viện Trúc Lâm,Quảng Trường Lâm Viên,25,0.3472,0.6098,1.1257,manh,72,0.976,tour_level,0.6721
da_lat,Chợ Đà Lạt,Quảng Trường Lâm Viên,20,0.2778,0.8,1.4769,manh,72,1.0,tour_level,0.6674
da_lat,Chùa Linh Phước,Quảng Trường Lâm Viên,19,0.2639,0.6786,1.2527,manh,72,1.0,tour_level,0.6163
da_lat,Hồ Xuân Hương,Thiền Viện Trúc Lâm,18,0.25,0.72,1.2644,manh,72,1.0,tour_level,0.6153
da_lat,Langbiang,Thiền Viện Trúc Lâm,20,0.2778,0.625,1.0976,manh,72,0.985,tour_level,0.6106
da_lat,Nhà Ga Đà Lạt,Thiền Viện Trúc Lâm,12,0.1667,0.9231,1.621,manh,72,1.0,tour_level,0.5975
da_lat,Chùa Linh Phước,Thiền Viện Trúc Lâm,18,0.25,0.6429,1.1289,manh,72,0.9833,tour_level,0.5889
da_lat,Langbiang,Quảng Trường Lâm Viên,19,0.2639,0.5938,1.0962,manh,72,0.9526,tour_level,0.5829
da_lat,Quảng Trường Lâm Viên,Chợ Đà Lạt,20,0.2778,0.5128,1.4769,manh,72,1.0,tour_level,0.5813
da_lat,Cánh Đồng Hoa Cẩm Tú Cầu,Quảng Trường Lâm Viên,16,0.2222,0.6957,1.2843,manh,72,0.9812,tour_level,0.5784
da_lat,Chợ Đà Lạt,Thiền Viện Trúc Lâm,16,0.2222,0.64,1.1239,manh,72,1.0,tour_level,0.5636
da_lat,Cánh Đồng Hoa Cẩm Tú Cầu,Thiền Viện Trúc Lâm,15,0.2083,0.6522,1.1453,manh,72,0.98,tour_level,0.5509
da_lat,Nhà Thờ Domain De Marie,Quảng Trường Lâm Viên,9,0.125,0.9,1.6615,manh,72,1.0,tour_level,0.5504
da_lat,Nông Trại Cổ Tích,Quảng Trường Lâm Viên,9,0.125,0.9,1.6615,manh,72,1.0,tour_level,0.5504
da_lat,Gallery La Chocotea,Nông Trại Cổ Tích,3,0.0417,1.0,7.2,manh,72,1.0,tour_level,0.5304
da_lat,Thác Datanla,Langbiang,15,0.2083,0.5769,1.2981,manh,72,0.98,tour_level,0.5292
da_lat,Đồi Chè Cầu Đất,Chợ Đà Lạt,10,0.1389,0.7692,2.2154,manh,72,1.0,tour_level,0.5277
da_lat,Puppy Farm,Quảng Trường Lâm Viên,11,0.1528,0.7333,1.3538,manh,72,1.0,tour_level,0.5256
da_lat,Nhà Ga Đà Lạt,Quảng Trường Lâm Viên,10,0.1389,0.7692,1.4201,manh,72,1.0,tour_level,0.5233
da_lat,Đồi Chè Cầu Đất,Quảng Trường Lâm Viên,10,0.1389,0.7692,1.4201,manh,72,1.0,tour_level,0.5233
da_lat,Hồ Xuân Hương,Chùa Linh Phước,14,0.1944,0.56,1.44,manh,72,1.0,tour_level,0.5145
da_lat,Samten Hills,Quảng Trường Lâm Viên,4,0.0556,1.0,1.8462,manh,72,1.0,tour_level,0.5141
da_lat,Nhà Thờ Con Gà,Quảng Trường Lâm Viên,7,0.0972,0.875,1.6154,manh,72,0.9571,tour_level,0.5093
da_lat,Gallery La Chocotea,Hồ Xuân Hương,3,0.0417,1.0,2.88,manh,72,1.0,tour_level,0.5064
da_lat,Happy Hill,Chùa Linh Phước,3,0.0417,1.0,2.5714,manh,72,1.0,tour_level,0.5047
da_lat,Vườn Dâu Đà Lạt,Thiền Viện Trúc Lâm,13,0.1806,0.5909,1.0377,manh,72,0.9769,tour_level,0.5046
da_lat,Happy Hill,Quảng Trường Lâm Viên,3,0.0417,1.0,1.8462,manh,72,1.0,tour_level,0.5006
da_lat,Gallery La Chocotea,Quảng Trường Lâm Viên,3,0.0417,1.0,1.8462,manh,72,1.0,tour_level,0.5006
da_lat,Chùa Linh Phước,Hồ Xuân Hương,14,0.1944,0.5,1.44,manh,72,1.0,tour_level,0.4965
da_lat,Vườn Hoa Thành Phố,Dinh Bảo Đại,9,0.125,0.6923,3.5604,manh,72,0.9667,tour_level,0.4936
da_lat,Chùa Linh Phước,Hồ Tuyền Lâm,14,0.1944,0.5,1.2857,manh,72,0.9786,tour_level,0.4924
da_lat,Hồ Tuyền Lâm,Chùa Linh Phước,14,0.1944,0.5,1.2857,manh,72,0.9786,tour_level,0.4924
da_lat,Nhà Ga Đà Lạt,Chợ Đà Lạt,9,0.125,0.6923,1.9938,manh,72,1.0,tour_level,0.4899
da_lat,Hồ Xuân Hương,Langbiang,13,0.1806,0.52,1.17,manh,72,0.9769,tour_level,0.484
da_lat,Vườn Hoa Thành Phố,Langbiang,9,0.125,0.6923,1.5577,manh,72,0.9667,tour_level,0.4825
da_lat,Dinh Bảo Đại,Vườn Hoa Thành Phố,9,0.125,0.6429,3.5604,manh,72,0.9667,tour_level,0.4788
da_lat,Vườn Dâu Đà Lạt,Chùa Linh Phước,12,0.1667,0.5455,1.4026,manh,72,0.95,tour_level,0.4755
da_lat,Thác Datanla,Hồ Tuyền Lâm,13,0.1806,0.5,1.2857,manh,72,0.9538,tour_level,0.4752
da_lat,Dinh Bảo Đại,Hồ Xuân Hương,9,0.125,0.6429,1.8514,manh,72,1.0,tour_level,0.4743
da_lat,Cổng Trời Bali Green Hill,Puppy Farm,7,0.0972,0.7,3.36,manh,72,1.0,tour_level,0.4729
da_lat,Cafe Mê Linh,Vườn Dâu Đà Lạt,6,0.0833,0.75,2.4545,manh,72,1.0,tour_level,0.4694
da_lat,Nhà Thờ Domain De Marie,Hồ Xuân Hương,7,0.0972,0.7,2.016,manh,72,1.0,tour_level,0.4654
da_lat,Nông Trại Cổ Tích,Chợ Đà Lạt,7,0.0972,0.7,2.016,manh,72,1.0,tour_level,0.4654
da_lat,Cổng Trời Bali Green Hill,Thác Datanla,7,0.0972,0.7,1.9385,manh,72,1.0,tour_level,0.465
da_lat,Crazy House,Thiền Viện Trúc Lâm,7,0.0972,0.7,1.2293,manh,72,1.0,tour_level,0.4611
da_lat,Puppy Farm,Hồ Xuân Hương,9,0.125,0.6,1.728,manh,72,1.0,tour_level,0.4608
da_lat,Puppy Farm,Chùa Linh Phước,9,0.125,0.6,1.5429,manh,72,1.0,tour_level,0.4597
da_lat,Dinh I,Đường Hầm Đất Sét,3,0.0417,0.75,5.4,manh,72,1.0,tour_level,0.4454
da_lat,Chùa Linh Ẩn,Thác Datanla,6,0.0833,0.6667,1.8462,manh,72,1.0,tour_level,0.441
da_lat,Chùa Thiên Vương Cổ Sát,Langbiang,5,0.0694,0.7143,1.6071,manh,72,1.0,tour_level,0.4405
da_lat,Thác Pongour,Cánh Đồng Hoa Cẩm Tú Cầu,8,0.1111,0.5714,1.7888,manh,72,1.0,tour_level,0.4391
da_lat,Thác Voi,Thác Datanla,9,0.125,0.5625,1.5577,manh,72,0.9333,tour_level,0.4386
da_lat,Thung Lũng Vàng,Vườn Hoa Thành Phố,3,0.0417,0.75,4.1538,manh,72,1.0,tour_level,0.4385
da_lat,Chùa Linh Ẩn,Thiền Viện Trúc Lâm,6,0.0833,0.6667,1.1707,manh,72,1.0,tour_level,0.4373
da_lat,Thác Prenn,Puppy Farm,3,0.0417,0.75,3.6,manh,72,1.0,tour_level,0.4354
da_lat,Thung Lũng Vàng,Đồi Robin,3,0.0417,0.75,3.1765,manh,72,1.0,tour_level,0.433
da_lat,Dinh Bảo Đại,Thác Datanla,8,0.1111,0.5714,1.5824,manh,72,0.9625,tour_level,0.4323
da_lat,Đồi Robin,Langbiang,9,0.125,0.5294,1.1912,manh,72,0.9667,tour_level,0.4316
da_lat,Thác Prenn,Cánh Đồng Hoa Cẩm Tú Cầu,3,0.0417,0.75,2.3478,manh,72,1.0,tour_level,0.4284
da_lat,Đồi Robin,Thác Datanla,9,0.125,0.5294,1.4661,manh,72,0.9333,tour_level,0.4281
da_lat,Thác Prenn,Chợ Đà Lạt,3,0.0417,0.75,2.16,manh,72,1.0,tour_level,0.4274
da_lat,Puppy Farm,Cánh Đồng Hoa Cẩm Tú Cầu,8,0.1111,0.5333,1.6696,manh,72,1.0,tour_level,0.427
da_lat,Thung Lũng Vàng,Thác Datanla,3,0.0417,0.75,2.0769,manh,72,1.0,tour_level,0.4269
da_lat,Vườn Hoa Thành Phố,Thung Lũng Tình Yêu,7,0.0972,0.5385,4.8462,manh,72,0.9571,tour_level,0.4263
da_lat,Mongo Land,Hồ Tuyền Lâm,3,0.0417,0.75,1.9286,manh,72,1.0,tour_level,0.4261
da_lat,Mongo Land,Chùa Linh Phước,3,0.0417,0.75,1.9286,manh,72,1.0,tour_level,0.4261
da_lat,Samten Hills,Chùa Linh Phước,3,0.0417,0.75,1.9286,manh,72,1.0,tour_level,0.4261
da_lat,Thung Lũng Vàng,Hồ Tuyền Lâm,3,0.0417,0.75,1.9286,manh,72,1.0,tour_level,0.4261
da_lat,Samten Hills,Langbiang,3,0.0417,0.75,1.6875,manh,72,1.0,tour_level,0.4248
da_lat,Mongo Land,Thiền Viện Trúc Lâm,3,0.0417,0.75,1.3171,manh,72,1.0,tour_level,0.4227
da_lat,Nông Trại Cổ Tích,Hồ Xuân Hương,6,0.0833,0.6,1.728,manh,72,1.0,tour_level,0.4204
da_lat,Cổng Trời Bali Green Hill,Chùa Linh Phước,6,0.0833,0.6,1.5429,manh,72,1.0,tour_level,0.4193
da_lat,Nhà Thờ Domain De Marie,Thiền Viện Trúc Lâm,6,0.0833,0.6,1.0537,manh,72,1.0,tour_level,0.4166
da_lat,Trại Mát,Chợ Đà Lạt,5,0.0694,0.625,1.8,manh,72,1.0,tour_level,0.4148
da_lat,Đồi Chè Cầu Đất,Hồ Xuân Hương,7,0.0972,0.5385,1.5508,manh,72,1.0,tour_level,0.4144
da_lat,Nhà Ga Đà Lạt,Hồ Tuyền Lâm,7,0.0972,0.5385,1.3846,manh,72,1.0,tour_level,0.4135
da_lat,Cafe Mê Linh,Thiền Viện Trúc Lâm,5,0.0694,0.625,1.0976,manh,72,1.0,tour_level,0.4109
da_lat,Thác Voi,Chùa Linh Phước,8,0.1111,0.5,1.2857,manh,72,0.9625,tour_level,0.4092
da_lat,Thung Lũng Tình Yêu,Langbiang,5,0.0694,0.625,1.4062,manh,72,0.94,tour_level,0.4036
da_lat,Thác Pongour,Chợ Đà Lạt,7,0.0972,0.5,1.44,manh,72,1.0,tour_level,0.4022
da_lat,Thác Pongour,Thác Voi,7,0.0972,0.5,2.25,manh,72,0.9571,tour_level,0.4003
da_lat,Đường Hầm Đất Sét,Thác Datanla,6,0.0833,0.6,1.6615,manh,72,0.85,tour_level,0.3975
da_lat,Hồ Vô Cực,Chợ Đà Lạt,5,0.0694,0.5556,1.6,manh,72,1.0,tour_level,0.3929
da_lat,Hồ Vô Cực,Chùa Linh Phước,5,0.0694,0.5556,1.4286,manh,72,1.0,tour_level,0.3919
da_lat,Chùa Thiên Vương Cổ Sát,Cánh Đồng Hoa Cẩm Tú Cầu,4,0.0556,0.5714,1.7888,manh,72,1.0,tour_level,0.3852
da_lat,Chùa Thiên Vương Cổ Sát,Thác Datanla,4,0.0556,0.5714,1.5824,manh,72,1.0,tour_level,0.3841
da_lat,Nhà Thờ Domain De Marie,Đồi Chè Cầu Đất,5,0.0694,0.5,2.7692,manh,72,1.0,tour_level,0.3827
da_lat,Chùa Thiên Vương Cổ Sát,Thiền Viện Trúc Lâm,4,0.0556,0.5714,1.0035,manh,72,1.0,tour_level,0.3808
da_lat,Fresh Garden,Hồ Xuân Hương,3,0.0417,0.6,1.728,manh,72,1.0,tour_level,0.38
da_lat,Crazy House,Đồi Robin,5,0.0694,0.5,2.1176,manh,72,1.0,tour_level,0.3791
da_lat,Fresh Garden,Hồ Tuyền Lâm,3,0.0417,0.6,1.5429,manh,72,1.0,tour_level,0.379
da_lat,Đồi Mộng Mơ,Chùa Linh Phước,3,0.0417,0.6,1.5429,manh,72,1.0,tour_level,0.379
da_lat,Fresh Garden,Quảng Trường Lâm Viên,3,0.0417,0.6,1.1077,manh,72,1.0,tour_level,0.3765
da_lat,Cổng Trời Bali Green Hill,Vườn Dâu Đà Lạt,5,0.0694,0.5,1.6364,manh,72,1.0,tour_level,0.3764
da_lat,Fresh Garden,Thiền Viện Trúc Lâm,3,0.0417,0.6,1.0537,manh,72,1.0,tour_level,0.3762
da_lat,Cổng Trời Bali Green Hill,Cánh Đồng Hoa Cẩm Tú Cầu,5,0.0694,0.5,1.5652,manh,72,1.0,tour_level,0.376
da_lat,Cổng Trời Bali Green Hill,Hồ Xuân Hương,5,0.0694,0.5,1.44,manh,72,1.0,tour_level,0.3753
da_lat,Làng Hoa Vạn Thành,Hồ Tuyền Lâm,5,0.0694,0.5,1.2857,manh,72,1.0,tour_level,0.3745
da_lat,Nhà Thờ Domain De Marie,Hồ Tuyền Lâm,5,0.0694,0.5,1.2857,manh,72,1.0,tour_level,0.3745
da_lat,Nông Trại Cổ Tích,Langbiang,5,0.0694,0.5,1.125,manh,72,1.0,tour_level,0.3736
da_lat,Cafe Mê Linh,Nhà Ga Đà Lạt,4,0.0556,0.5,2.7692,manh,72,1.0,tour_level,0.3692
da_lat,Làng Hoa Vạn Thành,Langbiang,5,0.0694,0.5,1.125,manh,72,0.94,tour_level,0.3646
da_lat,Nhà Thờ Con Gà,Chợ Đà Lạt,4,0.0556,0.5,1.44,manh,72,1.0,tour_level,0.3618
da_lat,Trại Mát,Hồ Xuân Hương,4,0.0556,0.5,1.44,manh,72,1.0,tour_level,0.3618
da_lat,Thung Lũng Tình Yêu,Chùa Linh Phước,4,0.0556,0.5,1.2857,manh,72,1.0,tour_level,0.361
da_lat,Cafe Mê Linh,Chùa Linh Phước,4,0.0556,0.5,1.2857,manh,72,1.0,tour_level,0.361
da_lat,Trại Mát,Hồ Tuyền Lâm,4,0.0556,0.5,1.2857,manh,72,1.0,tour_level,0.361
da_lat,Thung Lũng Tình Yêu,Hồ Tuyền Lâm,4,0.0556,0.5,1.2857,manh,72,1.0,tour_level,0.361
da_lat,Nhà Thờ Con Gà,Cánh Đồng Hoa Cẩm Tú Cầu,4,0.0556,0.5,1.5652,manh,72,0.925,tour_level,0.3513
da_lat,Cafe Mê Linh,Thác Datanla,4,0.0556,0.5,1.3846,manh,72,0.925,tour_level,0.3503
da_lat,Trại Mát,Langbiang,4,0.0556,0.5,1.125,manh,72,0.925,tour_level,0.3488
da_lat,Royal Garden,Gallery La Chocotea,2,0.0278,1.0,24.0,tham_khao,72,1.0,tour_level,0.6103
da_lat,Rừng Hoa Khô,Trại Mát,2,0.0278,1.0,9.0,tham_khao,72,1.0,tour_level,0.5269
da_lat,Nấc Thang Thiên Đường,Hồ Vô Cực,2,0.0278,1.0,8.0,tham_khao,72,1.0,tour_level,0.5214
da_lat,Cafe Miền Du Mục,Cổng Trời Bali Green Hill,2,0.0278,1.0,7.2,tham_khao,72,1.0,tour_level,0.5169
da_lat,Tiệm Nướng Chuyến Tàu Hoàng Hôn,Cổng Trời Bali Green Hill,2,0.0278,1.0,7.2,tham_khao,72,1.0,tour_level,0.5169
da_lat,Thác Bobla,Nông Trại Cổ Tích,2,0.0278,1.0,7.2,tham_khao,72,1.0,tour_level,0.5169
da_lat,Nấc Thang Thiên Đường,Đường Hầm Đất Sét,2,0.0278,1.0,7.2,tham_khao,72,1.0,tour_level,0.5169
da_lat,Royal Garden,Nông Trại Cổ Tích,2,0.0278,1.0,7.2,tham_khao,72,1.0,tour_level,0.5169
da_lat,Đại Bảo Tháp Kinh Luân,Nông Trại Cổ Tích,2,0.0278,1.0,7.2,tham_khao,72,1.0,tour_level,0.5169
da_lat,Bảo Tàng Madame De,Nhà Thờ Domain De Marie,2,0.0278,1.0,7.2,tham_khao,72,1.0,tour_level,0.5169
da_lat,Gallery La Chocotea,Royal Garden,2,0.0278,0.6667,24.0,tham_khao,72,1.0,tour_level,0.5103
da_lat,Rừng Hoa Khô,Nhà Ga Đà Lạt,2,0.0278,1.0,5.5385,tham_khao,72,1.0,tour_level,0.5077
da_lat,Bảo Tàng Madame De,Đồi Chè Cầu Đất,2,0.0278,1.0,5.5385,tham_khao,72,1.0,tour_level,0.5077
da_lat,Cafe Miền Du Mục,Dinh Bảo Đại,2,0.0278,1.0,5.1429,tham_khao,72,1.0,tour_level,0.5055
da_lat,Tiệm Nướng Chuyến Tàu Hoàng Hôn,Dinh Bảo Đại,2,0.0278,1.0,5.1429,tham_khao,72,1.0,tour_level,0.5055
da_lat,Lặng Art Café,Dinh Bảo Đại,2,0.0278,1.0,5.1429,tham_khao,72,1.0,tour_level,0.5055
da_lat,Cafe Miền Du Mục,Puppy Farm,2,0.0278,1.0,4.8,tham_khao,72,1.0,tour_level,0.5036
da_lat,Tiệm Nướng Chuyến Tàu Hoàng Hôn,Puppy Farm,2,0.0278,1.0,4.8,tham_khao,72,1.0,tour_level,0.5036
da_lat,Bảo Tàng Madame De,Thác Voi,2,0.0278,1.0,4.5,tham_khao,72,1.0,tour_level,0.5019
da_lat,Rừng Hoa Khô,Đồi Robin,2,0.0278,1.0,4.2353,tham_khao,72,1.0,tour_level,0.5005
da_lat,Lặng Art Café,Vườn Dâu Đà Lạt,2,0.0278,1.0,3.2727,tham_khao,72,1.0,tour_level,0.4951
da_lat,Cafe Miền Du Mục,Hồ Xuân Hương,2,0.0278,1.0,2.88,tham_khao,72,1.0,tour_level,0.4929
da_lat,Tiệm Nướng Chuyến Tàu Hoàng Hôn,Hồ Xuân Hương,2,0.0278,1.0,2.88,tham_khao,72,1.0,tour_level,0.4929
da_lat,Thác Bobla,Chợ Đà Lạt,2,0.0278,1.0,2.88,tham_khao,72,1.0,tour_level,0.4929
da_lat,Nấc Thang Thiên Đường,Chợ Đà Lạt,2,0.0278,1.0,2.88,tham_khao,72,1.0,tour_level,0.4929
da_lat,Lặng Art Café,Hồ Xuân Hương,2,0.0278,1.0,2.88,tham_khao,72,1.0,tour_level,0.4929
da_lat,Rừng Hoa Khô,Hồ Xuân Hương,2,0.0278,1.0,2.88,tham_khao,72,1.0,tour_level,0.4929
da_lat,Dapa Hill,Hồ Xuân Hương,2,0.0278,1.0,2.88,tham_khao,72,1.0,tour_level,0.4929
da_lat,Royal Garden,Chợ Đà Lạt,2,0.0278,1.0,2.88,tham_khao,72,1.0,tour_level,0.4929
da_lat,Royal Garden,Hồ Xuân Hương,2,0.0278,1.0,2.88,tham_khao,72,1.0,tour_level,0.4929
da_lat,Đại Bảo Tháp Kinh Luân,Hồ Xuân Hương,2,0.0278,1.0,2.88,tham_khao,72,1.0,tour_level,0.4929
da_lat,Bảo Tàng Madame De,Hồ Xuân Hương,2,0.0278,1.0,2.88,tham_khao,72,1.0,tour_level,0.4929
da_lat,Dapa Hill,Thác Datanla,2,0.0278,1.0,2.7692,tham_khao,72,1.0,tour_level,0.4923
da_lat,Bảo Tàng Madame De,Thác Datanla,2,0.0278,1.0,2.7692,tham_khao,72,1.0,tour_level,0.4923
da_lat,Cafe Miền Du Mục,Hồ Tuyền Lâm,2,0.0278,1.0,2.5714,tham_khao,72,1.0,tour_level,0.4912
da_lat,Tiệm Nướng Chuyến Tàu Hoàng Hôn,Hồ Tuyền Lâm,2,0.0278,1.0,2.5714,tham_khao,72,1.0,tour_level,0.4912
da_lat,Nấc Thang Thiên Đường,Hồ Tuyền Lâm,2,0.0278,1.0,2.5714,tham_khao,72,1.0,tour_level,0.4912
da_lat,Rừng Hoa Khô,Chùa Linh Phước,2,0.0278,1.0,2.5714,tham_khao,72,1.0,tour_level,0.4912
da_lat,Rừng Hoa Khô,Hồ Tuyền Lâm,2,0.0278,1.0,2.5714,tham_khao,72,1.0,tour_level,0.4912
da_lat,Dapa Hill,Chùa Linh Phước,2,0.0278,1.0,2.5714,tham_khao,72,1.0,tour_level,0.4912
da_lat,Đại Bảo Tháp Kinh Luân,Chùa Linh Phước,2,0.0278,1.0,2.5714,tham_khao,72,1.0,tour_level,0.4912
da_lat,Bảo Tàng Madame De,Chùa Linh Phước,2,0.0278,1.0,2.5714,tham_khao,72,1.0,tour_level,0.4912
da_lat,KDL Suối Bình Yên,Langbiang,2,0.0278,1.0,2.25,tham_khao,72,1.0,tour_level,0.4894
da_lat,Thác Bobla,Langbiang,2,0.0278,1.0,2.25,tham_khao,72,1.0,tour_level,0.4894
da_lat,Dapa Hill,Langbiang,2,0.0278,1.0,2.25,tham_khao,72,1.0,tour_level,0.4894
da_lat,Đại Bảo Tháp Kinh Luân,Langbiang,2,0.0278,1.0,2.25,tham_khao,72,1.0,tour_level,0.4894
da_lat,Cafe Miền Du Mục,Quảng Trường Lâm Viên,2,0.0278,1.0,1.8462,tham_khao,72,1.0,tour_level,0.4872
da_lat,KDL Suối Bình Yên,Quảng Trường Lâm Viên,2,0.0278,1.0,1.8462,tham_khao,72,1.0,tour_level,0.4872
da_lat,Tiệm Nướng Chuyến Tàu Hoàng Hôn,Quảng Trường Lâm Viên,2,0.0278,1.0,1.8462,tham_khao,72,1.0,tour_level,0.4872
da_lat,Dapa Hill,Quảng Trường Lâm Viên,2,0.0278,1.0,1.8462,tham_khao,72,1.0,tour_level,0.4872
da_lat,Royal Garden,Quảng Trường Lâm Viên,2,0.0278,1.0,1.8462,tham_khao,72,1.0,tour_level,0.4872
da_lat,Đại Bảo Tháp Kinh Luân,Quảng Trường Lâm Viên,2,0.0278,1.0,1.8462,tham_khao,72,1.0,tour_level,0.4872
da_lat,Cafe Miền Du Mục,Thiền Viện Trúc Lâm,2,0.0278,1.0,1.7561,tham_khao,72,1.0,tour_level,0.4867
da_lat,KDL Suối Bình Yên,Thiền Viện Trúc Lâm,2,0.0278,1.0,1.7561,tham_khao,72,1.0,tour_level,0.4867
da_lat,Tiệm Nướng Chuyến Tàu Hoàng Hôn,Thiền Viện Trúc Lâm,2,0.0278,1.0,1.7561,tham_khao,72,1.0,tour_level,0.4867
da_lat,Nấc Thang Thiên Đường,Thiền Viện Trúc Lâm,2,0.0278,1.0,1.7561,tham_khao,72,1.0,tour_level,0.4867
da_lat,Rừng Hoa Khô,Thiền Viện Trúc Lâm,2,0.0278,1.0,1.7561,tham_khao,72,1.0,tour_level,0.4867
da_lat,Thiền Viện Vạn Hạnh,Thung Lũng Vàng,2,0.0278,0.6667,12.0,tham_khao,72,1.0,tour_level,0.4436
da_lat,Thiền Viện Vạn Hạnh,Chùa Thiên Vương Cổ Sát,2,0.0278,0.6667,6.8571,tham_khao,72,1.0,tour_level,0.415
da_lat,Happy Hill,Trại Mát,2,0.0278,0.6667,6.0,tham_khao,72,1.0,tour_level,0.4103
da_lat,Gallery La Chocotea,Nhà Thờ Domain De Marie,2,0.0278,0.6667,4.8,tham_khao,72,1.0,tour_level,0.4036
da_lat,Gallery La Chocotea,Đồi Chè Cầu Đất,2,0.0278,0.6667,3.6923,tham_khao,72,1.0,tour_level,0.3974
da_lat,Thung Lũng Vàng,Thiền Viện Vạn Hạnh,2,0.0278,0.5,12.0,tham_khao,72,1.0,tour_level,0.3936
da_lat,Thiền Viện Vạn Hạnh,Thác Voi,2,0.0278,0.6667,3.0,tham_khao,72,1.0,tour_level,0.3936
da_lat,Happy Hill,Cánh Đồng Hoa Cẩm Tú Cầu,2,0.0278,0.6667,2.087,tham_khao,72,1.0,tour_level,0.3885
da_lat,Happy Hill,Chợ Đà Lạt,2,0.0278,0.6667,1.92,tham_khao,72,1.0,tour_level,0.3876
da_lat,Gallery La Chocotea,Chợ Đà Lạt,2,0.0278,0.6667,1.92,tham_khao,72,1.0,tour_level,0.3876
da_lat,Happy Hill,Hồ Tuyền Lâm,2,0.0278,0.6667,1.7143,tham_khao,72,1.0,tour_level,0.3865
da_lat,Gallery La Chocotea,Chùa Linh Phước,2,0.0278,0.6667,1.7143,tham_khao,72,1.0,tour_level,0.3865
da_lat,Thiền Viện Vạn Hạnh,Langbiang,2,0.0278,0.6667,1.5,tham_khao,72,1.0,tour_level,0.3853
da_lat,Happy Hill,Thiền Viện Trúc Lâm,2,0.0278,0.6667,1.1707,tham_khao,72,1.0,tour_level,0.3834
da_lat,Mongo Land,Đồi Mộng Mơ,2,0.0278,0.5,7.2,tham_khao,72,1.0,tour_level,0.3669
da_lat,Thiền Viện Vạn Hạnh,Quảng Trường Lâm Viên,2,0.0278,0.6667,1.2308,tham_khao,72,0.85,tour_level,0.3613
da_lat,Thác Prenn,Cafe Mê Linh,2,0.0278,0.5,4.5,tham_khao,72,1.0,tour_level,0.3519
da_lat,Mongo Land,Thung Lũng Tình Yêu,2,0.0278,0.5,4.5,tham_khao,72,1.0,tour_level,0.3519
da_lat,Thác Cam Ly,Nhà Thờ Con Gà,2,0.0278,0.5,4.5,tham_khao,72,1.0,tour_level,0.3519
da_lat,Thung Lũng Vàng,Nhà Thờ Con Gà,2,0.0278,0.5,4.5,tham_khao,72,1.0,tour_level,0.3519
da_lat,Dinh I,Hồ Vô Cực,2,0.0278,0.5,4.0,tham_khao,72,1.0,tour_level,0.3491
da_lat,Samten Hills,Nông Trại Cổ Tích,2,0.0278,0.5,3.6,tham_khao,72,1.0,tour_level,0.3469
da_lat,Thác Cam Ly,Nhà Thờ Domain De Marie,2,0.0278,0.5,3.6,tham_khao,72,1.0,tour_level,0.3469
da_lat,Thung Lũng Vàng,Làng Hoa Vạn Thành,2,0.0278,0.5,3.6,tham_khao,72,1.0,tour_level,0.3469
da_lat,Thác Prenn,Nhà Ga Đà Lạt,2,0.0278,0.5,2.7692,tham_khao,72,1.0,tour_level,0.3423
da_lat,Thác Cam Ly,Đồi Chè Cầu Đất,2,0.0278,0.5,2.7692,tham_khao,72,1.0,tour_level,0.3423
da_lat,Thác Cam Ly,Nhà Ga Đà Lạt,2,0.0278,0.5,2.7692,tham_khao,72,1.0,tour_level,0.3423
da_lat,Thung Lũng Vàng,Thác Voi,2,0.0278,0.5,2.25,tham_khao,72,1.0,tour_level,0.3394
da_lat,Dinh I,Đồi Robin,2,0.0278,0.5,2.1176,tham_khao,72,1.0,tour_level,0.3387
da_lat,Thác Prenn,Vườn Dâu Đà Lạt,2,0.0278,0.5,1.6364,tham_khao,72,1.0,tour_level,0.336
da_lat,Que Garden,Vườn Dâu Đà Lạt,2,0.0278,0.5,1.6364,tham_khao,72,1.0,tour_level,0.336
da_lat,Thác Cam Ly,Vườn Dâu Đà Lạt,2,0.0278,0.5,1.6364,tham_khao,72,1.0,tour_level,0.336
da_lat,Thung Lũng Vàng,Cánh Đồng Hoa Cẩm Tú Cầu,2,0.0278,0.5,1.5652,tham_khao,72,1.0,tour_level,0.3356
da_lat,Dinh I,Hồ Xuân Hương,2,0.0278,0.5,1.44,tham_khao,72,1.0,tour_level,0.3349
da_lat,Dinh I,Chợ Đà Lạt,2,0.0278,0.5,1.44,tham_khao,72,1.0,tour_level,0.3349
da_lat,Mongo Land,Chợ Đà Lạt,2,0.0278,0.5,1.44,tham_khao,72,1.0,tour_level,0.3349
da_lat,Samten Hills,Chợ Đà Lạt,2,0.0278,0.5,1.44,tham_khao,72,1.0,tour_level,0.3349
da_lat,Samten Hills,Hồ Xuân Hương,2,0.0278,0.5,1.44,tham_khao,72,1.0,tour_level,0.3349
da_lat,Thác Cam Ly,Chùa Linh Phước,2,0.0278,0.5,1.2857,tham_khao,72,1.0,tour_level,0.3341
da_lat,Thác Cam Ly,Langbiang,2,0.0278,0.5,1.125,tham_khao,72,1.0,tour_level,0.3332
phan_thiet,Đồi Cát Bay,Biển Mũi Né,23,0.377,1.0,1.0893,manh,61,1.0,day_level,0.8143
phan_thiet,Circus Land,Công Viên Bikini Beach,3,0.0492,1.0,15.25,manh,61,1.0,day_level,0.6957
phan_thiet,Hòn Rơm,Biển Mũi Né,13,0.2131,1.0,1.0893,manh,61,1.0,day_level,0.6621
phan_thiet,Bãi Đá Ông Địa,Lầu Ông Hoàng,5,0.082,1.0,10.1667,manh,61,1.0,day_level,0.6594
phan_thiet,Bàu Sen,Biển Mũi Né,12,0.1967,1.0,1.0893,manh,61,1.0,day_level,0.6469
phan_thiet,Làng Chài Mũi Né,Biển Mũi Né,12,0.1967,1.0,1.0893,manh,61,1.0,day_level,0.6469
phan_thiet,Suối Tiên,Biển Mũi Né,11,0.1803,1.0,1.0893,manh,61,1.0,day_level,0.6317
phan_thiet,Làng Chài Mũi Né,Đồi Cát Bay,11,0.1803,0.9167,2.4312,manh,61,1.0,day_level,0.6243
phan_thiet,Công Viên Bikini Beach,Circus Land,3,0.0492,0.75,15.25,manh,61,1.0,day_level,0.6207
phan_thiet,Lầu Ông Hoàng,Bãi Đá Ông Địa,5,0.082,0.8333,10.1667,manh,61,1.0,day_level,0.6094
phan_thiet,Bàu Trắng,Biển Mũi Né,9,0.1475,1.0,1.0893,manh,61,1.0,day_level,0.6012
phan_thiet,Hòn Rơm,Đồi Cát Bay,11,0.1803,0.8462,2.2441,manh,61,1.0,day_level,0.6007
phan_thiet,Bảo Tàng Ngọc Trai,Biển Mũi Né,8,0.1311,1.0,1.0893,manh,61,1.0,day_level,0.586
phan_thiet,Tháp Chàm Poshanu,Lầu Ông Hoàng,4,0.0656,0.8,8.1333,manh,61,1.0,day_level,0.5575
phan_thiet,Lầu Ông Hoàng,Biển Mũi Né,6,0.0984,1.0,1.0893,manh,61,1.0,day_level,0.5556
phan_thiet,Tháp Chàm Poshanu,Biển Mũi Né,5,0.082,1.0,1.0893,manh,61,1.0,day_level,0.5404
phan_thiet,Bãi Đá Ông Địa,Biển Mũi Né,5,0.082,1.0,1.0893,manh,61,1.0,day_level,0.5404
phan_thiet,Công Viên Bikini Beach,Biển Mũi Né,4,0.0656,1.0,1.0893,manh,61,1.0,day_level,0.5252
phan_thiet,Lầu Ông Hoàng,Tháp Chàm Poshanu,4,0.0656,0.6667,8.1333,manh,61,1.0,day_level,0.5175
phan_thiet,Suối Tiên,Đồi Cát Bay,8,0.1311,0.7273,1.9289,manh,61,1.0,day_level,0.5152
phan_thiet,Làng Chài Mũi Né,Hòn Rơm,8,0.1311,0.6667,3.1282,manh,61,1.0,day_level,0.5128
phan_thiet,Trường Dục Thanh,Biển Mũi Né,3,0.0492,1.0,1.0893,manh,61,1.0,day_level,0.5099
phan_thiet,Circus Land,Biển Mũi Né,3,0.0492,1.0,1.0893,manh,61,1.0,day_level,0.5099
phan_thiet,Bãi Đá Ông Địa,Hòn Rơm,4,0.0656,0.8,3.7538,manh,61,1.0,day_level,0.5001
phan_thiet,Hòn Rơm,Làng Chài Mũi Né,8,0.1311,0.6154,3.1282,manh,61,1.0,day_level,0.4974
phan_thiet,Bàu Sen,Đồi Cát Bay,8,0.1311,0.6667,1.7681,manh,61,1.0,day_level,0.4949
phan_thiet,Suối Tiên,Bàu Sen,7,0.1148,0.6364,3.2348,manh,61,1.0,day_level,0.4899
phan_thiet,Suối Tiên,Làng Chài Mũi Né,7,0.1148,0.6364,3.2348,manh,61,1.0,day_level,0.4899
phan_thiet,Công Viên Bikini Beach,Bàu Trắng,3,0.0492,0.75,5.0833,manh,61,1.0,day_level,0.4873
phan_thiet,Bàu Trắng,Bàu Sen,6,0.0984,0.6667,3.3889,manh,61,1.0,day_level,0.4858
phan_thiet,Bãi Đá Ông Địa,Đồi Cát Bay,4,0.0656,0.8,2.1217,manh,61,1.0,day_level,0.4787
phan_thiet,Bàu Sen,Suối Tiên,7,0.1148,0.5833,3.2348,manh,61,1.0,day_level,0.4739
phan_thiet,Làng Chài Mũi Né,Suối Tiên,7,0.1148,0.5833,3.2348,manh,61,1.0,day_level,0.4739
phan_thiet,Bãi Đá Ông Địa,Tháp Chàm Poshanu,3,0.0492,0.6,7.32,manh,61,1.0,day_level,0.4717
phan_thiet,Tháp Chàm Poshanu,Bãi Đá Ông Địa,3,0.0492,0.6,7.32,manh,61,1.0,day_level,0.4717
phan_thiet,Bàu Sen,Làng Chài Mũi Né,7,0.1148,0.5833,2.9653,manh,61,1.0,day_level,0.4704
phan_thiet,Làng Chài Mũi Né,Bàu Sen,7,0.1148,0.5833,2.9653,manh,61,1.0,day_level,0.4704
phan_thiet,Lầu Ông Hoàng,Hòn Rơm,4,0.0656,0.6667,3.1282,manh,61,1.0,day_level,0.4519
phan_thiet,Suối Tiên,Hòn Rơm,6,0.0984,0.5455,2.5594,manh,61,1.0,day_level,0.4385
phan_thiet,Bàu Sen,Bàu Trắng,6,0.0984,0.5,3.3889,manh,61,1.0,day_level,0.4357
phan_thiet,Bãi Đá Ông Địa,Bảo Tàng Ngọc Trai,3,0.0492,0.6,4.575,manh,61,1.0,day_level,0.4357
phan_thiet,Lầu Ông Hoàng,Đồi Cát Bay,4,0.0656,0.6667,1.7681,manh,61,1.0,day_level,0.4341
phan_thiet,Bàu Sen,Hòn Rơm,6,0.0984,0.5,2.3462,manh,61,1.0,day_level,0.4221
phan_thiet,Bãi Đá Ông Địa,Làng Chài Mũi Né,3,0.0492,0.6,3.05,manh,61,1.0,day_level,0.4157
phan_thiet,Lầu Ông Hoàng,Bảo Tàng Ngọc Trai,3,0.0492,0.5,3.8125,manh,61,1.0,day_level,0.3957
phan_thiet,Bảo Tàng Ngọc Trai,Hòn Rơm,4,0.0656,0.5,2.3462,manh,61,1.0,day_level,0.3916
phan_thiet,Lầu Ông Hoàng,Làng Chài Mũi Né,3,0.0492,0.5,2.5417,manh,61,1.0,day_level,0.379
phan_thiet,Sea Links City,Biển Mũi Né,2,0.0328,1.0,1.0893,tham_khao,61,1.0,day_level,0.4947
phan_thiet,Trường Dục Thanh,Tháp Chàm Poshanu,2,0.0328,0.6667,8.1333,tham_khao,61,1.0,day_level,0.4871
phan_thiet,Circus Land,Bàu Trắng,2,0.0328,0.6667,4.5185,tham_khao,61,1.0,day_level,0.4397
phan_thiet,Circus Land,Làng Chài Mũi Né,2,0.0328,0.6667,3.3889,tham_khao,61,1.0,day_level,0.4249
phan_thiet,Circus Land,Hòn Rơm,2,0.0328,0.6667,3.1282,tham_khao,61,1.0,day_level,0.4215
phan_thiet,Circus Land,Đồi Cát Bay,2,0.0328,0.6667,1.7681,tham_khao,61,1.0,day_level,0.4036
phan_thiet,Mũi Kê Gà,Đồi Cát Bay,2,0.0328,0.6667,1.7681,tham_khao,61,1.0,day_level,0.4036
phan_thiet,Công Viên Bikini Beach,Làng Chài Mũi Né,2,0.0328,0.5,2.5417,tham_khao,61,1.0,day_level,0.3638
phan_thiet,Công Viên Bikini Beach,Hòn Rơm,2,0.0328,0.5,2.3462,tham_khao,61,1.0,day_level,0.3612
phan_thiet,Công Viên Bikini Beach,Đồi Cát Bay,2,0.0328,0.5,1.3261,tham_khao,61,1.0,day_level,0.3478
phan_thiet,Bảo Tàng Ngọc Trai,Đồi Cát Bay,8,0.25,1.0,1.28,manh,32,1.0,tour_level,0.6974
phan_thiet,Đồi Cát Bay,Làng Chài Mũi Né,13,0.4062,0.52,1.1886,manh,32,0.9538,tour_level,0.6788
phan_thiet,Circus Land,Bảo Tàng Ngọc Trai,3,0.0938,1.0,4.0,manh,32,1.0,tour_level,0.6308
phan_thiet,Bảo Tàng Ngọc Trai,Làng Chài Mũi Né,6,0.1875,0.75,1.7143,manh,32,1.0,tour_level,0.5794
phan_thiet,Bàu Trắng,Núi Tà Cú,6,0.1875,0.6667,1.9394,manh,32,1.0,tour_level,0.56
phan_thiet,Công Viên Bikini Beach,Bảo Tàng Ngọc Trai,3,0.0938,0.75,3.0,manh,32,1.0,tour_level,0.5308
phan_thiet,Núi Tà Cú,Bàu Trắng,6,0.1875,0.5455,1.9394,manh,32,1.0,tour_level,0.5237
phan_thiet,Tháp Chàm Poshanu,Đồi Cát Bay,4,0.125,0.8,1.024,manh,32,1.0,tour_level,0.5233
phan_thiet,Bãi Đá Ông Địa,Núi Tà Cú,3,0.0938,0.6,1.7455,manh,32,1.0,tour_level,0.4544
phan_thiet,Lầu Ông Hoàng,Núi Tà Cú,3,0.0938,0.5,1.4545,manh,32,1.0,tour_level,0.4171
phan_thiet,Trường Dục Thanh,Bàu Trắng,2,0.0625,0.6667,2.3704,tham_khao,32,1.0,tour_level,0.4631
phan_thiet,Trường Dục Thanh,Núi Tà Cú,2,0.0625,0.6667,1.9394,tham_khao,32,1.0,tour_level,0.4523
phan_thiet,Circus Land,Suối Tiên,2,0.0625,0.6667,1.7778,tham_khao,32,1.0,tour_level,0.4483
phan_thiet,Công Viên Bikini Beach,Suối Tiên,2,0.0625,0.5,1.3333,tham_khao,32,1.0,tour_level,0.3872
vung_tau,Biển Hồ Cốc,Suối Nước Nóng Bình Châu,15,0.2143,0.9375,2.0508,manh,70,1.0,day_level,0.8105
vung_tau,Hồ Suối Mơ Bình Châu,Khu Giếng Trời Bình Châu,5,0.0714,1.0,14.0,manh,70,1.0,day_level,0.7667
vung_tau,Khu Giếng Trời Bình Châu,Hồ Suối Mơ Bình Châu,5,0.0714,1.0,14.0,manh,70,1.0,day_level,0.7667
vung_tau,Đồi Cừu Suối Nghệ,Dinh Cô,10,0.1429,1.0,4.375,manh,70,1.0,day_level,0.7458
vung_tau,Mũi Nghinh Phong,Bạch Dinh,4,0.0571,1.0,14.0,manh,70,1.0,day_level,0.7433
vung_tau,Đồi Cừu Suối Nghệ,Nông Trại Cừu,10,0.1429,1.0,3.1818,manh,70,1.0,day_level,0.7288
vung_tau,Ngọn Hải Đăng Vũng Tàu,Hồ Mây,3,0.0429,1.0,14.0,manh,70,1.0,day_level,0.72
vung_tau,Dinh Cô,Nông Trại Cừu,12,0.1714,0.75,2.3864,manh,70,1.0,day_level,0.6891
vung_tau,Bạch Dinh,Mũi Nghinh Phong,4,0.0571,0.8,14.0,manh,70,1.0,day_level,0.6833
vung_tau,Đảo Long Sơn,Đồi Cừu Suối Nghệ,8,0.1143,0.8,5.6,manh,70,1.0,day_level,0.6567
vung_tau,Đồi Cừu Suối Nghệ,Đảo Long Sơn,8,0.1143,0.8,5.6,manh,70,1.0,day_level,0.6567
vung_tau,Đảo Long Sơn,Núi Minh Đạm,8,0.1143,0.8,4.0,manh,70,1.0,day_level,0.6338
vung_tau,Đồi Cừu Suối Nghệ,Núi Minh Đạm,8,0.1143,0.8,4.0,manh,70,1.0,day_level,0.6338
vung_tau,Dinh Cô,Đồi Cừu Suối Nghệ,10,0.1429,0.625,4.375,manh,70,1.0,day_level,0.6333
vung_tau,Hồ Suối Mơ Bình Châu,Biển Hồ Cốc,5,0.0714,1.0,4.375,manh,70,1.0,day_level,0.6292
vung_tau,Khu Giếng Trời Bình Châu,Biển Hồ Cốc,5,0.0714,1.0,4.375,manh,70,1.0,day_level,0.6292
vung_tau,Nông Trại Cừu,Dinh Cô,12,0.1714,0.5455,2.3864,manh,70,1.0,day_level,0.6277
vung_tau,Đảo Long Sơn,Dinh Cô,8,0.1143,0.8,3.5,manh,70,1.0,day_level,0.6267
vung_tau,Núi Minh Đạm,Suối Nước Nóng Bình Châu,10,0.1429,0.7143,1.5625,manh,70,1.0,day_level,0.6199
vung_tau,Đảo Long Sơn,Nông Trại Cừu,8,0.1143,0.8,2.5455,manh,70,1.0,day_level,0.613
vung_tau,Nông Trại Cừu,Suối Nước Nóng Bình Châu,12,0.1714,0.5455,1.1932,manh,70,1.0,day_level,0.6107
vung_tau,Đảo Long Sơn,Suối Nước Nóng Bình Châu,8,0.1143,0.8,1.75,manh,70,1.0,day_level,0.6017
vung_tau,Đồi Cừu Suối Nghệ,Suối Nước Nóng Bình Châu,8,0.1143,0.8,1.75,manh,70,1.0,day_level,0.6017
vung_tau,Hồ Mây,Ngọn Hải Đăng Vũng Tàu,3,0.0429,0.6,14.0,manh,70,1.0,day_level,0.6
vung_tau,Hồ Suối Mơ Bình Châu,Suối Nước Nóng Bình Châu,5,0.0714,1.0,2.1875,manh,70,1.0,day_level,0.5979
vung_tau,Khu Giếng Trời Bình Châu,Suối Nước Nóng Bình Châu,5,0.0714,1.0,2.1875,manh,70,1.0,day_level,0.5979
vung_tau,Niết Bàn Tịnh Xá,Hồ Mây,3,0.0429,0.75,10.5,manh,70,1.0,day_level,0.595
vung_tau,Mũi Nghinh Phong,Bãi Sau,3,0.0429,0.75,10.5,manh,70,1.0,day_level,0.595
vung_tau,Núi Minh Đạm,Dinh Cô,9,0.1286,0.6429,2.8125,manh,70,1.0,day_level,0.593
vung_tau,Công Viên Rừng Minera,Biển Hồ Tràm,3,0.0429,1.0,3.8889,manh,70,1.0,day_level,0.5756
vung_tau,Dinh Cô,Núi Minh Đạm,9,0.1286,0.5625,2.8125,manh,70,1.0,day_level,0.5689
vung_tau,Núi Minh Đạm,Đảo Long Sơn,8,0.1143,0.5714,4.0,manh,70,1.0,day_level,0.5652
vung_tau,Núi Minh Đạm,Đồi Cừu Suối Nghệ,8,0.1143,0.5714,4.0,manh,70,1.0,day_level,0.5652
vung_tau,Công Viên Rừng Minera,Suối Nước Nóng Bình Châu,3,0.0429,1.0,2.1875,manh,70,1.0,day_level,0.5513
vung_tau,Hồ Mây,Niết Bàn Tịnh Xá,3,0.0429,0.6,10.5,manh,70,1.0,day_level,0.55
vung_tau,Bãi Sau,Mũi Nghinh Phong,3,0.0429,0.6,10.5,manh,70,1.0,day_level,0.55
vung_tau,Dinh Cô,Đảo Long Sơn,8,0.1143,0.5,3.5,manh,70,1.0,day_level,0.5367
vung_tau,Núi Minh Đạm,Nông Trại Cừu,8,0.1143,0.5714,1.8182,manh,70,1.0,day_level,0.5341
vung_tau,Bãi Sau,Bạch Dinh,3,0.0429,0.6,8.4,manh,70,1.0,day_level,0.52
vung_tau,Bạch Dinh,Bãi Sau,3,0.0429,0.6,8.4,manh,70,1.0,day_level,0.52
vung_tau,Dinh Cô,Suối Nước Nóng Bình Châu,8,0.1143,0.5,1.0938,manh,70,1.0,day_level,0.5023
vung_tau,Biển Tropicana,Biển Hồ Tràm,3,0.0429,0.75,2.9167,manh,70,1.0,day_level,0.4867
vung_tau,Hồ Suối Mơ Bình Châu,Nông Trại Cừu,3,0.0429,0.6,1.9091,manh,70,1.0,day_level,0.4273
vung_tau,Khu Giếng Trời Bình Châu,Nông Trại Cừu,3,0.0429,0.6,1.9091,manh,70,1.0,day_level,0.4273
vung_tau,Biển Long Hải,Dinh Cô,4,0.0571,0.5,2.1875,manh,70,1.0,day_level,0.4246
vung_tau,Biển Long Hải,Nông Trại Cừu,4,0.0571,0.5,1.5909,manh,70,1.0,day_level,0.4161
vung_tau,Thiền Viện Thường Chiếu,Đại Tòng Lâm,2,0.0286,1.0,11.6667,tham_khao,70,1.0,day_level,0.6633
vung_tau,Bãi Biển 298,Biển Long Hải,2,0.0286,1.0,8.75,tham_khao,70,1.0,day_level,0.6217
vung_tau,Suối Đá,Biển Long Hải,2,0.0286,1.0,8.75,tham_khao,70,1.0,day_level,0.6217
vung_tau,Suối Đá,Đồi Cừu Suối Nghệ,2,0.0286,1.0,7.0,tham_khao,70,1.0,day_level,0.5967
vung_tau,Ngọn Hải Đăng Vũng Tàu,Niết Bàn Tịnh Xá,2,0.0286,0.6667,11.6667,tham_khao,70,1.0,day_level,0.5633
vung_tau,Lăng Cá Ông,Mũi Nghinh Phong,2,0.0286,0.6667,11.6667,tham_khao,70,1.0,day_level,0.5633
vung_tau,Suối Đá,Dinh Cô,2,0.0286,1.0,4.375,tham_khao,70,1.0,day_level,0.5592
vung_tau,Cầu Ngắm Biển Hamptons,Biển Hồ Tràm,2,0.0286,1.0,3.8889,tham_khao,70,1.0,day_level,0.5522
vung_tau,Suối Đá,Biển Hồ Tràm,2,0.0286,1.0,3.8889,tham_khao,70,1.0,day_level,0.5522
vung_tau,Cầu Ngắm Biển Hamptons,Nông Trại Cừu,2,0.0286,1.0,3.1818,tham_khao,70,1.0,day_level,0.5421
vung_tau,Suối Đá,Nông Trại Cừu,2,0.0286,1.0,3.1818,tham_khao,70,1.0,day_level,0.5421
vung_tau,Ngọn Hải Đăng Vũng Tàu,Bạch Dinh,2,0.0286,0.6667,9.3333,tham_khao,70,1.0,day_level,0.53
vung_tau,Lăng Cá Ông,Bãi Sau,2,0.0286,0.6667,9.3333,tham_khao,70,1.0,day_level,0.53
vung_tau,Lăng Cá Ông,Bạch Dinh,2,0.0286,0.6667,9.3333,tham_khao,70,1.0,day_level,0.53
vung_tau,Niết Bàn Tịnh Xá,Ngọn Hải Đăng Vũng Tàu,2,0.0286,0.5,11.6667,tham_khao,70,1.0,day_level,0.5133
vung_tau,Mũi Nghinh Phong,Lăng Cá Ông,2,0.0286,0.5,11.6667,tham_khao,70,1.0,day_level,0.5133
vung_tau,Niết Bàn Tịnh Xá,Tượng Chúa Kitô,2,0.0286,0.5,7.0,tham_khao,70,1.0,day_level,0.4467
vung_tau,Biển Tropicana,Đảo Long Sơn,2,0.0286,0.5,3.5,tham_khao,70,1.0,day_level,0.3967
vung_tau,Suối Nước Nóng Bình Châu,Nông Trại Cừu,13,0.325,0.5909,1.1255,manh,40,1.0,tour_level,0.6998
vung_tau,Nông Trại Cừu,Núi Minh Đạm,11,0.275,0.5238,1.4966,manh,40,1.0,tour_level,0.6332
vung_tau,Suối Nước Nóng Bình Châu,Biển Hồ Cốc,11,0.275,0.5,1.8182,manh,40,1.0,tour_level,0.6325
vung_tau,Biển Hồ Tràm,Suối Nước Nóng Bình Châu,7,0.175,0.7778,1.4141,manh,40,0.9571,tour_level,0.5936
vung_tau,Ngọn Hải Đăng Vũng Tàu,Suối Nước Nóng Bình Châu,3,0.075,1.0,1.8182,manh,40,1.0,tour_level,0.5671
vung_tau,Biển Hồ Cốc,Nông Trại Cừu,7,0.175,0.6364,1.2121,manh,40,1.0,tour_level,0.5536
vung_tau,Biển Tropicana,Nông Trại Cừu,3,0.075,0.75,1.4286,manh,40,1.0,tour_level,0.4843
vung_tau,Tượng Chúa Kitô,Niết Bàn Tịnh Xá,3,0.075,0.5,4.0,manh,40,0.9,tour_level,0.4458
vung_tau,Bãi Sau,Dinh Cô,3,0.075,0.6,1.5,manh,40,1.0,tour_level,0.4408
vung_tau,Hồ Mây,Nông Trại Cừu,3,0.075,0.6,1.1429,manh,40,1.0,tour_level,0.4336
vung_tau,Niết Bàn Tịnh Xá,Nông Trại Cừu,3,0.075,0.6,1.1429,manh,40,1.0,tour_level,0.4336
vung_tau,Hồ Mây,Suối Nước Nóng Bình Châu,3,0.075,0.6,1.0909,manh,40,1.0,tour_level,0.4326
vung_tau,Suối Đá,Biển Tropicana,2,0.05,1.0,10.0,tham_khao,40,1.0,tour_level,0.7038
vung_tau,Bãi Dâu,Đại Tòng Lâm,2,0.05,1.0,6.6667,tham_khao,40,1.0,tour_level,0.6372
vung_tau,Suối Đá,Đảo Long Sơn,2,0.05,1.0,4.0,tham_khao,40,1.0,tour_level,0.5838
vung_tau,Biển Tropicana,Suối Đá,2,0.05,0.5,10.0,tham_khao,40,1.0,tour_level,0.5538
vung_tau,Cầu Ngắm Biển Hamptons,Suối Nước Nóng Bình Châu,2,0.05,1.0,1.8182,tham_khao,40,1.0,tour_level,0.5402
vung_tau,Ngọn Hải Đăng Vũng Tàu,Hồ Suối Mơ Bình Châu,2,0.05,0.6667,5.3333,tham_khao,40,1.0,tour_level,0.5105
vung_tau,Ngọn Hải Đăng Vũng Tàu,Khu Giếng Trời Bình Châu,2,0.05,0.6667,5.3333,tham_khao,40,1.0,tour_level,0.5105
vung_tau,Thích Ca Phật Đài,Niết Bàn Tịnh Xá,2,0.05,0.6667,5.3333,tham_khao,40,0.85,tour_level,0.488
vung_tau,Ngọn Hải Đăng Vũng Tàu,Biển Hồ Cốc,2,0.05,0.6667,2.4242,tham_khao,40,1.0,tour_level,0.4523
vung_tau,KDL Biển Đông,Núi Minh Đạm,2,0.05,0.6667,1.9048,tham_khao,40,1.0,tour_level,0.442
vung_tau,KDL Biển Đông,Dinh Cô,2,0.05,0.6667,1.6667,tham_khao,40,1.0,tour_level,0.4372
vung_tau,Ngọn Hải Đăng Vũng Tàu,Nông Trại Cừu,2,0.05,0.6667,1.2698,tham_khao,40,1.0,tour_level,0.4293
vung_tau,KDL Biển Đông,Nông Trại Cừu,2,0.05,0.6667,1.2698,tham_khao,40,1.0,tour_level,0.4293
vung_tau,Marina Vũng Tàu,Tượng Chúa Kitô,2,0.05,0.5,3.3333,tham_khao,40,1.0,tour_level,0.4205
vung_tau,Biển Tropicana,Biển Long Hải,2,0.05,0.5,2.8571,tham_khao,40,1.0,tour_level,0.411
vung_tau,Biển Tropicana,Đồi Cừu Suối Nghệ,2,0.05,0.5,2.0,tham_khao,40,1.0,tour_level,0.3938
vung_tau,Biển Tropicana,Dinh Cô,2,0.05,0.5,1.25,tham_khao,40,1.0,tour_level,0.3788
da_nang_hue_hoi_an,Chùa Linh Ứng Sơn Trà,Phố Cổ Hội An,73,0.2992,0.73,1.2456,manh,244,1.0,day_level,0.7404
da_nang_hue_hoi_an,Chùa Cầu Hội An,Phố Cổ Hội An,50,0.2049,1.0,1.7063,manh,244,1.0,day_level,0.7191
da_nang_hue_hoi_an,Cầu Vàng,Bà Nà Hills,43,0.1762,1.0,2.7111,manh,244,1.0,day_level,0.7028
da_nang_hue_hoi_an,Đại Nội Huế,Chùa Thiên Mụ,30,0.123,0.9375,6.9318,manh,244,1.0,day_level,0.6944
da_nang_hue_hoi_an,Bán Đảo Sơn Trà,Phố Cổ Hội An,56,0.2295,0.8358,1.4262,manh,244,1.0,day_level,0.6938
da_nang_hue_hoi_an,Làng Hương Thủy Xuân,Lăng Tự Đức,9,0.0369,1.0,11.619,manh,244,1.0,day_level,0.6932
da_nang_hue_hoi_an,Chùa Thiên Mụ,Đại Nội Huế,30,0.123,0.9091,6.9318,manh,244,1.0,day_level,0.6859
da_nang_hue_hoi_an,Lăng Minh Mạng,Lăng Tự Đức,7,0.0287,1.0,11.619,manh,244,1.0,day_level,0.6836
da_nang_hue_hoi_an,Hội Quán Phúc Kiến,Chùa Cầu Hội An,32,0.1311,0.9697,4.7321,manh,244,1.0,day_level,0.6758
da_nang_hue_hoi_an,Bán Đảo Sơn Trà,Chùa Linh Ứng Sơn Trà,53,0.2172,0.791,1.9301,manh,244,1.0,day_level,0.6746
da_nang_hue_hoi_an,Phố Cổ Hội An,Chùa Linh Ứng Sơn Trà,73,0.2992,0.5105,1.2456,manh,244,1.0,day_level,0.6746
da_nang_hue_hoi_an,Bà Nà Hills,Chùa Linh Ứng Sơn Trà,59,0.2418,0.6556,1.5996,manh,244,1.0,day_level,0.6571
da_nang_hue_hoi_an,Biển Mỹ Khê,Chùa Linh Ứng Sơn Trà,45,0.1844,0.8333,2.0333,manh,244,1.0,day_level,0.6507
da_nang_hue_hoi_an,Nhà Cổ Tấn Ký,Hội Quán Phúc Kiến,24,0.0984,0.8889,6.5724,manh,244,1.0,day_level,0.6449
da_nang_hue_hoi_an,Nhà Cổ Tấn Ký,Chùa Cầu Hội An,26,0.1066,0.963,4.6993,manh,244,1.0,day_level,0.6444
da_nang_hue_hoi_an,Ngũ Hành Sơn,Phố Cổ Hội An,37,0.1516,0.9487,1.6188,manh,244,1.0,day_level,0.6399
da_nang_hue_hoi_an,Hội Quán Phúc Kiến,Phố Cổ Hội An,33,0.1352,1.0,1.7063,manh,244,1.0,day_level,0.6376
da_nang_hue_hoi_an,Chùa Linh Ứng Sơn Trà,Bà Nà Hills,59,0.2418,0.59,1.5996,manh,244,1.0,day_level,0.6374
da_nang_hue_hoi_an,Biển Cửa Đại,Cù Lao Chàm,14,0.0574,0.9333,7.8529,manh,244,1.0,day_level,0.6323
da_nang_hue_hoi_an,Bà Nà Hills,Phố Cổ Hội An,56,0.2295,0.6222,1.0617,manh,244,1.0,day_level,0.6234
da_nang_hue_hoi_an,Nhà Cổ Tấn Ký,Phố Cổ Hội An,27,0.1107,1.0,1.7063,manh,244,1.0,day_level,0.6088
da_nang_hue_hoi_an,Hội Quán Phúc Kiến,Nhà Cổ Tấn Ký,24,0.0984,0.7273,6.5724,manh,244,1.0,day_level,0.5964
da_nang_hue_hoi_an,Chùa Linh Ứng Sơn Trà,Bán Đảo Sơn Trà,53,0.2172,0.53,1.9301,manh,244,1.0,day_level,0.5963
da_nang_hue_hoi_an,Cầu Rồng,Cầu Tình Yêu Đà Nẵng,16,0.0656,0.7273,8.0661,manh,244,1.0,day_level,0.5837
da_nang_hue_hoi_an,Cầu Tình Yêu Đà Nẵng,Cầu Rồng,16,0.0656,0.7273,8.0661,manh,244,1.0,day_level,0.5837
da_nang_hue_hoi_an,Chùa Cầu Hội An,Hội Quán Phúc Kiến,32,0.1311,0.64,4.7321,manh,244,1.0,day_level,0.5769
da_nang_hue_hoi_an,Cầu Vàng,Chùa Linh Ứng Sơn Trà,33,0.1352,0.7674,1.8726,manh,244,1.0,day_level,0.5707
da_nang_hue_hoi_an,Biển An Bàng,Thánh Địa La Vang,5,0.0205,0.8333,8.4722,manh,244,1.0,day_level,0.5698
da_nang_hue_hoi_an,Rừng Dừa Bảy Mẫu,Chùa Thiên Mụ,23,0.0943,0.7188,5.3144,manh,244,1.0,day_level,0.5674
da_nang_hue_hoi_an,Lăng Minh Mạng,Lăng Khải Định,5,0.0205,0.7143,10.2521,manh,244,1.0,day_level,0.5647
da_nang_hue_hoi_an,Chùa Thiên Mụ,Rừng Dừa Bảy Mẫu,23,0.0943,0.697,5.3144,manh,244,1.0,day_level,0.5609
da_nang_hue_hoi_an,Chùa Cầu Hội An,Chùa Linh Ứng Sơn Trà,35,0.1434,0.7,1.708,manh,244,1.0,day_level,0.5572
da_nang_hue_hoi_an,Sông Hoài,Chùa Cầu Hội An,3,0.0123,1.0,4.88,manh,244,1.0,day_level,0.5484
da_nang_hue_hoi_an,Chùa Cầu Hội An,Bán Đảo Sơn Trà,33,0.1352,0.66,2.4036,manh,244,1.0,day_level,0.5476
da_nang_hue_hoi_an,Lăng Minh Mạng,Chùa Thiên Mụ,6,0.0246,0.8571,6.3377,manh,244,1.0,day_level,0.545
da_nang_hue_hoi_an,Hội Quán Phúc Kiến,Chùa Linh Ứng Sơn Trà,26,0.1066,0.7879,1.9224,manh,244,1.0,day_level,0.5441
da_nang_hue_hoi_an,Biển Mỹ Khê,Phố Cổ Hội An,36,0.1475,0.6667,1.1375,manh,244,1.0,day_level,0.5422
da_nang_hue_hoi_an,Rừng Dừa Bảy Mẫu,Đại Nội Huế,21,0.0861,0.6562,5.0039,manh,244,1.0,day_level,0.5337
da_nang_hue_hoi_an,Đại Nội Huế,Rừng Dừa Bảy Mẫu,21,0.0861,0.6562,5.0039,manh,244,1.0,day_level,0.5337
da_nang_hue_hoi_an,Sông Hương,Chùa Thiên Mụ,18,0.0738,0.6923,5.1189,manh,244,1.0,day_level,0.5321
da_nang_hue_hoi_an,Hội Quán Phúc Kiến,Bán Đảo Sơn Trà,24,0.0984,0.7273,2.6486,manh,244,1.0,day_level,0.5288
da_nang_hue_hoi_an,Biển Cửa Đại,Phố Cổ Hội An,14,0.0574,0.9333,1.5925,manh,244,1.0,day_level,0.5245
da_nang_hue_hoi_an,Phá Tam Giang,Chùa Thiên Mụ,9,0.0369,0.75,5.5455,manh,244,1.0,day_level,0.5136
da_nang_hue_hoi_an,Sông Hương,Đại Nội Huế,17,0.0697,0.6538,4.9856,manh,244,1.0,day_level,0.5135
da_nang_hue_hoi_an,Chùa Cầu Hội An,Nhà Cổ Tấn Ký,26,0.1066,0.52,4.6993,manh,244,1.0,day_level,0.5115
da_nang_hue_hoi_an,Biển Mỹ Khê,Bán Đảo Sơn Trà,31,0.127,0.5741,2.0907,manh,244,1.0,day_level,0.5068
da_nang_hue_hoi_an,Cù Lao Chàm,Phố Cổ Hội An,22,0.0902,0.7586,1.2944,manh,244,1.0,day_level,0.5053
da_nang_hue_hoi_an,Ngũ Hành Sơn,Chùa Linh Ứng Sơn Trà,26,0.1066,0.6667,1.6267,manh,244,1.0,day_level,0.5027
da_nang_hue_hoi_an,Nhà Cổ Tấn Ký,Chùa Linh Ứng Sơn Trà,20,0.082,0.7407,1.8074,manh,244,1.0,day_level,0.4992
da_nang_hue_hoi_an,Sông Hoài,Phố Cổ Hội An,3,0.0123,1.0,1.7063,manh,244,1.0,day_level,0.4938
da_nang_hue_hoi_an,Chùa Thiên Mụ,Sông Hương,18,0.0738,0.5455,5.1189,manh,244,1.0,day_level,0.4881
da_nang_hue_hoi_an,Lăng Minh Mạng,Đại Nội Huế,5,0.0205,0.7143,5.4464,manh,244,1.0,day_level,0.482
da_nang_hue_hoi_an,Nhà Cổ Tấn Ký,Bán Đảo Sơn Trà,18,0.0738,0.6667,2.4279,manh,244,1.0,day_level,0.4781
da_nang_hue_hoi_an,Đại Nội Huế,Sông Hương,17,0.0697,0.5312,4.9856,manh,244,1.0,day_level,0.4767
da_nang_hue_hoi_an,Phá Tam Giang,Đại Nội Huế,8,0.0328,0.6667,5.0833,manh,244,1.0,day_level,0.4759
da_nang_hue_hoi_an,Biển Mỹ Khê,Bà Nà Hills,29,0.1189,0.537,1.456,manh,244,1.0,day_level,0.4752
da_nang_hue_hoi_an,Cầu Vàng,Phố Cổ Hội An,26,0.1066,0.6047,1.0317,manh,244,1.0,day_level,0.4738
da_nang_hue_hoi_an,Ngũ Hành Sơn,Chùa Cầu Hội An,22,0.0902,0.5641,2.7528,manh,244,1.0,day_level,0.4721
da_nang_hue_hoi_an,Cầu Tình Yêu Đà Nẵng,Phố Cổ Hội An,16,0.0656,0.7273,1.2409,manh,244,1.0,day_level,0.4663
da_nang_hue_hoi_an,Đèo Hải Vân,Chùa Thiên Mụ,11,0.0451,0.6111,4.5185,manh,244,1.0,day_level,0.4638
da_nang_hue_hoi_an,Hội Quán Phúc Kiến,Ngũ Hành Sơn,18,0.0738,0.5455,3.4126,manh,244,1.0,day_level,0.4587
da_nang_hue_hoi_an,Đèo Hải Vân,Sông Hương,10,0.041,0.5556,5.2137,manh,244,1.0,day_level,0.4544
da_nang_hue_hoi_an,Phá Tam Giang,Sông Hương,7,0.0287,0.5833,5.4744,manh,244,1.0,day_level,0.4528
da_nang_hue_hoi_an,Ngũ Hành Sơn,Bán Đảo Sơn Trà,21,0.0861,0.5385,1.961,manh,244,1.0,day_level,0.446
da_nang_hue_hoi_an,Đèo Hải Vân,Đại Nội Huế,10,0.041,0.5556,4.2361,manh,244,1.0,day_level,0.4375
da_nang_hue_hoi_an,Chợ Đông Ba,Bán Đảo Sơn Trà,13,0.0533,0.619,2.2544,manh,244,1.0,day_level,0.4368
da_nang_hue_hoi_an,Chợ Đông Ba,Phố Cổ Hội An,14,0.0574,0.6667,1.1375,manh,244,1.0,day_level,0.4367
da_nang_hue_hoi_an,Lăng Minh Mạng,Sông Hương,4,0.0164,0.5714,5.3626,manh,244,1.0,day_level,0.4329
da_nang_hue_hoi_an,Sông Hương,Rừng Dừa Bảy Mẫu,13,0.0533,0.5,3.8125,manh,244,1.0,day_level,0.428
da_nang_hue_hoi_an,Núi Thần Tài,Bà Nà Hills,7,0.0287,0.7,1.8978,manh,244,1.0,day_level,0.4262
da_nang_hue_hoi_an,Chợ Đông Ba,Chùa Linh Ứng Sơn Trà,13,0.0533,0.619,1.5105,manh,244,1.0,day_level,0.424
da_nang_hue_hoi_an,Nhà Cổ Tấn Ký,Biển Mỹ Khê,14,0.0574,0.5185,2.3429,manh,244,1.0,day_level,0.413
da_nang_hue_hoi_an,Đèo Hải Vân,Rừng Dừa Bảy Mẫu,9,0.0369,0.5,3.8125,manh,244,1.0,day_level,0.4088
da_nang_hue_hoi_an,Chợ Đông Ba,Biển Mỹ Khê,11,0.0451,0.5238,2.3668,manh,244,1.0,day_level,0.4006
da_nang_hue_hoi_an,Cầu Tình Yêu Đà Nẵng,Bà Nà Hills,12,0.0492,0.5455,1.4788,manh,244,1.0,day_level,0.3966
da_nang_hue_hoi_an,Núi Thần Tài,Chùa Linh Ứng Sơn Trà,6,0.0246,0.6,1.464,manh,244,1.0,day_level,0.384
da_nang_hue_hoi_an,Núi Thần Tài,Phố Cổ Hội An,6,0.0246,0.6,1.0238,manh,244,1.0,day_level,0.3764
da_nang_hue_hoi_an,Cầu Rồng,Bà Nà Hills,11,0.0451,0.5,1.3556,manh,244,1.0,day_level,0.3761
da_nang_hue_hoi_an,Đồi Vọng Cảnh,Bán Đảo Sơn Trà,2,0.0082,1.0,3.6418,tham_khao,244,1.0,day_level,0.5223
da_nang_hue_hoi_an,Sông Hoài,Ngũ Hành Sơn,2,0.0082,0.6667,4.1709,tham_khao,244,1.0,day_level,0.4314
da_nang_hue_hoi_an,Sông Hoài,Bán Đảo Sơn Trà,2,0.0082,0.6667,2.4279,tham_khao,244,1.0,day_level,0.4014
da_nang_hue_hoi_an,Sông Hoài,Chùa Linh Ứng Sơn Trà,2,0.0082,0.6667,1.6267,tham_khao,244,1.0,day_level,0.3876
da_nang_hue_hoi_an,Phố Cổ Hội An,Bà Nà Hills,57,0.6951,0.8143,1.077,manh,82,1.0,tour_level,0.7568
da_nang_hue_hoi_an,Bán Đảo Sơn Trà,Bà Nà Hills,44,0.5366,0.8462,1.1191,manh,82,1.0,tour_level,0.6932
da_nang_hue_hoi_an,Phố Cổ Hội An,Chùa Cầu Hội An,50,0.6098,0.7143,1.1714,manh,82,1.0,tour_level,0.6897
da_nang_hue_hoi_an,Phố Cổ Hội An,Bán Đảo Sơn Trà,50,0.6098,0.7143,1.1264,manh,82,1.0,tour_level,0.6883
da_nang_hue_hoi_an,Thánh Địa La Vang,Chùa Thiên Mụ,24,0.2927,1.0,2.4848,manh,82,1.0,tour_level,0.6695
da_nang_hue_hoi_an,Bán Đảo Sơn Trà,Biển Mỹ Khê,41,0.5,0.7885,1.4055,manh,82,1.0,tour_level,0.6681
da_nang_hue_hoi_an,Chùa Cầu Hội An,Bà Nà Hills,41,0.5,0.82,1.0845,manh,82,1.0,tour_level,0.667
da_nang_hue_hoi_an,Bán Đảo Sơn Trà,Chùa Cầu Hội An,41,0.5,0.7885,1.2931,manh,82,1.0,tour_level,0.6644
da_nang_hue_hoi_an,Cầu Vàng,Biển Mỹ Khê,36,0.439,0.8372,1.4924,manh,82,1.0,tour_level,0.6569
da_nang_hue_hoi_an,Sông Hương,Thánh Địa La Vang,22,0.2683,0.9167,3.1319,manh,82,1.0,tour_level,0.6544
da_nang_hue_hoi_an,Thánh Địa La Vang,Sông Hương,22,0.2683,0.9167,3.1319,manh,82,1.0,tour_level,0.6544
da_nang_hue_hoi_an,Bà Nà Hills,Bán Đảo Sơn Trà,44,0.5366,0.7097,1.1191,manh,82,1.0,tour_level,0.6522
da_nang_hue_hoi_an,Thánh Địa La Vang,Đại Nội Huế,23,0.2805,0.9583,2.4557,manh,82,1.0,tour_level,0.6503
da_nang_hue_hoi_an,Phố Cổ Hội An,Biển Mỹ Khê,46,0.561,0.6571,1.1714,manh,82,1.0,tour_level,0.6496
da_nang_hue_hoi_an,Bà Nà Hills,Cầu Vàng,43,0.5244,0.6935,1.3226,manh,82,1.0,tour_level,0.6483
da_nang_hue_hoi_an,Bà Nà Hills,Biển Mỹ Khê,43,0.5244,0.6935,1.2363,manh,82,1.0,tour_level,0.6455
da_nang_hue_hoi_an,Chùa Linh Ứng Sơn Trà,Chùa Cầu Hội An,45,0.5488,0.6618,1.0853,manh,82,1.0,tour_level,0.6425
da_nang_hue_hoi_an,Biển Mỹ Khê,Cầu Vàng,36,0.439,0.7826,1.4924,manh,82,1.0,tour_level,0.6405
da_nang_hue_hoi_an,Biển Mỹ Khê,Chùa Cầu Hội An,36,0.439,0.7826,1.2835,manh,82,1.0,tour_level,0.6336
da_nang_hue_hoi_an,Nhà Cổ Tấn Ký,Bà Nà Hills,26,0.3171,0.963,1.2736,manh,82,1.0,tour_level,0.63
da_nang_hue_hoi_an,Lăng Khải Định,Chùa Thiên Mụ,17,0.2073,1.0,2.4848,manh,82,1.0,tour_level,0.6294
da_nang_hue_hoi_an,Lăng Tự Đức,Chùa Thiên Mụ,20,0.2439,0.9524,2.3665,manh,82,1.0,tour_level,0.6284
da_nang_hue_hoi_an,Chùa Linh Ứng Sơn Trà,Biển Mỹ Khê,43,0.5244,0.6324,1.1272,manh,82,1.0,tour_level,0.6236
da_nang_hue_hoi_an,Đại Nội Huế,Phố Cổ Hội An,29,0.3537,0.9062,1.0616,manh,82,1.0,tour_level,0.6232
da_nang_hue_hoi_an,Bà Nà Hills,Chùa Cầu Hội An,41,0.5,0.6613,1.0845,manh,82,1.0,tour_level,0.6193
da_nang_hue_hoi_an,Hội Quán Phúc Kiến,Bà Nà Hills,29,0.3537,0.8788,1.1623,manh,82,1.0,tour_level,0.6183
da_nang_hue_hoi_an,Chùa Cầu Hội An,Biển Mỹ Khê,36,0.439,0.72,1.2835,manh,82,1.0,tour_level,0.6148
da_nang_hue_hoi_an,Chùa Thiên Mụ,Phố Cổ Hội An,29,0.3537,0.8788,1.0294,manh,82,1.0,tour_level,0.6139
da_nang_hue_hoi_an,Cầu Vàng,Bán Đảo Sơn Trà,33,0.4024,0.7674,1.2102,manh,82,1.0,tour_level,0.6094
da_nang_hue_hoi_an,Chùa Linh Ứng Sơn Trà,Cầu Vàng,41,0.5,0.6029,1.1498,manh,82,1.0,tour_level,0.604
da_nang_hue_hoi_an,Cù Lao Chàm,Biển Cửa Đại,14,0.1707,0.7778,4.2519,manh,82,1.0,tour_level,0.6037
da_nang_hue_hoi_an,Lăng Khải Định,Đại Nội Huế,16,0.1951,0.9412,2.4118,manh,82,1.0,tour_level,0.6036
da_nang_hue_hoi_an,Rừng Dừa Bảy Mẫu,Phố Cổ Hội An,26,0.3171,0.8966,1.0502,manh,82,1.0,tour_level,0.6027
da_nang_hue_hoi_an,Phố Cổ Hội An,Cầu Vàng,41,0.5,0.5857,1.1169,manh,82,1.0,tour_level,0.5977
da_nang_hue_hoi_an,Làng Hương Thủy Xuân,Rừng Dừa Bảy Mẫu,9,0.1098,1.0,2.8276,manh,82,1.0,tour_level,0.5947
da_nang_hue_hoi_an,Cầu Rồng,Chùa Linh Ứng Sơn Trà,21,0.2561,0.9545,1.1511,manh,82,1.0,tour_level,0.5947
da_nang_hue_hoi_an,Cầu Tình Yêu Đà Nẵng,Chùa Linh Ứng Sơn Trà,21,0.2561,0.9545,1.1511,manh,82,1.0,tour_level,0.5947
da_nang_hue_hoi_an,Cầu Rồng,Phố Cổ Hội An,21,0.2561,0.9545,1.1182,manh,82,1.0,tour_level,0.5937
da_nang_hue_hoi_an,Đại Nội Huế,Chùa Linh Ứng Sơn Trà,27,0.3293,0.8438,1.0175,manh,82,1.0,tour_level,0.5916
da_nang_hue_hoi_an,Chùa Thiên Mụ,Thánh Địa La Vang,24,0.2927,0.7273,2.4848,manh,82,1.0,tour_level,0.5877
da_nang_hue_hoi_an,Sông Hương,Phố Cổ Hội An,22,0.2683,0.9167,1.0738,manh,82,1.0,tour_level,0.5866
da_nang_hue_hoi_an,Cầu Rồng,Chùa Cầu Hội An,20,0.2439,0.9091,1.4909,manh,82,1.0,tour_level,0.5866
da_nang_hue_hoi_an,Cầu Rồng,Bán Đảo Sơn Trà,20,0.2439,0.9091,1.4336,manh,82,1.0,tour_level,0.5847
da_nang_hue_hoi_an,Cầu Tình Yêu Đà Nẵng,Bán Đảo Sơn Trà,20,0.2439,0.9091,1.4336,manh,82,1.0,tour_level,0.5847
da_nang_hue_hoi_an,Làng Hương Thủy Xuân,Chùa Thiên Mụ,9,0.1098,1.0,2.4848,manh,82,1.0,tour_level,0.5835
da_nang_hue_hoi_an,Lăng Tự Đức,Đại Nội Huế,18,0.2195,0.8571,2.1964,manh,82,1.0,tour_level,0.5827
da_nang_hue_hoi_an,Đèo Hải Vân,Phố Cổ Hội An,16,0.1951,1.0,1.1714,manh,82,1.0,tour_level,0.5804
da_nang_hue_hoi_an,Đại Nội Huế,Thánh Địa La Vang,23,0.2805,0.7188,2.4557,manh,82,1.0,tour_level,0.5785
da_nang_hue_hoi_an,Đại Nội Huế,Bà Nà Hills,26,0.3171,0.8125,1.0746,manh,82,1.0,tour_level,0.5783
da_nang_hue_hoi_an,Biển An Bàng,Làng Hương Thủy Xuân,4,0.0488,0.6667,6.0741,manh,82,1.0,tour_level,0.573
da_nang_hue_hoi_an,Sông Hương,Bà Nà Hills,21,0.2561,0.875,1.1573,manh,82,1.0,tour_level,0.5711
da_nang_hue_hoi_an,Chùa Thiên Mụ,Bà Nà Hills,26,0.3171,0.7879,1.042,manh,82,1.0,tour_level,0.5699
da_nang_hue_hoi_an,Bán Đảo Sơn Trà,Cầu Vàng,33,0.4024,0.6346,1.2102,manh,82,1.0,tour_level,0.5696
da_nang_hue_hoi_an,Cầu Vàng,Chùa Cầu Hội An,30,0.3659,0.6977,1.1442,manh,82,1.0,tour_level,0.5691
da_nang_hue_hoi_an,Sông Hương,Chùa Linh Ứng Sơn Trà,21,0.2561,0.875,1.0551,manh,82,1.0,tour_level,0.5677
da_nang_hue_hoi_an,Thánh Địa La Vang,Phố Cổ Hội An,21,0.2561,0.875,1.025,manh,82,1.0,tour_level,0.5667
da_nang_hue_hoi_an,Hội Quán Phúc Kiến,Biển Mỹ Khê,25,0.3049,0.7576,1.3505,manh,82,1.0,tour_level,0.5652
da_nang_hue_hoi_an,Cầu Tình Yêu Đà Nẵng,Chùa Cầu Hội An,19,0.2317,0.8636,1.4164,manh,82,1.0,tour_level,0.5647
da_nang_hue_hoi_an,Làng Hương Thủy Xuân,Sông Hương,8,0.0976,0.8889,3.037,manh,82,1.0,tour_level,0.5626
da_nang_hue_hoi_an,Làng Hương Thủy Xuân,Thánh Địa La Vang,8,0.0976,0.8889,3.037,manh,82,1.0,tour_level,0.5626
da_nang_hue_hoi_an,Đèo Hải Vân,Bà Nà Hills,15,0.1829,0.9375,1.2399,manh,82,1.0,tour_level,0.5581
da_nang_hue_hoi_an,Làng Hương Thủy Xuân,Đèo Hải Vân,7,0.0854,0.7778,3.9861,manh,82,1.0,tour_level,0.5548
da_nang_hue_hoi_an,Đèo Hải Vân,Chùa Linh Ứng Sơn Trà,15,0.1829,0.9375,1.1305,manh,82,1.0,tour_level,0.5545
da_nang_hue_hoi_an,Thánh Địa La Vang,Bà Nà Hills,20,0.2439,0.8333,1.1022,manh,82,1.0,tour_level,0.551
da_nang_hue_hoi_an,Thánh Địa La Vang,Rừng Dừa Bảy Mẫu,18,0.2195,0.75,2.1207,manh,82,1.0,tour_level,0.5481
da_nang_hue_hoi_an,Thánh Địa La Vang,Chùa Linh Ứng Sơn Trà,20,0.2439,0.8333,1.0049,manh,82,1.0,tour_level,0.5478
da_nang_hue_hoi_an,Cù Lao Chàm,Chùa Linh Ứng Sơn Trà,16,0.1951,0.8889,1.0719,manh,82,1.0,tour_level,0.5438
da_nang_hue_hoi_an,Lăng Tự Đức,Phố Cổ Hội An,18,0.2195,0.8571,1.0041,manh,82,1.0,tour_level,0.5435
da_nang_hue_hoi_an,Lăng Khải Định,Sông Hương,13,0.1585,0.7647,2.6127,manh,82,1.0,tour_level,0.54
da_nang_hue_hoi_an,Chùa Cầu Hội An,Cầu Vàng,30,0.3659,0.6,1.1442,manh,82,1.0,tour_level,0.5398
da_nang_hue_hoi_an,Làng Hương Thủy Xuân,Đại Nội Huế,8,0.0976,0.8889,2.2778,manh,82,1.0,tour_level,0.5376
da_nang_hue_hoi_an,Rừng Dừa Bảy Mẫu,Bà Nà Hills,22,0.2683,0.7586,1.0033,manh,82,1.0,tour_level,0.5368
da_nang_hue_hoi_an,Đại Nội Huế,Chùa Cầu Hội An,23,0.2805,0.7188,1.1787,manh,82,1.0,tour_level,0.5364
da_nang_hue_hoi_an,Chợ Đông Ba,Nhà Cổ Tấn Ký,15,0.1829,0.75,2.2778,manh,82,1.0,tour_level,0.5361
da_nang_hue_hoi_an,Lăng Khải Định,Phố Cổ Hội An,15,0.1829,0.8824,1.0336,manh,82,1.0,tour_level,0.5348
da_nang_hue_hoi_an,Ngũ Hành Sơn,Biển Mỹ Khê,24,0.2927,0.6857,1.2224,manh,82,1.0,tour_level,0.5337
da_nang_hue_hoi_an,Cầu Tình Yêu Đà Nẵng,Nhà Cổ Tấn Ký,16,0.1951,0.7273,2.2088,manh,82,1.0,tour_level,0.5327
da_nang_hue_hoi_an,Lăng Tự Đức,Sông Hương,15,0.1829,0.7143,2.4405,manh,82,1.0,tour_level,0.5307
da_nang_hue_hoi_an,Lăng Tự Đức,Thánh Địa La Vang,15,0.1829,0.7143,2.4405,manh,82,1.0,tour_level,0.5307
da_nang_hue_hoi_an,Rừng Dừa Bảy Mẫu,Biển Mỹ Khê,21,0.2561,0.7241,1.2909,manh,82,1.0,tour_level,0.5302
da_nang_hue_hoi_an,Bán Đảo Sơn Trà,Hội Quán Phúc Kiến,29,0.3537,0.5577,1.3858,manh,82,1.0,tour_level,0.5293
da_nang_hue_hoi_an,Chùa Thiên Mụ,Chùa Cầu Hội An,23,0.2805,0.697,1.143,manh,82,1.0,tour_level,0.5287
da_nang_hue_hoi_an,Phá Tam Giang,Bà Nà Hills,11,0.1341,0.9167,1.2124,manh,82,1.0,tour_level,0.528
da_nang_hue_hoi_an,Bán Đảo Sơn Trà,Ngũ Hành Sơn,29,0.3537,0.5577,1.3066,manh,82,1.0,tour_level,0.5267
da_nang_hue_hoi_an,Lăng Tự Đức,Bà Nà Hills,17,0.2073,0.8095,1.0707,manh,82,1.0,tour_level,0.5256
da_nang_hue_hoi_an,Phá Tam Giang,Hội Quán Phúc Kiến,10,0.122,0.8333,2.0707,manh,82,1.0,tour_level,0.5255
da_nang_hue_hoi_an,Chợ Đông Ba,Chùa Cầu Hội An,16,0.1951,0.8,1.312,manh,82,1.0,tour_level,0.525
da_nang_hue_hoi_an,Cầu Rồng,Biển Mỹ Khê,17,0.2073,0.7727,1.3775,manh,82,1.0,tour_level,0.5247
da_nang_hue_hoi_an,Phá Tam Giang,Chùa Linh Ứng Sơn Trà,11,0.1341,0.9167,1.1054,manh,82,1.0,tour_level,0.5245
da_nang_hue_hoi_an,Chùa Thiên Mụ,Lăng Tự Đức,20,0.2439,0.6061,2.3665,manh,82,1.0,tour_level,0.5245
da_nang_hue_hoi_an,Phá Tam Giang,Phố Cổ Hội An,11,0.1341,0.9167,1.0738,manh,82,1.0,tour_level,0.5235
da_nang_hue_hoi_an,Chợ Đông Ba,Hội Quán Phúc Kiến,15,0.1829,0.75,1.8636,manh,82,1.0,tour_level,0.5224
da_nang_hue_hoi_an,Biển An Bàng,Sông Hương,5,0.061,0.8333,2.8472,manh,82,1.0,tour_level,0.5224
da_nang_hue_hoi_an,Cù Lao Chàm,Bà Nà Hills,15,0.1829,0.8333,1.1022,manh,82,1.0,tour_level,0.5223
da_nang_hue_hoi_an,Chùa Cầu Hội An,Ngũ Hành Sơn,28,0.3415,0.56,1.312,manh,82,1.0,tour_level,0.5219
da_nang_hue_hoi_an,Lăng Khải Định,Chùa Cầu Hội An,14,0.1707,0.8235,1.3506,manh,82,1.0,tour_level,0.5218
da_nang_hue_hoi_an,Cầu Tình Yêu Đà Nẵng,Hội Quán Phúc Kiến,16,0.1951,0.7273,1.8072,manh,82,1.0,tour_level,0.5195
da_nang_hue_hoi_an,Biển Cửa Đại,Chùa Linh Ứng Sơn Trà,13,0.1585,0.8667,1.0451,manh,82,1.0,tour_level,0.519
da_nang_hue_hoi_an,Chợ Đông Ba,Bà Nà Hills,16,0.1951,0.8,1.0581,manh,82,1.0,tour_level,0.5166
da_nang_hue_hoi_an,Ngũ Hành Sơn,Hội Quán Phúc Kiến,22,0.2683,0.6286,1.5619,manh,82,1.0,tour_level,0.5162
da_nang_hue_hoi_an,Đèo Hải Vân,Biển Mỹ Khê,13,0.1585,0.8125,1.4484,manh,82,1.0,tour_level,0.516
da_nang_hue_hoi_an,Lăng Khải Định,Thánh Địa La Vang,12,0.1463,0.7059,2.4118,manh,82,1.0,tour_level,0.51
da_nang_hue_hoi_an,Rừng Dừa Bảy Mẫu,Sông Hương,18,0.2195,0.6207,2.1207,manh,82,1.0,tour_level,0.5093
da_nang_hue_hoi_an,Rừng Dừa Bảy Mẫu,Thánh Địa La Vang,18,0.2195,0.6207,2.1207,manh,82,1.0,tour_level,0.5093
da_nang_hue_hoi_an,Rừng Dừa Bảy Mẫu,Chùa Cầu Hội An,20,0.2439,0.6897,1.131,manh,82,1.0,tour_level,0.5089
da_nang_hue_hoi_an,Biển An Bàng,Rừng Dừa Bảy Mẫu,5,0.061,0.8333,2.3563,manh,82,1.0,tour_level,0.5063
da_nang_hue_hoi_an,Cầu Rồng,Cầu Vàng,16,0.1951,0.7273,1.3869,manh,82,1.0,tour_level,0.5057
da_nang_hue_hoi_an,Núi Thần Tài,Biển Mỹ Khê,7,0.0854,0.875,1.5598,manh,82,1.0,tour_level,0.504
da_nang_hue_hoi_an,Sông Hương,Lăng Tự Đức,15,0.1829,0.625,2.4405,manh,82,1.0,tour_level,0.5039
da_nang_hue_hoi_an,Thánh Địa La Vang,Lăng Tự Đức,15,0.1829,0.625,2.4405,manh,82,1.0,tour_level,0.5039
da_nang_hue_hoi_an,Cầu Tình Yêu Đà Nẵng,Biển Mỹ Khê,16,0.1951,0.7273,1.2964,manh,82,1.0,tour_level,0.5027
da_nang_hue_hoi_an,Phá Tam Giang,Chùa Cầu Hội An,10,0.122,0.8333,1.3667,manh,82,1.0,tour_level,0.5024
da_nang_hue_hoi_an,Phá Tam Giang,Nhà Cổ Tấn Ký,9,0.1098,0.75,2.2778,manh,82,1.0,tour_level,0.5016
da_nang_hue_hoi_an,Núi Thần Tài,Cầu Rồng,6,0.0732,0.75,2.7955,manh,82,1.0,tour_level,0.5015
da_nang_hue_hoi_an,Hội Quán Phúc Kiến,Cầu Vàng,21,0.2561,0.6364,1.2135,manh,82,1.0,tour_level,0.5014
da_nang_hue_hoi_an,Biển Mỹ Khê,Hội Quán Phúc Kiến,25,0.3049,0.5435,1.3505,manh,82,1.0,tour_level,0.501
da_nang_hue_hoi_an,Núi Thần Tài,Bán Đảo Sơn Trà,7,0.0854,0.875,1.3798,manh,82,1.0,tour_level,0.4981
da_nang_hue_hoi_an,Biển An Bàng,Chùa Thiên Mụ,5,0.061,0.8333,2.0707,manh,82,1.0,tour_level,0.4969
da_nang_hue_hoi_an,Nhà Cổ Tấn Ký,Cầu Vàng,18,0.2195,0.6667,1.2713,manh,82,1.0,tour_level,0.4951
da_nang_hue_hoi_an,Đại Nội Huế,Lăng Tự Đức,18,0.2195,0.5625,2.1964,manh,82,1.0,tour_level,0.4943
da_nang_hue_hoi_an,Biển Cửa Đại,Bà Nà Hills,12,0.1463,0.8,1.0581,manh,82,1.0,tour_level,0.4937
da_nang_hue_hoi_an,Nhà Cổ Tấn Ký,Cầu Tình Yêu Đà Nẵng,16,0.1951,0.5926,2.2088,manh,82,1.0,tour_level,0.4923
da_nang_hue_hoi_an,Đèo Hải Vân,Cầu Vàng,12,0.1463,0.75,1.4302,manh,82,1.0,tour_level,0.4909
da_nang_hue_hoi_an,Đại Nội Huế,Biển Mỹ Khê,20,0.2439,0.625,1.1141,manh,82,1.0,tour_level,0.4889
da_nang_hue_hoi_an,Lăng Khải Định,Bà Nà Hills,13,0.1585,0.7647,1.0114,manh,82,1.0,tour_level,0.4873
da_nang_hue_hoi_an,Biển An Bàng,Đèo Hải Vân,4,0.0488,0.6667,3.4167,manh,82,1.0,tour_level,0.4855
da_nang_hue_hoi_an,Biển Mỹ Khê,Ngũ Hành Sơn,24,0.2927,0.5217,1.2224,manh,82,1.0,tour_level,0.4845
da_nang_hue_hoi_an,Chùa Thiên Mụ,Lăng Khải Định,17,0.2073,0.5152,2.4848,manh,82,1.0,tour_level,0.4839
da_nang_hue_hoi_an,Chùa Thiên Mụ,Biển Mỹ Khê,20,0.2439,0.6061,1.0804,manh,82,1.0,tour_level,0.4822
da_nang_hue_hoi_an,Sông Hương,Chùa Cầu Hội An,16,0.1951,0.6667,1.0933,manh,82,1.0,tour_level,0.4778
da_nang_hue_hoi_an,Nhà Cổ Tấn Ký,Chợ Đông Ba,15,0.1829,0.5556,2.2778,manh,82,1.0,tour_level,0.4777
da_nang_hue_hoi_an,Đèo Hải Vân,Lăng Tự Đức,10,0.122,0.625,2.4405,manh,82,1.0,tour_level,0.4752
da_nang_hue_hoi_an,Lăng Minh Mạng,Phố Cổ Hội An,6,0.0732,0.8571,1.0041,manh,82,1.0,tour_level,0.4746
da_nang_hue_hoi_an,Lăng Minh Mạng,Thánh Địa La Vang,5,0.061,0.7143,2.4405,manh,82,1.0,tour_level,0.4733
da_nang_hue_hoi_an,Sông Hương,Lăng Khải Định,13,0.1585,0.5417,2.6127,manh,82,1.0,tour_level,0.4731
da_nang_hue_hoi_an,Làng Hương Thủy Xuân,Cầu Vàng,7,0.0854,0.7778,1.4832,manh,82,1.0,tour_level,0.4723
da_nang_hue_hoi_an,Đại Nội Huế,Lăng Khải Định,16,0.1951,0.5,2.4118,manh,82,1.0,tour_level,0.4712
da_nang_hue_hoi_an,Phá Tam Giang,Thánh Địa La Vang,8,0.0976,0.6667,2.2778,manh,82,1.0,tour_level,0.4709
da_nang_hue_hoi_an,Làng Hương Thủy Xuân,Biển Mỹ Khê,7,0.0854,0.7778,1.3865,manh,82,1.0,tour_level,0.4692
da_nang_hue_hoi_an,Lăng Tự Đức,Rừng Dừa Bảy Mẫu,13,0.1585,0.619,1.7504,manh,82,1.0,tour_level,0.4679
da_nang_hue_hoi_an,Phá Tam Giang,Bán Đảo Sơn Trà,9,0.1098,0.75,1.1827,manh,82,1.0,tour_level,0.4656
da_nang_hue_hoi_an,Nhà Cổ Tấn Ký,Ngũ Hành Sơn,16,0.1951,0.5926,1.3884,manh,82,1.0,tour_level,0.4653
da_nang_hue_hoi_an,Đèo Hải Vân,Thánh Địa La Vang,10,0.122,0.625,2.1354,manh,82,1.0,tour_level,0.4652
da_nang_hue_hoi_an,Sông Hương,Biển Mỹ Khê,15,0.1829,0.625,1.1141,manh,82,1.0,tour_level,0.4602
da_nang_hue_hoi_an,Biển An Bàng,Lăng Tự Đức,4,0.0488,0.6667,2.6032,manh,82,1.0,tour_level,0.4587
da_nang_hue_hoi_an,Phá Tam Giang,Lăng Khải Định,7,0.0854,0.5833,2.8137,manh,82,1.0,tour_level,0.4578
da_nang_hue_hoi_an,Làng Hương Thủy Xuân,Bà Nà Hills,7,0.0854,0.7778,1.0287,manh,82,1.0,tour_level,0.4574
da_nang_hue_hoi_an,Thánh Địa La Vang,Chùa Cầu Hội An,15,0.1829,0.625,1.025,manh,82,1.0,tour_level,0.4573
da_nang_hue_hoi_an,Đèo Hải Vân,Chùa Cầu Hội An,11,0.1341,0.6875,1.1275,manh,82,1.0,tour_level,0.4565
da_nang_hue_hoi_an,Núi Thần Tài,Cầu Vàng,6,0.0732,0.75,1.4302,manh,82,1.0,tour_level,0.4565
da_nang_hue_hoi_an,Đèo Hải Vân,Bán Đảo Sơn Trà,11,0.1341,0.6875,1.0841,manh,82,1.0,tour_level,0.4551
da_nang_hue_hoi_an,Cầu Rồng,Hội Quán Phúc Kiến,13,0.1585,0.5909,1.4683,manh,82,1.0,tour_level,0.4502
da_nang_hue_hoi_an,Núi Thần Tài,Chùa Cầu Hội An,6,0.0732,0.75,1.23,manh,82,1.0,tour_level,0.4499
da_nang_hue_hoi_an,Lăng Tự Đức,Cầu Vàng,13,0.1585,0.619,1.1805,manh,82,1.0,tour_level,0.4492
da_nang_hue_hoi_an,Thánh Địa La Vang,Lăng Khải Định,12,0.1463,0.5,2.4118,manh,82,1.0,tour_level,0.4483
da_nang_hue_hoi_an,Núi Thần Tài,Cầu Tình Yêu Đà Nẵng,5,0.061,0.625,2.3295,manh,82,1.0,tour_level,0.4429
da_nang_hue_hoi_an,Phá Tam Giang,Lăng Tự Đức,7,0.0854,0.5833,2.2778,manh,82,1.0,tour_level,0.4402
da_nang_hue_hoi_an,Thánh Địa La Vang,Biển Mỹ Khê,14,0.1707,0.5833,1.0399,manh,82,1.0,tour_level,0.4396
da_nang_hue_hoi_an,Cầu Tình Yêu Đà Nẵng,Cầu Vàng,13,0.1585,0.5909,1.1268,manh,82,1.0,tour_level,0.439
da_nang_hue_hoi_an,Lăng Khải Định,Rừng Dừa Bảy Mẫu,10,0.122,0.5882,1.6633,manh,82,1.0,tour_level,0.4386
da_nang_hue_hoi_an,Cầu Rồng,Nhà Cổ Tấn Ký,12,0.1463,0.5455,1.6566,manh,82,1.0,tour_level,0.437
da_nang_hue_hoi_an,Chợ Đông Ba,Cầu Vàng,12,0.1463,0.6,1.1442,manh,82,1.0,tour_level,0.4365
da_nang_hue_hoi_an,Cù Lao Chàm,Biển Mỹ Khê,11,0.1341,0.6111,1.0894,manh,82,1.0,tour_level,0.4323
da_nang_hue_hoi_an,Lăng Khải Định,Hội Quán Phúc Kiến,10,0.122,0.5882,1.4617,manh,82,1.0,tour_level,0.432
da_nang_hue_hoi_an,Lăng Minh Mạng,Chùa Cầu Hội An,5,0.061,0.7143,1.1714,manh,82,1.0,tour_level,0.4315
da_nang_hue_hoi_an,Cù Lao Chàm,Chùa Cầu Hội An,11,0.1341,0.6111,1.0022,manh,82,1.0,tour_level,0.4294
da_nang_hue_hoi_an,Biển An Bàng,Đại Nội Huế,4,0.0488,0.6667,1.7083,manh,82,1.0,tour_level,0.4292
da_nang_hue_hoi_an,Núi Thần Tài,Nhà Cổ Tấn Ký,5,0.061,0.625,1.8981,manh,82,1.0,tour_level,0.4287
da_nang_hue_hoi_an,Lăng Khải Định,Lăng Tự Đức,9,0.1098,0.5294,2.0672,manh,82,1.0,tour_level,0.4285
da_nang_hue_hoi_an,Cầu Tình Yêu Đà Nẵng,Ngũ Hành Sơn,12,0.1463,0.5455,1.2779,manh,82,1.0,tour_level,0.4246
da_nang_hue_hoi_an,Lăng Minh Mạng,Chợ Đông Ba,4,0.0488,0.5714,2.3429,manh,82,1.0,tour_level,0.4215
da_nang_hue_hoi_an,Sông Hương,Cầu Vàng,13,0.1585,0.5417,1.0329,manh,82,1.0,tour_level,0.4211
da_nang_hue_hoi_an,Thánh Địa La Vang,Cầu Vàng,13,0.1585,0.5417,1.0329,manh,82,1.0,tour_level,0.4211
da_nang_hue_hoi_an,Biển Cửa Đại,Cầu Vàng,9,0.1098,0.6,1.1442,manh,82,1.0,tour_level,0.4193
da_nang_hue_hoi_an,Núi Thần Tài,Hội Quán Phúc Kiến,5,0.061,0.625,1.553,manh,82,1.0,tour_level,0.4173
da_nang_hue_hoi_an,Biển An Bàng,Cầu Vàng,4,0.0488,0.6667,1.2713,manh,82,1.0,tour_level,0.4148
da_nang_hue_hoi_an,Biển An Bàng,Biển Mỹ Khê,4,0.0488,0.6667,1.1884,manh,82,1.0,tour_level,0.4121
da_nang_hue_hoi_an,Cù Lao Chàm,Cầu Vàng,10,0.122,0.5556,1.0594,manh,82,1.0,tour_level,0.4089
da_nang_hue_hoi_an,Đèo Hải Vân,Cầu Rồng,8,0.0976,0.5,1.8636,manh,82,1.0,tour_level,0.4073
da_nang_hue_hoi_an,Lăng Minh Mạng,Rừng Dừa Bảy Mẫu,4,0.0488,0.5714,1.6158,manh,82,1.0,tour_level,0.3976
da_nang_hue_hoi_an,Núi Thần Tài,Chợ Đông Ba,4,0.0488,0.5,2.05,manh,82,1.0,tour_level,0.3905
da_nang_hue_hoi_an,Núi Thần Tài,Ngũ Hành Sơn,4,0.0488,0.5,1.1714,manh,82,1.0,tour_level,0.3615
da_nang_hue_hoi_an,Đồi Vọng Cảnh,Chùa Linh Ứng Sơn Trà,2,0.0244,1.0,1.2059,tham_khao,82,1.0,tour_level,0.5012
ha_noi,Đền Ngọc Sơn,Hồ Hoàn Kiếm,18,0.1065,1.0,7.6818,manh,169,1.0,day_level,0.8559
ha_noi,Hồ Tây,Chùa Trấn Quốc,17,0.1006,0.9444,7.6005,manh,169,1.0,day_level,0.8208
ha_noi,Chùa Bái Đính,Tràng An,18,0.1065,0.9,7.2429,manh,169,1.0,day_level,0.8207
ha_noi,Tràng An,Chùa Bái Đính,18,0.1065,0.8571,7.2429,manh,169,1.0,day_level,0.8078
ha_noi,Hồ Hoàn Kiếm,Đền Ngọc Sơn,18,0.1065,0.8182,7.6818,manh,169,1.0,day_level,0.8014
ha_noi,Đền Ngọc Sơn,Chùa Trấn Quốc,16,0.0947,0.8889,7.1534,manh,169,1.0,day_level,0.7813
ha_noi,Chùa Trấn Quốc,Hồ Tây,17,0.1006,0.8095,7.6005,manh,169,1.0,day_level,0.7803
ha_noi,Lăng Chủ Tịch Hồ Chí Minh,Chùa Một Cột,13,0.0769,0.9286,10.4619,manh,169,1.0,day_level,0.7799
ha_noi,Hang Sửng Sốt,Vịnh Hạ Long,17,0.1006,1.0,2.1392,manh,169,1.0,day_level,0.7728
ha_noi,Chùa Trấn Quốc,Hồ Hoàn Kiếm,17,0.1006,0.8095,6.2186,manh,169,1.0,day_level,0.7639
ha_noi,Chùa Một Cột,Lăng Chủ Tịch Hồ Chí Minh,13,0.0769,0.8667,10.4619,manh,169,1.0,day_level,0.7613
ha_noi,Hồ Hoàn Kiếm,Chùa Trấn Quốc,17,0.1006,0.7727,6.2186,manh,169,1.0,day_level,0.7529
ha_noi,Yên Tử,Vịnh Hạ Long,20,0.1183,0.7692,1.6456,manh,169,1.0,day_level,0.7502
ha_noi,Tam Cốc,Hoa Lư,10,0.0592,1.0,10.5625,manh,169,1.0,day_level,0.75
ha_noi,Chùa Trấn Quốc,Đền Ngọc Sơn,16,0.0947,0.7619,7.1534,manh,169,1.0,day_level,0.7432
ha_noi,Hồ Tây,Hồ Hoàn Kiếm,15,0.0888,0.8333,6.4015,manh,169,1.0,day_level,0.7382
ha_noi,Tuần Châu,Vịnh Hạ Long,15,0.0888,1.0,2.1392,manh,169,1.0,day_level,0.7378
ha_noi,Chùa Một Cột,Văn Miếu Quốc Tử Giám,13,0.0769,0.8667,7.7088,manh,169,1.0,day_level,0.7287
ha_noi,Bảo Tàng Dân Tộc Học,Lăng Chủ Tịch Hồ Chí Minh,7,0.0414,1.0,12.0714,manh,169,1.0,day_level,0.7154
ha_noi,Hồ Tây,Đền Ngọc Sơn,14,0.0828,0.7778,7.3025,manh,169,1.0,day_level,0.7148
ha_noi,Đền Ngọc Sơn,Hồ Tây,14,0.0828,0.7778,7.3025,manh,169,1.0,day_level,0.7148
ha_noi,Bản Lác,Mai Châu,7,0.0414,1.0,11.2667,manh,169,1.0,day_level,0.7058
ha_noi,Bảo Tàng Dân Tộc Học,Chùa Một Cột,7,0.0414,1.0,11.2667,manh,169,1.0,day_level,0.7058
ha_noi,Phố Cổ Hà Nội,Nhà Hát Lớn Hà Nội,17,0.1006,0.7083,2.9927,manh,169,1.0,day_level,0.6954
ha_noi,Nhà Tù Hỏa Lò,Văn Miếu Quốc Tử Giám,8,0.0473,1.0,8.8947,manh,169,1.0,day_level,0.6953
ha_noi,Hồ Hoàn Kiếm,Hồ Tây,15,0.0888,0.6818,6.4015,manh,169,1.0,day_level,0.6928
ha_noi,Bảo Tàng Dân Tộc Học,Hồ Tây,7,0.0414,1.0,9.3889,manh,169,1.0,day_level,0.6836
ha_noi,Văn Miếu Quốc Tử Giám,Chùa Một Cột,13,0.0769,0.6842,7.7088,manh,169,1.0,day_level,0.674
ha_noi,Động Thiên Cung,Vịnh Hạ Long,11,0.0651,1.0,2.1392,manh,169,1.0,day_level,0.6678
ha_noi,Bảo Tàng Dân Tộc Học,Chùa Trấn Quốc,7,0.0414,1.0,8.0476,manh,169,1.0,day_level,0.6677
ha_noi,Cầu Thê Húc,Đền Ngọc Sơn,6,0.0355,1.0,9.3889,manh,169,1.0,day_level,0.6661
ha_noi,Lăng Chủ Tịch Hồ Chí Minh,Hồ Tây,11,0.0651,0.7857,7.377,manh,169,1.0,day_level,0.6655
ha_noi,Lăng Chủ Tịch Hồ Chí Minh,Văn Miếu Quốc Tử Giám,11,0.0651,0.7857,6.9887,manh,169,1.0,day_level,0.6609
ha_noi,Lăng Chủ Tịch Hồ Chí Minh,Chùa Trấn Quốc,11,0.0651,0.7857,6.3231,manh,169,1.0,day_level,0.653
ha_noi,Cầu Thê Húc,Hồ Hoàn Kiếm,6,0.0355,1.0,7.6818,manh,169,1.0,day_level,0.6459
ha_noi,Văn Miếu Quốc Tử Giám,Hồ Hoàn Kiếm,13,0.0769,0.6842,5.256,manh,169,1.0,day_level,0.645
ha_noi,Chùa Một Cột,Hồ Tây,11,0.0651,0.7333,6.8852,manh,169,1.0,day_level,0.644
ha_noi,Hoa Lư,Tam Cốc,10,0.0592,0.625,10.5625,manh,169,1.0,day_level,0.6375
ha_noi,Chùa Một Cột,Chùa Trấn Quốc,11,0.0651,0.7333,5.9016,manh,169,1.0,day_level,0.6323
ha_noi,Bảo Tàng Dân Tộc Học,Nhà Tù Hỏa Lò,5,0.0296,0.7143,15.0893,manh,169,1.0,day_level,0.6304
ha_noi,Đền Ngọc Sơn,Văn Miếu Quốc Tử Giám,12,0.071,0.6667,5.9298,manh,169,1.0,day_level,0.6302
ha_noi,Moana Sapa,Nhà Thờ Đá Sapa,3,0.0178,1.0,9.9412,manh,169,1.0,day_level,0.6201
ha_noi,Văn Miếu Quốc Tử Giám,Đền Ngọc Sơn,12,0.071,0.6316,5.9298,manh,169,1.0,day_level,0.6197
ha_noi,Hồ Hoàn Kiếm,Văn Miếu Quốc Tử Giám,13,0.0769,0.5909,5.256,manh,169,1.0,day_level,0.617
ha_noi,Hồ Tây,Lăng Chủ Tịch Hồ Chí Minh,11,0.0651,0.6111,7.377,manh,169,1.0,day_level,0.6131
ha_noi,Văn Miếu Quốc Tử Giám,Chùa Trấn Quốc,12,0.071,0.6316,5.0827,manh,169,1.0,day_level,0.6096
ha_noi,Hồ Tây,Chùa Một Cột,11,0.0651,0.6111,6.8852,manh,169,1.0,day_level,0.6073
ha_noi,Nhà Tù Hỏa Lò,Bảo Tàng Dân Tộc Học,5,0.0296,0.625,15.0893,manh,169,1.0,day_level,0.6036
ha_noi,Bảo Tàng Dân Tộc Học,Văn Miếu Quốc Tử Giám,6,0.0355,0.8571,7.6241,manh,169,1.0,day_level,0.6024
ha_noi,Văn Miếu Quốc Tử Giám,Lăng Chủ Tịch Hồ Chí Minh,11,0.0651,0.5789,6.9887,manh,169,1.0,day_level,0.5989
ha_noi,Chùa Trấn Quốc,Nhà Hát Lớn Hà Nội,13,0.0769,0.619,2.6155,manh,169,1.0,day_level,0.5942
ha_noi,Chùa Trấn Quốc,Văn Miếu Quốc Tử Giám,12,0.071,0.5714,5.0827,manh,169,1.0,day_level,0.5916
ha_noi,Hồ Tây,Văn Miếu Quốc Tử Giám,11,0.0651,0.6111,5.4357,manh,169,1.0,day_level,0.5902
ha_noi,Bảo Tàng Dân Tộc Học,Hồ Hoàn Kiếm,6,0.0355,0.8571,6.5844,manh,169,1.0,day_level,0.5901
ha_noi,Moana Sapa,Fansipan,3,0.0178,1.0,7.3478,manh,169,1.0,day_level,0.5895
ha_noi,Cầu Thê Húc,Nhà Tù Hỏa Lò,4,0.0237,0.6667,14.0833,manh,169,1.0,day_level,0.5867
ha_noi,Văn Miếu Quốc Tử Giám,Hồ Tây,11,0.0651,0.5789,5.4357,manh,169,1.0,day_level,0.5805
ha_noi,Cầu Thê Húc,Hồ Tây,5,0.0296,0.8333,7.8241,manh,169,1.0,day_level,0.5801
ha_noi,Chùa Trấn Quốc,Lăng Chủ Tịch Hồ Chí Minh,11,0.0651,0.5238,6.3231,manh,169,1.0,day_level,0.5745
ha_noi,Chùa Trấn Quốc,Chùa Một Cột,11,0.0651,0.5238,5.9016,manh,169,1.0,day_level,0.5695
ha_noi,Cầu Thê Húc,Chùa Trấn Quốc,5,0.0296,0.8333,6.7063,manh,169,1.0,day_level,0.5669
ha_noi,Nhà Thờ Đá Sapa,Bản Cát Cát,10,0.0592,0.5882,5.5229,manh,169,1.0,day_level,0.5668
ha_noi,Lăng Chủ Tịch Hồ Chí Minh,Bảo Tàng Dân Tộc Học,7,0.0414,0.5,12.0714,manh,169,1.0,day_level,0.5654
ha_noi,Bản Cát Cát,Nhà Thờ Đá Sapa,10,0.0592,0.5556,5.5229,manh,169,1.0,day_level,0.557
ha_noi,Hồ Tây,Nhà Hát Lớn Hà Nội,11,0.0651,0.6111,2.5819,manh,169,1.0,day_level,0.5564
ha_noi,Bảo Tàng Dân Tộc Học,Nhà Hát Lớn Hà Nội,6,0.0355,0.8571,3.6214,manh,169,1.0,day_level,0.555
ha_noi,Nhà Tù Hỏa Lò,Hồ Hoàn Kiếm,6,0.0355,0.75,5.7614,manh,169,1.0,day_level,0.5482
ha_noi,Chùa Một Cột,Hồ Hoàn Kiếm,9,0.0533,0.6,4.6091,manh,169,1.0,day_level,0.542
ha_noi,Nhà Tù Hỏa Lò,Cầu Thê Húc,4,0.0237,0.5,14.0833,manh,169,1.0,day_level,0.5367
ha_noi,Bảo Tàng Dân Tộc Học,Đền Ngọc Sơn,5,0.0296,0.7143,6.7063,manh,169,1.0,day_level,0.5312
ha_noi,Chùa Bái Đính,Vịnh Hạ Long,11,0.0651,0.55,1.1766,manh,169,1.0,day_level,0.5214
ha_noi,Hồ Hoàn Kiếm,Nhà Hát Lớn Hà Nội,11,0.0651,0.5,2.1125,manh,169,1.0,day_level,0.5175
ha_noi,Nhà Tù Hỏa Lò,Lăng Chủ Tịch Hồ Chí Minh,5,0.0296,0.625,7.5446,manh,169,1.0,day_level,0.5143
ha_noi,Lăng Chủ Tịch Hồ Chí Minh,Hồ Hoàn Kiếm,8,0.0473,0.5714,4.3896,manh,169,1.0,day_level,0.5134
ha_noi,Tràng An,Vịnh Hạ Long,11,0.0651,0.5238,1.1206,manh,169,1.0,day_level,0.5129
ha_noi,Bảo Tàng Dân Tộc Học,Phố Cổ Hà Nội,5,0.0296,0.7143,5.0298,manh,169,1.0,day_level,0.5113
ha_noi,Chùa Một Cột,Đền Ngọc Sơn,8,0.0473,0.5333,5.0074,manh,169,1.0,day_level,0.5092
ha_noi,Nhà Tù Hỏa Lò,Chùa Một Cột,5,0.0296,0.625,7.0417,manh,169,1.0,day_level,0.5083
ha_noi,Hồ Hoàn Kiếm,Vịnh Hạ Long,11,0.0651,0.5,1.0696,manh,169,1.0,day_level,0.5052
ha_noi,Cầu Thê Húc,Bảo Tàng Dân Tộc Học,3,0.0178,0.5,12.0714,manh,169,1.0,day_level,0.4954
ha_noi,Nhà Tù Hỏa Lò,Hồ Tây,5,0.0296,0.625,5.8681,manh,169,1.0,day_level,0.4944
ha_noi,Nhà Tù Hỏa Lò,Đền Ngọc Sơn,5,0.0296,0.625,5.8681,manh,169,1.0,day_level,0.4944
ha_noi,Cầu Thê Húc,Văn Miếu Quốc Tử Giám,4,0.0237,0.6667,5.9298,manh,169,1.0,day_level,0.4902
ha_noi,Nhà Tù Hỏa Lò,Chùa Trấn Quốc,5,0.0296,0.625,5.0298,manh,169,1.0,day_level,0.4845
ha_noi,Đền Ngọc Sơn,Nhà Hát Lớn Hà Nội,9,0.0533,0.5,2.1125,manh,169,1.0,day_level,0.4825
ha_noi,Lăng Chủ Tịch Hồ Chí Minh,Đền Ngọc Sơn,7,0.0414,0.5,4.6944,manh,169,1.0,day_level,0.4781
ha_noi,Nhà Tù Hỏa Lò,Phố Cổ Hà Nội,5,0.0296,0.625,4.401,manh,169,1.0,day_level,0.4771
ha_noi,Hang Múa,Hoa Lư,3,0.0178,0.6,6.3375,manh,169,1.0,day_level,0.4575
ha_noi,Nhà Tù Hỏa Lò,Nhà Hát Lớn Hà Nội,5,0.0296,0.625,2.6406,manh,169,1.0,day_level,0.4562
ha_noi,Cầu Thê Húc,Nhà Hát Lớn Hà Nội,4,0.0237,0.6667,2.8167,manh,169,1.0,day_level,0.4533
ha_noi,Hoa Lư,Vịnh Hạ Long,8,0.0473,0.5,1.0696,manh,169,1.0,day_level,0.4527
ha_noi,Lăng Chủ Tịch Hồ Chí Minh,Nhà Hát Lớn Hà Nội,7,0.0414,0.5,2.1125,manh,169,1.0,day_level,0.4475
ha_noi,Nhà Tù Hỏa Lò,Vịnh Hạ Long,5,0.0296,0.625,1.337,manh,169,1.0,day_level,0.4408
ha_noi,Tam Cốc,Chùa Bái Đính,5,0.0296,0.5,4.225,manh,169,1.0,day_level,0.4375
ha_noi,Tam Cốc,Tràng An,5,0.0296,0.5,4.0238,manh,169,1.0,day_level,0.4351
ha_noi,Cầu Thê Húc,Lăng Chủ Tịch Hồ Chí Minh,3,0.0178,0.5,6.0357,manh,169,1.0,day_level,0.4239
ha_noi,Cầu Thê Húc,Chùa Một Cột,3,0.0178,0.5,5.6333,manh,169,1.0,day_level,0.4192
ha_noi,Làng Gốm Bát Tràng,Chùa Một Cột,2,0.0118,1.0,11.2667,tham_khao,169,1.0,day_level,0.6183
ha_noi,Làng Gốm Bát Tràng,Hồ Tây,2,0.0118,1.0,9.3889,tham_khao,169,1.0,day_level,0.5961
ha_noi,Làng Gốm Bát Tràng,Đền Ngọc Sơn,2,0.0118,1.0,9.3889,tham_khao,169,1.0,day_level,0.5961
ha_noi,Làng Gốm Bát Tràng,Văn Miếu Quốc Tử Giám,2,0.0118,1.0,8.8947,tham_khao,169,1.0,day_level,0.5903
ha_noi,Làng Gốm Bát Tràng,Chùa Trấn Quốc,2,0.0118,1.0,8.0476,tham_khao,169,1.0,day_level,0.5802
ha_noi,Làng Gốm Bát Tràng,Hồ Hoàn Kiếm,2,0.0118,1.0,7.6818,tham_khao,169,1.0,day_level,0.5759
ha_noi,Vườn Quốc Gia Ba Vì,Hang Múa,2,0.0118,0.5,16.9,tham_khao,169,1.0,day_level,0.535
ha_noi,Vườn Quốc Gia Ba Vì,Mai Châu,2,0.0118,0.5,5.6333,tham_khao,169,1.0,day_level,0.4017
ha_noi,Bản Cát Cát,Fansipan,17,0.2576,0.9444,3.2807,manh,66,1.0,tour_level,0.8533
ha_noi,Fansipan,Bản Cát Cát,17,0.2576,0.8947,3.2807,manh,66,1.0,tour_level,0.8384
ha_noi,Nhà Thờ Đá Sapa,Fansipan,14,0.2121,0.875,3.0395,manh,66,1.0,tour_level,0.7676
ha_noi,Đền Ngọc Sơn,Vịnh Hạ Long,15,0.2273,0.8333,1.7188,manh,66,1.0,tour_level,0.7385
ha_noi,Chùa Trấn Quốc,Vịnh Hạ Long,16,0.2424,0.7619,1.5714,manh,66,1.0,tour_level,0.7325
ha_noi,Fansipan,Nhà Thờ Đá Sapa,14,0.2121,0.7368,3.0395,manh,66,1.0,tour_level,0.7262
ha_noi,Văn Miếu Quốc Tử Giám,Vịnh Hạ Long,15,0.2273,0.7895,1.6283,manh,66,1.0,tour_level,0.7229
ha_noi,Động Thiên Cung,Chùa Trấn Quốc,10,0.1515,0.9091,2.8571,manh,66,1.0,tour_level,0.6951
ha_noi,Hồ Hoàn Kiếm,Chùa Một Cột,13,0.197,0.6842,3.0105,manh,66,1.0,tour_level,0.6901
ha_noi,Chùa Bái Đính,Nhà Hát Lớn Hà Nội,14,0.2121,0.7368,1.2798,manh,66,1.0,tour_level,0.6782
ha_noi,Mai Châu,Bản Lác,6,0.0909,0.6667,7.3333,manh,66,1.0,tour_level,0.6667
ha_noi,Tràng An,Nhà Hát Lớn Hà Nội,14,0.2121,0.7,1.2158,manh,66,1.0,tour_level,0.6654
ha_noi,Đền Ngọc Sơn,Chùa Một Cột,12,0.1818,0.6667,2.9333,manh,66,1.0,tour_level,0.6633
ha_noi,Hồ Tây,Vịnh Hạ Long,13,0.197,0.7222,1.4896,manh,66,1.0,tour_level,0.6601
ha_noi,Vịnh Hạ Long,Hồ Hoàn Kiếm,16,0.2424,0.5,1.7368,manh,66,1.0,tour_level,0.6585
ha_noi,Vịnh Hạ Long,Chùa Trấn Quốc,16,0.2424,0.5,1.5714,manh,66,1.0,tour_level,0.654
ha_noi,Động Thiên Cung,Đền Ngọc Sơn,9,0.1364,0.8182,3.0,manh,66,1.0,tour_level,0.6523
ha_noi,Động Thiên Cung,Hồ Hoàn Kiếm,9,0.1364,0.8182,2.8421,manh,66,1.0,tour_level,0.648
ha_noi,Chùa Một Cột,Vịnh Hạ Long,11,0.1667,0.7333,1.5125,manh,66,1.0,tour_level,0.6251
ha_noi,Hồ Hoàn Kiếm,Lăng Chủ Tịch Hồ Chí Minh,11,0.1667,0.5789,2.7293,manh,66,1.0,tour_level,0.612
ha_noi,Moana Sapa,Bản Cát Cát,3,0.0455,1.0,3.6667,manh,66,1.0,tour_level,0.6083
ha_noi,Lăng Chủ Tịch Hồ Chí Minh,Vịnh Hạ Long,10,0.1515,0.7143,1.4732,manh,66,1.0,tour_level,0.5989
ha_noi,Động Thiên Cung,Yên Tử,8,0.1212,0.7273,2.6667,manh,66,1.0,tour_level,0.5965
ha_noi,Hang Múa,Nhà Hát Lớn Hà Nội,5,0.0758,1.0,1.7368,manh,66,1.0,tour_level,0.5946
ha_noi,Đền Ngọc Sơn,Lăng Chủ Tịch Hồ Chí Minh,10,0.1515,0.5556,2.619,manh,66,1.0,tour_level,0.5826
ha_noi,Nhà Tù Hỏa Lò,Hang Sửng Sốt,6,0.0909,0.75,3.3,manh,66,1.0,tour_level,0.5817
ha_noi,Phố Cổ Hà Nội,Tràng An,11,0.1667,0.55,1.815,manh,66,1.0,tour_level,0.5784
ha_noi,Tràng An,Phố Cổ Hà Nội,11,0.1667,0.55,1.815,manh,66,1.0,tour_level,0.5784
ha_noi,Yên Tử,Nhà Hát Lớn Hà Nội,11,0.1667,0.6111,1.0614,manh,66,1.0,tour_level,0.5762
ha_noi,Hoa Lư,Tràng An,9,0.1364,0.6429,2.1214,manh,66,1.0,tour_level,0.5757
ha_noi,Vườn Quốc Gia Ba Vì,Nhà Hát Lớn Hà Nội,4,0.0606,1.0,1.7368,manh,66,1.0,tour_level,0.5751
ha_noi,Tuần Châu,Văn Miếu Quốc Tử Giám,7,0.1061,0.7,2.4316,manh,66,1.0,tour_level,0.5624
ha_noi,Phố Cổ Hà Nội,Vịnh Hạ Long,11,0.1667,0.55,1.1344,manh,66,1.0,tour_level,0.5598
ha_noi,Đền Ngọc Sơn,Động Thiên Cung,9,0.1364,0.5,3.0,manh,66,1.0,tour_level,0.5568
ha_noi,Chùa Bái Đính,Phố Cổ Hà Nội,10,0.1515,0.5263,1.7368,manh,66,1.0,tour_level,0.5497
ha_noi,Fansipan,Chùa Trấn Quốc,10,0.1515,0.5263,1.6541,manh,66,1.0,tour_level,0.5474
ha_noi,Bảo Tàng Dân Tộc Học,Hang Sửng Sốt,5,0.0758,0.7143,3.1429,manh,66,1.0,tour_level,0.5472
ha_noi,Nhà Thờ Đá Sapa,Văn Miếu Quốc Tử Giám,9,0.1364,0.5625,1.9539,manh,66,1.0,tour_level,0.547
ha_noi,Bản Cát Cát,Vịnh Hạ Long,10,0.1515,0.5556,1.1458,manh,66,1.0,tour_level,0.5424
ha_noi,Phố Cổ Hà Nội,Chùa Bái Đính,10,0.1515,0.5,1.7368,manh,66,1.0,tour_level,0.5418
ha_noi,Động Thiên Cung,Hồ Tây,7,0.1061,0.6364,2.3333,manh,66,1.0,tour_level,0.5407
ha_noi,Động Thiên Cung,Chùa Bái Đính,7,0.1061,0.6364,2.2105,manh,66,1.0,tour_level,0.5373
ha_noi,Động Thiên Cung,Văn Miếu Quốc Tử Giám,7,0.1061,0.6364,2.2105,manh,66,1.0,tour_level,0.5373
ha_noi,Động Thiên Cung,Tràng An,7,0.1061,0.6364,2.1,manh,66,1.0,tour_level,0.5343
ha_noi,Chùa Một Cột,Nhà Hát Lớn Hà Nội,9,0.1364,0.6,1.0421,manh,66,1.0,tour_level,0.5334
ha_noi,Hang Sửng Sốt,Nhà Hát Lớn Hà Nội,9,0.1364,0.6,1.0421,manh,66,1.0,tour_level,0.5334
ha_noi,Fansipan,Vịnh Hạ Long,10,0.1515,0.5263,1.0855,manh,66,1.0,tour_level,0.5319
ha_noi,Hoa Lư,Chùa Bái Đính,8,0.1212,0.5714,1.985,manh,66,1.0,tour_level,0.5311
ha_noi,Chùa Một Cột,Nhà Thờ Đá Sapa,8,0.1212,0.5333,2.2,manh,66,1.0,tour_level,0.5255
ha_noi,Nhà Thờ Đá Sapa,Vịnh Hạ Long,9,0.1364,0.5625,1.1602,manh,66,1.0,tour_level,0.5254
ha_noi,Bản Cát Cát,Hồ Hoàn Kiếm,9,0.1364,0.5,1.7368,manh,66,1.0,tour_level,0.5224
ha_noi,Bản Cát Cát,Văn Miếu Quốc Tử Giám,9,0.1364,0.5,1.7368,manh,66,1.0,tour_level,0.5224
ha_noi,Chùa Một Cột,Bản Cát Cát,8,0.1212,0.5333,1.9556,manh,66,1.0,tour_level,0.5189
ha_noi,Tuần Châu,Hang Sửng Sốt,6,0.0909,0.6,2.64,manh,66,1.0,tour_level,0.5187
ha_noi,Bản Cát Cát,Chùa Trấn Quốc,9,0.1364,0.5,1.5714,manh,66,1.0,tour_level,0.5179
ha_noi,Chùa Một Cột,Fansipan,8,0.1212,0.5333,1.8526,manh,66,1.0,tour_level,0.5161
ha_noi,Hang Sửng Sốt,Văn Miếu Quốc Tử Giám,8,0.1212,0.5333,1.8526,manh,66,1.0,tour_level,0.5161
ha_noi,Nhà Thờ Đá Sapa,Chùa Một Cột,8,0.1212,0.5,2.2,manh,66,1.0,tour_level,0.5156
ha_noi,Chùa Một Cột,Phố Cổ Hà Nội,8,0.1212,0.5333,1.76,manh,66,1.0,tour_level,0.5135
ha_noi,Nhà Thờ Đá Sapa,Hồ Tây,8,0.1212,0.5,1.8333,manh,66,1.0,tour_level,0.5056
ha_noi,Nhà Thờ Đá Sapa,Hồ Hoàn Kiếm,8,0.1212,0.5,1.7368,manh,66,1.0,tour_level,0.5029
ha_noi,Bảo Tàng Dân Tộc Học,Vịnh Hạ Long,5,0.0758,0.7143,1.4732,manh,66,1.0,tour_level,0.5017
ha_noi,Lăng Chủ Tịch Hồ Chí Minh,Nhà Thờ Đá Sapa,7,0.1061,0.5,2.0625,manh,66,1.0,tour_level,0.4924
ha_noi,Lăng Chủ Tịch Hồ Chí Minh,Bản Cát Cát,7,0.1061,0.5,1.8333,manh,66,1.0,tour_level,0.4861
ha_noi,Lăng Chủ Tịch Hồ Chí Minh,Fansipan,7,0.1061,0.5,1.7368,manh,66,1.0,tour_level,0.4835
ha_noi,Lăng Chủ Tịch Hồ Chí Minh,Phố Cổ Hà Nội,7,0.1061,0.5,1.65,manh,66,1.0,tour_level,0.4811
ha_noi,Cầu Thê Húc,Vịnh Hạ Long,4,0.0606,0.6667,1.375,manh,66,1.0,tour_level,0.4653
ha_noi,Bảo Tàng Dân Tộc Học,Nhà Thờ Đá Sapa,4,0.0606,0.5714,2.3571,manh,66,1.0,tour_level,0.4635
ha_noi,Bảo Tàng Dân Tộc Học,Fansipan,4,0.0606,0.5714,1.985,manh,66,1.0,tour_level,0.4533
ha_noi,Tuần Châu,Đền Ngọc Sơn,5,0.0758,0.5,1.8333,manh,66,1.0,tour_level,0.4472
ha_noi,Tuần Châu,Hồ Hoàn Kiếm,5,0.0758,0.5,1.7368,manh,66,1.0,tour_level,0.4446
ha_noi,Nhà Tù Hỏa Lò,Nhà Thờ Đá Sapa,4,0.0606,0.5,2.0625,manh,66,1.0,tour_level,0.434
ha_noi,Nhà Tù Hỏa Lò,Bản Cát Cát,4,0.0606,0.5,1.8333,manh,66,1.0,tour_level,0.4278
ha_noi,Tam Cốc,Yên Tử,4,0.0606,0.5,1.8333,manh,66,1.0,tour_level,0.4278
ha_noi,Nhà Tù Hỏa Lò,Fansipan,4,0.0606,0.5,1.7368,manh,66,1.0,tour_level,0.4251
ha_noi,Tam Cốc,Phố Cổ Hà Nội,4,0.0606,0.5,1.65,manh,66,1.0,tour_level,0.4228
ha_noi,Cầu Thê Húc,Hang Sửng Sốt,3,0.0455,0.5,2.2,manh,66,1.0,tour_level,0.4183
ha_noi,Cầu Thê Húc,Bản Cát Cát,3,0.0455,0.5,1.8333,manh,66,1.0,tour_level,0.4083
ha_noi,Tam Cốc,Vịnh Hạ Long,4,0.0606,0.5,1.0312,manh,66,1.0,tour_level,0.4059
ha_noi,Cầu Thê Húc,Fansipan,3,0.0455,0.5,1.7368,manh,66,1.0,tour_level,0.4057
ha_noi,Làng Gốm Bát Tràng,Vịnh Hạ Long,2,0.0303,1.0,2.0625,tham_khao,66,1.0,tour_level,0.5451
