"external_id","canonical_name","destination_key"
"da_lat:bao_tang_madame_de","Bảo Tàng Madame De","da_lat"
"da_lat:cafe_me_linh","Cafe Mê Linh","da_lat"
"da_lat:cafe_mien_du_muc","Cafe Miền Du Mục","da_lat"
"da_lat:canh_dong_hoa_cam_tu_cau","Cánh Đồng Hoa Cẩm Tú Cầu","da_lat"
"da_lat:cho_da_lat","Chợ Đà Lạt","da_lat"
"da_lat:chua_linh_an","Chùa Linh Ẩn","da_lat"
"da_lat:chua_linh_phuoc","Chùa Linh Phước","da_lat"
"da_lat:chua_thien_vuong_co_sat","Chùa Thiên Vương Cổ Sát","da_lat"
"da_lat:cong_troi_bali_green_hill","Cổng Trời Bali Green Hill","da_lat"
"da_lat:crazy_house","Crazy House","da_lat"
"da_lat:dai_bao_thap_kinh_luan","Đại Bảo Tháp Kinh Luân","da_lat"
"da_lat:dapa_hill","Dapa Hill","da_lat"
"da_lat:dinh_bao_dai","Dinh Bảo Đại","da_lat"
"da_lat:dinh_i","Dinh I","da_lat"
"da_lat:doi_che_cau_dat","Đồi Chè Cầu Đất","da_lat"
"da_lat:doi_mong_mo","Đồi Mộng Mơ","da_lat"
"da_lat:doi_robin","Đồi Robin","da_lat"
"da_lat:duong_ham_dat_set","Đường Hầm Đất Sét","da_lat"
"da_lat:fresh_garden","Fresh Garden","da_lat"
"da_lat:gallery_la_chocotea","Gallery La Chocotea","da_lat"
"da_lat:happy_hill","Happy Hill","da_lat"
"da_lat:ho_tuyen_lam","Hồ Tuyền Lâm","da_lat"
"da_lat:ho_vo_cuc","Hồ Vô Cực","da_lat"
"da_lat:ho_xuan_huong","Hồ Xuân Hương","da_lat"
"da_lat:hoa_son_dien_trang","Hoa Sơn Điền Trang","da_lat"
"da_lat:kdl_suoi_binh_yen","KDL Suối Bình Yên","da_lat"
"da_lat:kombi_land","Kombi Land","da_lat"
"da_lat:lac_hu_co_tran","Lạc Hư Cổ Trấn","da_lat"
"da_lat:lang_art_cafe","Lặng Art Café","da_lat"
"da_lat:lang_cu_lan","Làng Cù Lần","da_lat"
"da_lat:lang_hoa_van_thanh","Làng Hoa Vạn Thành","da_lat"
"da_lat:langbiang","Langbiang","da_lat"
"da_lat:mongo_land","Mongo Land","da_lat"
"da_lat:nac_thang_thien_duong","Nấc Thang Thiên Đường","da_lat"
"da_lat:nha_ga_da_lat","Nhà Ga Đà Lạt","da_lat"
"da_lat:nha_tho_con_ga","Nhà Thờ Con Gà","da_lat"
"da_lat:nha_tho_domain_de_marie","Nhà Thờ Domain De Marie","da_lat"
"da_lat:nong_trai_co_tich","Nông Trại Cổ Tích","da_lat"
"da_lat:puppy_farm","Puppy Farm","da_lat"
"da_lat:quang_truong_lam_vien","Quảng Trường Lâm Viên","da_lat"
"da_lat:que_garden","Que Garden","da_lat"
"da_lat:royal_garden","Royal Garden","da_lat"
"da_lat:rung_hoa_kho","Rừng Hoa Khô","da_lat"
"da_lat:samten_hills","Samten Hills","da_lat"
"da_lat:thac_bobla","Thác Bobla","da_lat"
"da_lat:thac_cam_ly","Thác Cam Ly","da_lat"
"da_lat:thac_datanla","Thác Datanla","da_lat"
"da_lat:thac_pongour","Thác Pongour","da_lat"
"da_lat:thac_prenn","Thác Prenn","da_lat"
"da_lat:thac_voi","Thác Voi","da_lat"
"da_lat:thi_tran_iyashi","Thị Trấn Iyashi","da_lat"
"da_lat:thien_vien_truc_lam","Thiền Viện Trúc Lâm","da_lat"
"da_lat:thien_vien_van_hanh","Thiền Viện Vạn Hạnh","da_lat"
"da_lat:thung_lung_tinh_yeu","Thung Lũng Tình Yêu","da_lat"
"da_lat:thung_lung_vang","Thung Lũng Vàng","da_lat"
"da_lat:tiem_nuong_chuyen_tau_hoang_hon","Tiệm Nướng Chuyến Tàu Hoàng Hôn","da_lat"
"da_lat:trai_mat","Trại Mát","da_lat"
"da_lat:tu_vien_bat_nha","Tu Viện Bát Nhã","da_lat"
"da_lat:vuon_chau_au","Vườn Châu Âu","da_lat"
"da_lat:vuon_dau_da_lat","Vườn Dâu Đà Lạt","da_lat"
"da_lat:vuon_dia_dang","Vườn Địa Đàng","da_lat"
"da_lat:vuon_hoa_thanh_pho","Vườn Hoa Thành Phố","da_lat"
"da_lat:xuong_to_lua","Xưởng Tơ Lụa","da_lat"
"da_nang_hue_hoi_an:ba_na_hills","Bà Nà Hills","da_nang_hue_hoi_an"
"da_nang_hue_hoi_an:ban_dao_son_tra","Bán Đảo Sơn Trà","da_nang_hue_hoi_an"
"da_nang_hue_hoi_an:bien_an_bang","Biển An Bàng","da_nang_hue_hoi_an"
"da_nang_hue_hoi_an:bien_cua_dai","Biển Cửa Đại","da_nang_hue_hoi_an"
"da_nang_hue_hoi_an:bien_my_khe","Biển Mỹ Khê","da_nang_hue_hoi_an"
"da_nang_hue_hoi_an:cau_rong","Cầu Rồng","da_nang_hue_hoi_an"
"da_nang_hue_hoi_an:cau_tinh_yeu_da_nang","Cầu Tình Yêu Đà Nẵng","da_nang_hue_hoi_an"
"da_nang_hue_hoi_an:cau_vang","Cầu Vàng","da_nang_hue_hoi_an"
"da_nang_hue_hoi_an:cho_dong_ba","Chợ Đông Ba","da_nang_hue_hoi_an"
"da_nang_hue_hoi_an:chua_cau_hoi_an","Chùa Cầu Hội An","da_nang_hue_hoi_an"
"da_nang_hue_hoi_an:chua_linh_ung_son_tra","Chùa Linh Ứng Sơn Trà","da_nang_hue_hoi_an"
"da_nang_hue_hoi_an:chua_thien_mu","Chùa Thiên Mụ","da_nang_hue_hoi_an"
"da_nang_hue_hoi_an:cu_lao_cham","Cù Lao Chàm","da_nang_hue_hoi_an"
"da_nang_hue_hoi_an:dai_noi_hue","Đại Nội Huế","da_nang_hue_hoi_an"
"da_nang_hue_hoi_an:deo_hai_van","Đèo Hải Vân","da_nang_hue_hoi_an"
"da_nang_hue_hoi_an:doi_vong_canh","Đồi Vọng Cảnh","da_nang_hue_hoi_an"
"da_nang_hue_hoi_an:hoi_quan_phuc_kien","Hội Quán Phúc Kiến","da_nang_hue_hoi_an"
"da_nang_hue_hoi_an:lang_huong_thuy_xuan","Làng Hương Thủy Xuân","da_nang_hue_hoi_an"
"da_nang_hue_hoi_an:lang_khai_dinh","Lăng Khải Định","da_nang_hue_hoi_an"
"da_nang_hue_hoi_an:lang_minh_mang","Lăng Minh Mạng","da_nang_hue_hoi_an"
"da_nang_hue_hoi_an:lang_tu_duc","Lăng Tự Đức","da_nang_hue_hoi_an"
"da_nang_hue_hoi_an:ngu_hanh_son","Ngũ Hành Sơn","da_nang_hue_hoi_an"
"da_nang_hue_hoi_an:nha_co_tan_ky","Nhà Cổ Tấn Ký","da_nang_hue_hoi_an"
"da_nang_hue_hoi_an:nui_than_tai","Núi Thần Tài","da_nang_hue_hoi_an"
"da_nang_hue_hoi_an:pha_tam_giang","Phá Tam Giang","da_nang_hue_hoi_an"
"da_nang_hue_hoi_an:pho_co_hoi_an","Phố Cổ Hội An","da_nang_hue_hoi_an"
"da_nang_hue_hoi_an:rung_dua_bay_mau","Rừng Dừa Bảy Mẫu","da_nang_hue_hoi_an"
"da_nang_hue_hoi_an:song_hoai","Sông Hoài","da_nang_hue_hoi_an"
"da_nang_hue_hoi_an:song_huong","Sông Hương","da_nang_hue_hoi_an"
"da_nang_hue_hoi_an:thanh_dia_la_vang","Thánh Địa La Vang","da_nang_hue_hoi_an"
"da_nang_hue_hoi_an:thanh_dia_my_son","Thánh Địa Mỹ Sơn","da_nang_hue_hoi_an"
"ha_noi:ban_cat_cat","Bản Cát Cát","ha_noi"
"ha_noi:ban_lac","Bản Lác","ha_noi"
"ha_noi:bao_tang_dan_toc_hoc","Bảo Tàng Dân Tộc Học","ha_noi"
"ha_noi:cau_the_huc","Cầu Thê Húc","ha_noi"
"ha_noi:chua_bai_dinh","Chùa Bái Đính","ha_noi"
"ha_noi:chua_huong","Chùa Hương","ha_noi"
"ha_noi:chua_mot_cot","Chùa Một Cột","ha_noi"
"ha_noi:chua_tran_quoc","Chùa Trấn Quốc","ha_noi"
"ha_noi:den_ngoc_son","Đền Ngọc Sơn","ha_noi"
"ha_noi:dong_thien_cung","Động Thiên Cung","ha_noi"
"ha_noi:fansipan","Fansipan","ha_noi"
"ha_noi:hang_mua","Hang Múa","ha_noi"
"ha_noi:hang_sung_sot","Hang Sửng Sốt","ha_noi"
"ha_noi:ho_dai_lai","Hồ Đại Lải","ha_noi"
"ha_noi:ho_hoan_kiem","Hồ Hoàn Kiếm","ha_noi"
"ha_noi:ho_tay","Hồ Tây","ha_noi"
"ha_noi:hoa_lu","Hoa Lư","ha_noi"
"ha_noi:lang_chu_tich_ho_chi_minh","Lăng Chủ Tịch Hồ Chí Minh","ha_noi"
"ha_noi:lang_co_duong_lam","Làng Cổ Đường Lâm","ha_noi"
"ha_noi:lang_gom_bat_trang","Làng Gốm Bát Tràng","ha_noi"
"ha_noi:mai_chau","Mai Châu","ha_noi"
"ha_noi:moana_sapa","Moana Sapa","ha_noi"
"ha_noi:nha_hat_lon_ha_noi","Nhà Hát Lớn Hà Nội","ha_noi"
"ha_noi:nha_tho_da_sapa","Nhà Thờ Đá Sapa","ha_noi"
"ha_noi:nha_tu_hoa_lo","Nhà Tù Hỏa Lò","ha_noi"
"ha_noi:pho_co_ha_noi","Phố Cổ Hà Nội","ha_noi"
"ha_noi:tam_coc","Tam Cốc","ha_noi"
"ha_noi:trang_an","Tràng An","ha_noi"
"ha_noi:tuan_chau","Tuần Châu","ha_noi"
"ha_noi:van_mieu_quoc_tu_giam","Văn Miếu Quốc Tử Giám","ha_noi"
"ha_noi:vinh_ha_long","Vịnh Hạ Long","ha_noi"
"ha_noi:vuon_quoc_gia_ba_vi","Vườn Quốc Gia Ba Vì","ha_noi"
"ha_noi:yen_tu","Yên Tử","ha_noi"
"phan_thiet:bai_da_ong_dia","Bãi Đá Ông Địa","phan_thiet"
"phan_thiet:bao_tang_ngoc_trai","Bảo Tàng Ngọc Trai","phan_thiet"
"phan_thiet:bau_sen","Bàu Sen","phan_thiet"
"phan_thiet:bau_trang","Bàu Trắng","phan_thiet"
"phan_thiet:bien_mui_ne","Biển Mũi Né","phan_thiet"
"phan_thiet:cho_phan_thiet","Chợ Phan Thiết","phan_thiet"
"phan_thiet:circus_land","Circus Land","phan_thiet"
"phan_thiet:cong_vien_bikini_beach","Công Viên Bikini Beach","phan_thiet"
"phan_thiet:dinh_van_thuy_tu","Dinh Vạn Thủy Tú","phan_thiet"
"phan_thiet:doi_cat_bay","Đồi Cát Bay","phan_thiet"
"phan_thiet:hon_rom","Hòn Rơm","phan_thiet"
"phan_thiet:lang_chai_mui_ne","Làng Chài Mũi Né","phan_thiet"
"phan_thiet:lau_dai_ruou_vang","Lâu Đài Rượu Vang","phan_thiet"
"phan_thiet:lau_ong_hoang","Lầu Ông Hoàng","phan_thiet"
"phan_thiet:mui_ke_ga","Mũi Kê Gà","phan_thiet"
"phan_thiet:novaworld_phan_thiet","NovaWorld Phan Thiết","phan_thiet"
"phan_thiet:nui_ta_cu","Núi Tà Cú","phan_thiet"
"phan_thiet:sea_links_city","Sea Links City","phan_thiet"
"phan_thiet:sea_links_golf","Sea Links Golf","phan_thiet"
"phan_thiet:suoi_tien","Suối Tiên","phan_thiet"
"phan_thiet:thap_cham_poshanu","Tháp Chàm Poshanu","phan_thiet"
"phan_thiet:truong_duc_thanh","Trường Dục Thanh","phan_thiet"
"vung_tau:bach_dinh","Bạch Dinh","vung_tau"
"vung_tau:bai_bien_298","Bãi Biển 298","vung_tau"
"vung_tau:bai_dau","Bãi Dâu","vung_tau"
"vung_tau:bai_sau","Bãi Sau","vung_tau"
"vung_tau:bai_truoc","Bãi Trước","vung_tau"
"vung_tau:bien_ho_coc","Biển Hồ Cốc","vung_tau"
"vung_tau:bien_ho_tram","Biển Hồ Tràm","vung_tau"
"vung_tau:bien_long_hai","Biển Long Hải","vung_tau"
"vung_tau:bien_tropicana","Biển Tropicana","vung_tau"
"vung_tau:cau_ngam_bien_hamptons","Cầu Ngắm Biển Hamptons","vung_tau"
"vung_tau:cau_tinh_yeu_long_hai","Cầu Tình Yêu Long Hải","vung_tau"
"vung_tau:cong_vien_rung_minera","Công Viên Rừng Minera","vung_tau"
"vung_tau:dai_tong_lam","Đại Tòng Lâm","vung_tau"
"vung_tau:dao_long_son","Đảo Long Sơn","vung_tau"
"vung_tau:deo_nuoc_ngot","Đèo Nước Ngọt","vung_tau"
"vung_tau:dinh_co","Dinh Cô","vung_tau"
"vung_tau:doi_cuu_suoi_nghe","Đồi Cừu Suối Nghệ","vung_tau"
"vung_tau:ho_may","Hồ Mây","vung_tau"
"vung_tau:ho_suoi_mo_binh_chau","Hồ Suối Mơ Bình Châu","vung_tau"
"vung_tau:hon_ba","Hòn Bà","vung_tau"
"vung_tau:kdl_bien_dong","KDL Biển Đông","vung_tau"
"vung_tau:kdl_ngoc_xuong","KDL Ngọc Xương","vung_tau"
"vung_tau:khu_gieng_troi_binh_chau","Khu Giếng Trời Bình Châu","vung_tau"
"vung_tau:lang_ca_ong","Lăng Cá Ông","vung_tau"
"vung_tau:marina_vung_tau","Marina Vũng Tàu","vung_tau"
"vung_tau:mui_nghinh_phong","Mũi Nghinh Phong","vung_tau"
"vung_tau:ngon_hai_dang_vung_tau","Ngọn Hải Đăng Vũng Tàu","vung_tau"
"vung_tau:nha_lon_long_son","Nhà Lớn Long Sơn","vung_tau"
"vung_tau:niet_ban_tinh_xa","Niết Bàn Tịnh Xá","vung_tau"
"vung_tau:nong_trai_cuu","Nông Trại Cừu","vung_tau"
"vung_tau:nui_minh_dam","Núi Minh Đạm","vung_tau"
"vung_tau:suoi_da","Suối Đá","vung_tau"
"vung_tau:suoi_nuoc_nong_binh_chau","Suối Nước Nóng Bình Châu","vung_tau"
"vung_tau:thap_tam_thang","Tháp Tam Thắng","vung_tau"
"vung_tau:thap_vong_thien","Tháp Vọng Thiên","vung_tau"
"vung_tau:thich_ca_phat_dai","Thích Ca Phật Đài","vung_tau"
"vung_tau:thien_vien_thuong_chieu","Thiền Viện Thường Chiếu","vung_tau"
"vung_tau:thien_vien_truc_lam_chan_nguyen","Thiền Viện Trúc Lâm Chân Nguyên","vung_tau"
"vung_tau:tuong_chua_kito","Tượng Chúa Kitô","vung_tau"
